ISO-10303-21;
HEADER;
FILE_DESCRIPTION(('ViewDefinition[DesignTransferView]'),'2;1');
FILE_NAME('/dev/null','2026-10-08T16:21:32+02:00',(''),(''),'IfcOpenShell 0.9.0','IfcOpenShell 0.9.0','Nobody');
FILE_SCHEMA(('IFC2X3'));
ENDSEC;
DATA;
#1=IFCORGANIZATION('AS12','Projektteam Ashausener Str. 12',$,$,$);
#2=IFCPERSON('Planung','Projektteam','Planung',$,$,$,$,$);
#3=IFCPERSONANDORGANIZATION(#2,#1,$);
#4=IFCAPPLICATION(#1,'0.9','gen_ifc.py (IfcOpenShell 0.9)','gen_ifc');
#5=IFCOWNERHISTORY(#3,#4,.READWRITE.,.ADDED.,1791469292,#3,#4,1791469292);
#6=IFCPROJECT('2WMoUn8QP7WBPg9NYhCwOH',#5,'Oberhofer \X2\2013\X0\ Ashausener Str. 12, Stelle','Bestand (mit Innenw\X2\00E4\X0\nden EG/DG) + Neubau Bungalow V1 (Vorentwurf) \X2\2013\X0\ Stand 08.10.2026',$,$,$,(#19,#25),#14);
#7=IFCSIUNIT(*,.LENGTHUNIT.,$,.METRE.);
#8=IFCSIUNIT(*,.AREAUNIT.,$,.SQUARE_METRE.);
#9=IFCSIUNIT(*,.VOLUMEUNIT.,$,.CUBIC_METRE.);
#10=IFCDIMENSIONALEXPONENTS(0,0,0,0,0,0,0);
#11=IFCSIUNIT(*,.PLANEANGLEUNIT.,$,.RADIAN.);
#12=IFCMEASUREWITHUNIT(IFCREAL(0.017453292519943295),#11);
#13=IFCCONVERSIONBASEDUNIT(#10,.PLANEANGLEUNIT.,'degree',#12);
#14=IFCUNITASSIGNMENT((#13,#7,#8,#9));
#15=IFCCARTESIANPOINT((0.,0.,0.));
#16=IFCDIRECTION((0.,0.,1.));
#17=IFCDIRECTION((1.,0.,0.));
#18=IFCAXIS2PLACEMENT3D(#15,#16,#17);
#19=IFCGEOMETRICREPRESENTATIONCONTEXT($,'Model',3,1.E-05,#18,#27);
#20=IFCGEOMETRICREPRESENTATIONSUBCONTEXT('Body','Model',*,*,*,*,#19,$,.MODEL_VIEW.,$);
#21=IFCGEOMETRICREPRESENTATIONSUBCONTEXT('Axis','Model',*,*,*,*,#19,$,.GRAPH_VIEW.,$);
#22=IFCCARTESIANPOINT((0.,0.));
#23=IFCDIRECTION((1.,0.));
#24=IFCAXIS2PLACEMENT2D(#22,#23);
#25=IFCGEOMETRICREPRESENTATIONCONTEXT($,'Plan',2,1.E-05,#24,$);
#26=IFCGEOMETRICREPRESENTATIONSUBCONTEXT('FootPrint','Plan',*,*,*,*,#25,$,.PLAN_VIEW.,$);
#27=IFCDIRECTION((-0.847272,0.531159));
#28=IFCOWNERHISTORY(#3,#4,.READWRITE.,.MODIFIED.,1791469295,#3,#4,1791469292);
#29=IFCSITE('04I7ZjgS90Bwz2T6iQAkcY',#28,'Ashausener Str. 12 / Am Osterfeld, 21435 Stelle \X2\2013\X0\ Flur 6, Flst. 121/1 + 121/2','Lokales Koordinatensystem (m): Ursprung = Au\X2\00DF\X0\enecke Hauptbau Stra\X2\00DF\X0\enseite/NW (Tektur-Punkt A), x entlang Stra\X2\00DF\X0\enfassade, z = Gel\X2\00E4\X0\nde \X2\00B1\X0\0,00. Geolage nur grob (\X2\00B1\X0\0,5 km), keine amtliche Georeferenzierung.',$,#36,#70,$,.ELEMENT.,(53,23,2,400000),(10,6,39,600000),0.,$,$);
#30=IFCOWNERHISTORY(#3,#4,.READWRITE.,.ADDED.,1791469293,#3,#4,1791469293);
#31=IFCRELAGGREGATES('0q6ADXfU16f8n3ZZu_ftYM',#30,$,$,#6,(#29));
#32=IFCCARTESIANPOINT((0.,0.,0.));
#33=IFCDIRECTION((0.,0.,1.));
#34=IFCDIRECTION((1.,0.,0.));
#35=IFCAXIS2PLACEMENT3D(#32,#33,#34);
#36=IFCLOCALPLACEMENT($,#35);
#37=IFCOWNERHISTORY(#3,#4,.READWRITE.,.ADDED.,1791469293,#3,#4,1791469293);
#38=IFCPROPERTYSET('3f0pxcgjz5NvIdzwPZ41hl',#37,'Pset_SiteCommon',$,(#41,#42));
#39=IFCOWNERHISTORY(#3,#4,.READWRITE.,.ADDED.,1791469293,#3,#4,1791469293);
#40=IFCRELDEFINESBYPROPERTIES('3Sw5UHENrC5Pp4x_eszGbH',#39,$,$,(#29),#38);
#41=IFCPROPERTYSINGLEVALUE('TotalArea',$,IFCAREAMEASURE(2199.),$);
#42=IFCPROPERTYSINGLEVALUE('SiteCoverageRatio',$,IFCREAL(0.25),$);
#43=IFCOWNERHISTORY(#3,#4,.READWRITE.,.ADDED.,1791469295,#3,#4,1791469295);
#44=IFCPROPERTYSET('18xM3FLWP27euJ_lJg$qI9',#43,'Oberhofer_Flurstuecke',$,(#47,#48,#49,#50,#51,#52,#53,#54,#55));
#45=IFCOWNERHISTORY(#3,#4,.READWRITE.,.ADDED.,1791469295,#3,#4,1791469295);
#46=IFCRELDEFINESBYPROPERTIES('2OmXv2iTr3$RzAq00QNGlp',#45,$,$,(#29),#44);
#47=IFCPROPERTYSINGLEVALUE('Flst_121_1_Flaeche_ALKIS_m2',$,IFCREAL(1497.),$);
#48=IFCPROPERTYSINGLEVALUE('Flst_121_1_Flaeche_Lageplan_m2',$,IFCREAL(1494.),$);
#49=IFCPROPERTYSINGLEVALUE('Flst_121_1_Nutzung',$,IFCLABEL('Bestand Wohnhaus, Garage/Ger\X2\00E4\X0\tehaus'),$);
#50=IFCPROPERTYSINGLEVALUE('Flst_121_2_Flaeche_ALKIS_m2',$,IFCREAL(702.),$);
#51=IFCPROPERTYSINGLEVALUE('Flst_121_2_Flaeche_Lageplan_m2',$,IFCREAL(701.1),$);
#52=IFCPROPERTYSINGLEVALUE('Flst_121_2_Nutzung',$,IFCLABEL('Garten, geplant Neubau Bungalow V1'),$);
#53=IFCPROPERTYSINGLEVALUE('BPlan',$,IFCLABEL('B-Plan 32/50 \X2\201E\X0\Osterfeld West\X2\201C\X0\ (1980/82): WA I, GRZ 0,25, GFZ 0,25, offene Bauweise, nur E/D'),$);
#54=IFCPROPERTYSINGLEVALUE('Baugrenze_121_2',$,IFCLABEL('7 m zu Am Osterfeld, 3 m seitlich, 0 m zu 121/1'),$);
#55=IFCPROPERTYSINGLEVALUE('Quelle',$,IFCLABEL('ALKIS (LGLN, abgerufen 29.08.2026), Liegenschaftsgrafik LGLN 28.01.2026 (Grenzen \X2\00B1\X0\0,25 m)'),$);
#56=IFCCARTESIANPOINT((-14.186877421530506,-10.133057592555087));
#57=IFCCARTESIANPOINT((-14.223886349496608,0.09420033117372865));
#58=IFCCARTESIANPOINT((-22.614073400344065,10.959574365072033));
#59=IFCCARTESIANPOINT((6.0475342394864455,33.44621099642796));
#60=IFCCARTESIANPOINT((38.80653470982542,-8.662012846792377));
#61=IFCCARTESIANPOINT((-14.186877421530506,-10.133057592555087));
#62=IFCPOLYLINE((#56,#57,#58,#59,#60,#61));
#63=IFCCARTESIANPOINT((-22.614073400344065,10.959574365072033));
#64=IFCCARTESIANPOINT((-34.4286017774627,26.173905661682202));
#65=IFCCARTESIANPOINT((-5.789511027462708,48.62464729727542));
#66=IFCCARTESIANPOINT((6.0475342394864455,33.44621099642796));
#67=IFCCARTESIANPOINT((-22.614073400344065,10.959574365072033));
#68=IFCPOLYLINE((#63,#64,#65,#66,#67));
#69=IFCSHAPEREPRESENTATION(#26,'FootPrint','Curve2D',(#62,#68));
#70=IFCPRODUCTDEFINITIONSHAPE($,$,(#69));
#71=IFCOWNERHISTORY(#3,#4,.READWRITE.,.MODIFIED.,1791469295,#3,#4,1791469295);
#72=IFCBUILDING('1NOLE3f5b898WxMZuhNqEr',#71,'Bestand Wohnhaus Ashausener Str. 12','Bestand, eingeschossig + ausgebautes DG, Kr\X2\00FC\X0\ppelwalm mit Zwerchhaus, Anbau hinten, Windfang-Erker',$,#79,$,$,.ELEMENT.,$,$,$);
#73=IFCOWNERHISTORY(#3,#4,.READWRITE.,.MODIFIED.,1791469295,#3,#4,1791469295);
#74=IFCRELAGGREGATES('0eXhwN9LT5aQA0ysI0wVzp',#73,$,$,#29,(#72,#120,#104));
#75=IFCCARTESIANPOINT((0.,0.,0.));
#76=IFCDIRECTION((0.,0.,1.));
#77=IFCDIRECTION((1.,0.,0.));
#78=IFCAXIS2PLACEMENT3D(#75,#76,#77);
#79=IFCLOCALPLACEMENT(#36,#78);
#80=IFCOWNERHISTORY(#3,#4,.READWRITE.,.MODIFIED.,1791469295,#3,#4,1791469295);
#81=IFCBUILDINGSTOREY('2VktQ7fOv01w8vgiFCMMGM',#80,'KG',$,$,#88,$,$,.ELEMENT.,-2.);
#82=IFCOWNERHISTORY(#3,#4,.READWRITE.,.MODIFIED.,1791469295,#3,#4,1791469295);
#83=IFCRELAGGREGATES('1D9q4ZdWrFxxo$jIAyfnZO',#82,$,$,#72,(#90,#97,#81));
#84=IFCCARTESIANPOINT((0.,0.,-2.));
#85=IFCDIRECTION((0.,0.,1.));
#86=IFCDIRECTION((1.,0.,0.));
#87=IFCAXIS2PLACEMENT3D(#84,#85,#86);
#88=IFCLOCALPLACEMENT(#79,#87);
#89=IFCOWNERHISTORY(#3,#4,.READWRITE.,.MODIFIED.,1791469295,#3,#4,1791469295);
#90=IFCBUILDINGSTOREY('0jTB1Q02X2MA_6r1harf9x',#89,'EG',$,$,#95,$,$,.ELEMENT.,0.5);
#91=IFCCARTESIANPOINT((0.,0.,0.5));
#92=IFCDIRECTION((0.,0.,1.));
#93=IFCDIRECTION((1.,0.,0.));
#94=IFCAXIS2PLACEMENT3D(#91,#92,#93);
#95=IFCLOCALPLACEMENT(#79,#94);
#96=IFCOWNERHISTORY(#3,#4,.READWRITE.,.MODIFIED.,1791469295,#3,#4,1791469295);
#97=IFCBUILDINGSTOREY('3k1KtQQI56IhBhH4VrrGd7',#96,'DG',$,$,#102,$,$,.ELEMENT.,3.5);
#98=IFCCARTESIANPOINT((0.,0.,3.5));
#99=IFCDIRECTION((0.,0.,1.));
#100=IFCDIRECTION((1.,0.,0.));
#101=IFCAXIS2PLACEMENT3D(#98,#99,#100);
#102=IFCLOCALPLACEMENT(#79,#101);
#103=IFCOWNERHISTORY(#3,#4,.READWRITE.,.MODIFIED.,1791469295,#3,#4,1791469295);
#104=IFCBUILDING('0xH4LzLaX5_ufHFeWnIsUZ',#103,'Bestand Garage / Ger\X2\00E4\X0\tehaus','Bestand Nebengeb\X2\00E4\X0\ude: Riegel Garage/Kammer/Lager 9,35 \X2\00D7\X0\ 3,25 m + Ger\X2\00E4\X0\tehaus 5,00 \X2\00D7\X0\ 5,00 m, gemeinsames T-Dach',$,#109,$,$,.ELEMENT.,$,$,$);
#105=IFCCARTESIANPOINT((0.,0.,0.));
#106=IFCDIRECTION((0.,0.,1.));
#107=IFCDIRECTION((1.,0.,0.));
#108=IFCAXIS2PLACEMENT3D(#105,#106,#107);
#109=IFCLOCALPLACEMENT(#36,#108);
#110=IFCOWNERHISTORY(#3,#4,.READWRITE.,.MODIFIED.,1791469295,#3,#4,1791469295);
#111=IFCBUILDINGSTOREY('0XBUdiPNH9nvgmj1V7uIPb',#110,'EG',$,$,#118,$,$,.ELEMENT.,0.);
#112=IFCOWNERHISTORY(#3,#4,.READWRITE.,.ADDED.,1791469295,#3,#4,1791469295);
#113=IFCRELAGGREGATES('0uQDcdtDLERfQ45wZ2bvrB',#112,$,$,#104,(#111));
#114=IFCCARTESIANPOINT((0.,0.,0.));
#115=IFCDIRECTION((0.,0.,1.));
#116=IFCDIRECTION((1.,0.,0.));
#117=IFCAXIS2PLACEMENT3D(#114,#115,#116);
#118=IFCLOCALPLACEMENT(#109,#117);
#119=IFCOWNERHISTORY(#3,#4,.READWRITE.,.MODIFIED.,1791469295,#3,#4,1791469295);
#120=IFCBUILDING('1LTGuLJjr1xhqzGzeKKAAs',#119,'Neubau Bungalow V1 (Vorentwurf)','Vorentwurf V1 \X2\201E\X0\0.1.5 kompakt\X2\201C\X0\ 19,00 \X2\00D7\X0\ 9,20 m, GR 174,8 m\X2\00B2\X0\, Flachdach mit Attika H 3,40 m, Flst. 121/2 \X2\2013\X0\ NICHT \X2\00D6\X0\FFENTLICH',$,#125,$,$,.ELEMENT.,$,$,$);
#121=IFCCARTESIANPOINT((0.,0.,0.));
#122=IFCDIRECTION((0.,0.,1.));
#123=IFCDIRECTION((1.,0.,0.));
#124=IFCAXIS2PLACEMENT3D(#121,#122,#123);
#125=IFCLOCALPLACEMENT(#36,#124);
#126=IFCOWNERHISTORY(#3,#4,.READWRITE.,.MODIFIED.,1791469295,#3,#4,1791469295);
#127=IFCBUILDINGSTOREY('1F73qEv5HBihkHSSJY_qpT',#126,'EG',$,$,#134,$,$,.ELEMENT.,0.);
#128=IFCOWNERHISTORY(#3,#4,.READWRITE.,.ADDED.,1791469295,#3,#4,1791469295);
#129=IFCRELAGGREGATES('0p35dFCqH4owbNQQJN0Spz',#128,$,$,#120,(#127));
#130=IFCCARTESIANPOINT((0.,0.,0.));
#131=IFCDIRECTION((0.,0.,1.));
#132=IFCDIRECTION((1.,0.,0.));
#133=IFCAXIS2PLACEMENT3D(#130,#131,#132);
#134=IFCLOCALPLACEMENT(#125,#133);
#135=IFCOWNERHISTORY(#3,#4,.READWRITE.,.ADDED.,1791469295,#3,#4,1791469295);
#136=IFCPROPERTYSET('1XXTKhn9D7YPDnAKc9pdja',#135,'Oberhofer_Info',$,(#139,#140));
#137=IFCOWNERHISTORY(#3,#4,.READWRITE.,.ADDED.,1791469295,#3,#4,1791469295);
#138=IFCRELDEFINESBYPROPERTIES('23NWgq1un7lhel9kS6nLvf',#137,$,$,(#72),#136);
#139=IFCPROPERTYSINGLEVALUE('Status',$,IFCLABEL('Bestand'),$);
#140=IFCPROPERTYSINGLEVALUE('Quelle',$,IFCLABEL('Tektur (Ansichten, EG/DG/Keller), Lageplan LGLN 2026, Fotos'),$);
#141=IFCOWNERHISTORY(#3,#4,.READWRITE.,.ADDED.,1791469295,#3,#4,1791469295);
#142=IFCPROPERTYSET('2lOTs9uQP0ZuLu7K8XuaI_',#141,'Oberhofer_Info',$,(#145,#146));
#143=IFCOWNERHISTORY(#3,#4,.READWRITE.,.ADDED.,1791469295,#3,#4,1791469295);
#144=IFCRELDEFINESBYPROPERTIES('1s0sgaTEr3au0Wb763nc_y',#143,$,$,(#104),#142);
#145=IFCPROPERTYSINGLEVALUE('Status',$,IFCLABEL('Bestand'),$);
#146=IFCPROPERTYSINGLEVALUE('Quelle',$,IFCLABEL('Garagen-Tektur, Lageplan LGLN 2026, Fotos'),$);
#147=IFCOWNERHISTORY(#3,#4,.READWRITE.,.ADDED.,1791469295,#3,#4,1791469295);
#148=IFCPROPERTYSET('0qPsx7cAHDRBoLV1E7ZH8f',#147,'Oberhofer_Info',$,(#151,#152));
#149=IFCOWNERHISTORY(#3,#4,.READWRITE.,.ADDED.,1791469295,#3,#4,1791469295);
#150=IFCRELDEFINESBYPROPERTIES('1YNox8pxPDH8prH7$6VrdJ',#149,$,$,(#120),#148);
#151=IFCPROPERTYSINGLEVALUE('Status',$,IFCLABEL('Neubau Vorentwurf V1'),$);
#152=IFCPROPERTYSINGLEVALUE('Quelle',$,IFCLABEL('Raumteilung nach T. Oberhofer \X2\201E\X0\_Neubau 0.1.5\X2\201C\X0\, auf 40-cm-Au\X2\00DF\X0\enw\X2\00E4\X0\nde umgerechnet'),$);
#153=IFCOWNERHISTORY(#3,#4,.READWRITE.,.ADDED.,1791469295,#3,#4,1791469295);
#154=IFCPROPERTYSET('3F$avbPFf2UxY5fc44q4P3',#153,'Pset_BuildingCommon',$,(#157,#158));
#155=IFCOWNERHISTORY(#3,#4,.READWRITE.,.ADDED.,1791469295,#3,#4,1791469295);
#156=IFCRELDEFINESBYPROPERTIES('1avGgS6JD9mhgivSLYh35k',#155,$,$,(#120),#154);
#157=IFCPROPERTYSINGLEVALUE('NumberOfStoreys',$,IFCINTEGER(1),$);
#158=IFCPROPERTYSINGLEVALUE('GrossPlannedArea',$,IFCAREAMEASURE(174.8),$);
#159=IFCOWNERHISTORY(#3,#4,.READWRITE.,.ADDED.,1791469295,#3,#4,1791469295);
#160=IFCWALLTYPE('3PTMNVPsbBxh7OBrVmitS7',#159,'AW Bestand Klinker zweischalig 36,5',$,$,$,$,$,'SOLIDWALL',.USERDEFINED.);
#161=IFCMATERIALLAYERSET((#170,#179,#188),'AW Bestand Klinker zweischalig 36,5');
#162=IFCMATERIAL('Klinker (Vormauerschale)');
#163=IFCSURFACESTYLE('Klinker (Vormauerschale)',.BOTH.,(#164));
#164=IFCSURFACESTYLESHADING(#165);
#165=IFCCOLOURRGB($,0.55,0.2,0.1);
#166=IFCPRESENTATIONSTYLEASSIGNMENT((#163));
#167=IFCSTYLEDITEM($,(#166),'Klinker (Vormauerschale)');
#168=IFCSTYLEDREPRESENTATION(#20,'Body',$,(#167));
#169=IFCMATERIALDEFINITIONREPRESENTATION($,$,(#168),#162);
#170=IFCMATERIALLAYER(#162,0.115,$);
#171=IFCMATERIAL('Luftschicht/D\X2\00E4\X0\mmung (Annahme)');
#172=IFCSURFACESTYLE('Luftschicht/D\X2\00E4\X0\mmung (Annahme)',.BOTH.,(#173));
#173=IFCSURFACESTYLESHADING(#174);
#174=IFCCOLOURRGB($,0.93,0.92,0.89);
#175=IFCPRESENTATIONSTYLEASSIGNMENT((#172));
#176=IFCSTYLEDITEM($,(#175),'Luftschicht/D\X2\00E4\X0\mmung (Annahme)');
#177=IFCSTYLEDREPRESENTATION(#20,'Body',$,(#176));
#178=IFCMATERIALDEFINITIONREPRESENTATION($,$,(#177),#171);
#179=IFCMATERIALLAYER(#171,0.075,$);
#180=IFCMATERIAL('Mauerwerk KS (Annahme)');
#181=IFCSURFACESTYLE('Mauerwerk KS (Annahme)',.BOTH.,(#182));
#182=IFCSURFACESTYLESHADING(#183);
#183=IFCCOLOURRGB($,0.93,0.92,0.89);
#184=IFCPRESENTATIONSTYLEASSIGNMENT((#181));
#185=IFCSTYLEDITEM($,(#184),'Mauerwerk KS (Annahme)');
#186=IFCSTYLEDREPRESENTATION(#20,'Body',$,(#185));
#187=IFCMATERIALDEFINITIONREPRESENTATION($,$,(#186),#180);
#188=IFCMATERIALLAYER(#180,0.175,$);
#189=IFCOWNERHISTORY(#3,#4,.READWRITE.,.ADDED.,1791469295,#3,#4,1791469295);
#190=IFCRELASSOCIATESMATERIAL('3xQnE9nXj3mfTx1n_8y19$',#189,$,$,(#160),#161);
#191=IFCOWNERHISTORY(#3,#4,.READWRITE.,.ADDED.,1791469295,#3,#4,1791469295);
#192=IFCWALLTYPE('2BOsajSMr7ov5_gIxfsTUW',#191,'AW Bestand Klinker 30 (Anbau/Erker)',$,$,$,$,$,'SOLIDWALL',.USERDEFINED.);
#193=IFCMATERIALLAYERSET((#194,#195),'AW Bestand Klinker 30 (Anbau/Erker)');
#194=IFCMATERIALLAYER(#162,0.115,$);
#195=IFCMATERIALLAYER(#180,0.185,$);
#196=IFCOWNERHISTORY(#3,#4,.READWRITE.,.ADDED.,1791469295,#3,#4,1791469295);
#197=IFCRELASSOCIATESMATERIAL('2FagdDGML6seHqTrwQTCzA',#196,$,$,(#192),#193);
#198=IFCOWNERHISTORY(#3,#4,.READWRITE.,.ADDED.,1791469295,#3,#4,1791469295);
#199=IFCWALLTYPE('0VfYgQzd1EqvjOc4H93K7M',#198,'AW Bestand Zwerchhaus-Wange 24',$,$,$,$,$,'SOLIDWALL',.USERDEFINED.);
#200=IFCMATERIALLAYERSET((#201,#202),'AW Bestand Zwerchhaus-Wange 24');
#201=IFCMATERIALLAYER(#162,0.115,$);
#202=IFCMATERIALLAYER(#180,0.125,$);
#203=IFCOWNERHISTORY(#3,#4,.READWRITE.,.ADDED.,1791469295,#3,#4,1791469295);
#204=IFCRELASSOCIATESMATERIAL('22ALzMy$nBDebRUN4SDpBM',#203,$,$,(#199),#200);
#205=IFCOWNERHISTORY(#3,#4,.READWRITE.,.ADDED.,1791469295,#3,#4,1791469295);
#206=IFCWALLTYPE('2bsV74KQP1mxf986M4HAFm',#205,'KW Bestand Kellerwand 30 (Annahme)',$,$,$,$,$,'SOLIDWALL',.USERDEFINED.);
#207=IFCMATERIALLAYERSET((#216),'KW Bestand Kellerwand 30 (Annahme)');
#208=IFCMATERIAL('Beton/Mauerwerk Keller (Annahme)');
#209=IFCSURFACESTYLE('Beton/Mauerwerk Keller (Annahme)',.BOTH.,(#210));
#210=IFCSURFACESTYLESHADING(#211);
#211=IFCCOLOURRGB($,0.65,0.65,0.63);
#212=IFCPRESENTATIONSTYLEASSIGNMENT((#209));
#213=IFCSTYLEDITEM($,(#212),'Beton/Mauerwerk Keller (Annahme)');
#214=IFCSTYLEDREPRESENTATION(#20,'Body',$,(#213));
#215=IFCMATERIALDEFINITIONREPRESENTATION($,$,(#214),#208);
#216=IFCMATERIALLAYER(#208,0.3,$);
#217=IFCOWNERHISTORY(#3,#4,.READWRITE.,.ADDED.,1791469295,#3,#4,1791469295);
#218=IFCRELASSOCIATESMATERIAL('2Lzb6s2dPAfgnJxFkg6726',#217,$,$,(#206),#207);
#219=IFCOWNERHISTORY(#3,#4,.READWRITE.,.ADDED.,1791469295,#3,#4,1791469295);
#220=IFCWALLTYPE('0NF9grwXb0D8P1ISl9tAjA',#219,'AW Nebengeb\X2\00E4\X0\ude Ziegel 25',$,$,$,$,$,'SOLIDWALL',.USERDEFINED.);
#221=IFCMATERIALLAYERSET((#230),'AW Nebengeb\X2\00E4\X0\ude Ziegel 25');
#222=IFCMATERIAL('Vollziegel (Tektur 25 cm)');
#223=IFCSURFACESTYLE('Vollziegel (Tektur 25 cm)',.BOTH.,(#224));
#224=IFCSURFACESTYLESHADING(#225);
#225=IFCCOLOURRGB($,0.55,0.2,0.1);
#226=IFCPRESENTATIONSTYLEASSIGNMENT((#223));
#227=IFCSTYLEDITEM($,(#226),'Vollziegel (Tektur 25 cm)');
#228=IFCSTYLEDREPRESENTATION(#20,'Body',$,(#227));
#229=IFCMATERIALDEFINITIONREPRESENTATION($,$,(#228),#222);
#230=IFCMATERIALLAYER(#222,0.25,$);
#231=IFCOWNERHISTORY(#3,#4,.READWRITE.,.ADDED.,1791469295,#3,#4,1791469295);
#232=IFCRELASSOCIATESMATERIAL('3EJTIO_Y58AROXrgK3uTwL',#231,$,$,(#220),#221);
#233=IFCOWNERHISTORY(#3,#4,.READWRITE.,.ADDED.,1791469295,#3,#4,1791469295);
#234=IFCWALLTYPE('01YnXXf3X8K9WgBf8vsNV$',#233,'AW Neubau 40 verputzt',$,$,$,$,$,'SOLIDWALL',.USERDEFINED.);
#235=IFCMATERIALLAYERSET((#244,#253,#262),'AW Neubau 40 verputzt');
#236=IFCMATERIAL('Au\X2\00DF\X0\enputz hell');
#237=IFCSURFACESTYLE('Au\X2\00DF\X0\enputz hell',.BOTH.,(#238));
#238=IFCSURFACESTYLESHADING(#239);
#239=IFCCOLOURRGB($,0.93,0.92,0.89);
#240=IFCPRESENTATIONSTYLEASSIGNMENT((#237));
#241=IFCSTYLEDITEM($,(#240),'Au\X2\00DF\X0\enputz hell');
#242=IFCSTYLEDREPRESENTATION(#20,'Body',$,(#241));
#243=IFCMATERIALDEFINITIONREPRESENTATION($,$,(#242),#236);
#244=IFCMATERIALLAYER(#236,0.02,$);
#245=IFCMATERIAL('Hochlochziegel w\X2\00E4\X0\rmed\X2\00E4\X0\mmend');
#246=IFCSURFACESTYLE('Hochlochziegel w\X2\00E4\X0\rmed\X2\00E4\X0\mmend',.BOTH.,(#247));
#247=IFCSURFACESTYLESHADING(#248);
#248=IFCCOLOURRGB($,0.93,0.92,0.89);
#249=IFCPRESENTATIONSTYLEASSIGNMENT((#246));
#250=IFCSTYLEDITEM($,(#249),'Hochlochziegel w\X2\00E4\X0\rmed\X2\00E4\X0\mmend');
#251=IFCSTYLEDREPRESENTATION(#20,'Body',$,(#250));
#252=IFCMATERIALDEFINITIONREPRESENTATION($,$,(#251),#245);
#253=IFCMATERIALLAYER(#245,0.365,$);
#254=IFCMATERIAL('Innenputz');
#255=IFCSURFACESTYLE('Innenputz',.BOTH.,(#256));
#256=IFCSURFACESTYLESHADING(#257);
#257=IFCCOLOURRGB($,0.93,0.92,0.89);
#258=IFCPRESENTATIONSTYLEASSIGNMENT((#255));
#259=IFCSTYLEDITEM($,(#258),'Innenputz');
#260=IFCSTYLEDREPRESENTATION(#20,'Body',$,(#259));
#261=IFCMATERIALDEFINITIONREPRESENTATION($,$,(#260),#254);
#262=IFCMATERIALLAYER(#254,0.015,$);
#263=IFCOWNERHISTORY(#3,#4,.READWRITE.,.ADDED.,1791469295,#3,#4,1791469295);
#264=IFCRELASSOCIATESMATERIAL('1LLeuR2RzAuPzfrzFcy4l_',#263,$,$,(#234),#235);
#265=IFCOWNERHISTORY(#3,#4,.READWRITE.,.ADDED.,1791469295,#3,#4,1791469295);
#266=IFCWALLTYPE('2Wk$U5toX1M8AEho0mqC8S',#265,'IW Neubau 17,5 tragend',$,$,$,$,$,'SOLIDWALL',.USERDEFINED.);
#267=IFCMATERIALLAYERSET((#268,#277,#278),'IW Neubau 17,5 tragend');
#268=IFCMATERIALLAYER(#254,0.01,$);
#269=IFCMATERIAL('KS-Mauerwerk');
#270=IFCSURFACESTYLE('KS-Mauerwerk',.BOTH.,(#271));
#271=IFCSURFACESTYLESHADING(#272);
#272=IFCCOLOURRGB($,0.93,0.92,0.89);
#273=IFCPRESENTATIONSTYLEASSIGNMENT((#270));
#274=IFCSTYLEDITEM($,(#273),'KS-Mauerwerk');
#275=IFCSTYLEDREPRESENTATION(#20,'Body',$,(#274));
#276=IFCMATERIALDEFINITIONREPRESENTATION($,$,(#275),#269);
#277=IFCMATERIALLAYER(#269,0.155,$);
#278=IFCMATERIALLAYER(#254,0.01,$);
#279=IFCOWNERHISTORY(#3,#4,.READWRITE.,.ADDED.,1791469295,#3,#4,1791469295);
#280=IFCRELASSOCIATESMATERIAL('0vTGN70xX1z9QcUc55T28G',#279,$,$,(#266),#267);
#281=IFCOWNERHISTORY(#3,#4,.READWRITE.,.ADDED.,1791469295,#3,#4,1791469295);
#282=IFCWALLTYPE('35FG8$7wj3HfXysuOISfll',#281,'IW Neubau 11,5',$,$,$,$,$,'PARTITIONING',.USERDEFINED.);
#283=IFCMATERIALLAYERSET((#284,#285,#286),'IW Neubau 11,5');
#284=IFCMATERIALLAYER(#254,0.01,$);
#285=IFCMATERIALLAYER(#269,0.095,$);
#286=IFCMATERIALLAYER(#254,0.01,$);
#287=IFCOWNERHISTORY(#3,#4,.READWRITE.,.ADDED.,1791469295,#3,#4,1791469295);
#288=IFCRELASSOCIATESMATERIAL('1NWsCSZhPCjupjeuStzrut',#287,$,$,(#282),#283);
#289=IFCOWNERHISTORY(#3,#4,.READWRITE.,.ADDED.,1791469295,#3,#4,1791469295);
#290=IFCSLABTYPE('3qdhGuv_z1iuNdoSdc5j5Q',#289,'Decke Bestand 20 (Konstruktion unbekannt)',$,$,$,$,$,$,.FLOOR.);
#291=IFCMATERIALLAYERSET((#300),'Decke Bestand 20 (Konstruktion unbekannt)');
#292=IFCMATERIAL('Decke Bestand (Annahme)');
#293=IFCSURFACESTYLE('Decke Bestand (Annahme)',.BOTH.,(#294));
#294=IFCSURFACESTYLESHADING(#295);
#295=IFCCOLOURRGB($,0.65,0.65,0.63);
#296=IFCPRESENTATIONSTYLEASSIGNMENT((#293));
#297=IFCSTYLEDITEM($,(#296),'Decke Bestand (Annahme)');
#298=IFCSTYLEDREPRESENTATION(#20,'Body',$,(#297));
#299=IFCMATERIALDEFINITIONREPRESENTATION($,$,(#298),#292);
#300=IFCMATERIALLAYER(#292,0.2,$);
#301=IFCOWNERHISTORY(#3,#4,.READWRITE.,.ADDED.,1791469295,#3,#4,1791469295);
#302=IFCRELASSOCIATESMATERIAL('04AP_hHszCZA9QA4NdsksX',#301,$,$,(#290),#291);
#303=IFCOWNERHISTORY(#3,#4,.READWRITE.,.ADDED.,1791469295,#3,#4,1791469295);
#304=IFCSLABTYPE('3JO2QnKJH1wu$gvDhtGEGc',#303,'Bodenplatte Keller 15 (Annahme)',$,$,$,$,$,$,.BASESLAB.);
#305=IFCMATERIALLAYERSET((#314),'Bodenplatte Keller 15 (Annahme)');
#306=IFCMATERIAL('Beton');
#307=IFCSURFACESTYLE('Beton',.BOTH.,(#308));
#308=IFCSURFACESTYLESHADING(#309);
#309=IFCCOLOURRGB($,0.65,0.65,0.63);
#310=IFCPRESENTATIONSTYLEASSIGNMENT((#307));
#311=IFCSTYLEDITEM($,(#310),'Beton');
#312=IFCSTYLEDREPRESENTATION(#20,'Body',$,(#311));
#313=IFCMATERIALDEFINITIONREPRESENTATION($,$,(#312),#306);
#314=IFCMATERIALLAYER(#306,0.15,$);
#315=IFCOWNERHISTORY(#3,#4,.READWRITE.,.ADDED.,1791469295,#3,#4,1791469295);
#316=IFCRELASSOCIATESMATERIAL('2sKrlo4wTDyhVKybQaT8La',#315,$,$,(#304),#305);
#317=IFCOWNERHISTORY(#3,#4,.READWRITE.,.ADDED.,1791469295,#3,#4,1791469295);
#318=IFCSLABTYPE('3nfcJEXiH2BOtIPoCGzeQz',#317,'Bodenplatte Neubau 37',$,$,$,$,$,$,.BASESLAB.);
#319=IFCMATERIALLAYERSET((#328,#337,#346),'Bodenplatte Neubau 37');
#320=IFCMATERIAL('Stahlbeton');
#321=IFCSURFACESTYLE('Stahlbeton',.BOTH.,(#322));
#322=IFCSURFACESTYLESHADING(#323);
#323=IFCCOLOURRGB($,0.65,0.65,0.63);
#324=IFCPRESENTATIONSTYLEASSIGNMENT((#321));
#325=IFCSTYLEDITEM($,(#324),'Stahlbeton');
#326=IFCSTYLEDREPRESENTATION(#20,'Body',$,(#325));
#327=IFCMATERIALDEFINITIONREPRESENTATION($,$,(#326),#320);
#328=IFCMATERIALLAYER(#320,0.2,$);
#329=IFCMATERIAL('D\X2\00E4\X0\mmung');
#330=IFCSURFACESTYLE('D\X2\00E4\X0\mmung',.BOTH.,(#331));
#331=IFCSURFACESTYLESHADING(#332);
#332=IFCCOLOURRGB($,0.93,0.92,0.89);
#333=IFCPRESENTATIONSTYLEASSIGNMENT((#330));
#334=IFCSTYLEDITEM($,(#333),'D\X2\00E4\X0\mmung');
#335=IFCSTYLEDREPRESENTATION(#20,'Body',$,(#334));
#336=IFCMATERIALDEFINITIONREPRESENTATION($,$,(#335),#329);
#337=IFCMATERIALLAYER(#329,0.1,$);
#338=IFCMATERIAL('Estrich');
#339=IFCSURFACESTYLE('Estrich',.BOTH.,(#340));
#340=IFCSURFACESTYLESHADING(#341);
#341=IFCCOLOURRGB($,0.65,0.65,0.63);
#342=IFCPRESENTATIONSTYLEASSIGNMENT((#339));
#343=IFCSTYLEDITEM($,(#342),'Estrich');
#344=IFCSTYLEDREPRESENTATION(#20,'Body',$,(#343));
#345=IFCMATERIALDEFINITIONREPRESENTATION($,$,(#344),#338);
#346=IFCMATERIALLAYER(#338,0.07,$);
#347=IFCOWNERHISTORY(#3,#4,.READWRITE.,.ADDED.,1791469295,#3,#4,1791469295);
#348=IFCRELASSOCIATESMATERIAL('0Es5D03Gb5eA777VDfS0z7',#347,$,$,(#318),#319);
#349=IFCOWNERHISTORY(#3,#4,.READWRITE.,.ADDED.,1791469295,#3,#4,1791469295);
#350=IFCSLABTYPE('1_HCr5hlj0IP6Keba_Uq$o',#349,'Flachdach Neubau 44',$,$,$,$,$,$,.ROOF.);
#351=IFCMATERIALLAYERSET((#352,#361,#370,#379),'Flachdach Neubau 44');
#352=IFCMATERIALLAYER(#320,0.2,$);
#353=IFCMATERIAL('Gef\X2\00E4\X0\lled\X2\00E4\X0\mmung');
#354=IFCSURFACESTYLE('Gef\X2\00E4\X0\lled\X2\00E4\X0\mmung',.BOTH.,(#355));
#355=IFCSURFACESTYLESHADING(#356);
#356=IFCCOLOURRGB($,0.93,0.92,0.89);
#357=IFCPRESENTATIONSTYLEASSIGNMENT((#354));
#358=IFCSTYLEDITEM($,(#357),'Gef\X2\00E4\X0\lled\X2\00E4\X0\mmung');
#359=IFCSTYLEDREPRESENTATION(#20,'Body',$,(#358));
#360=IFCMATERIALDEFINITIONREPRESENTATION($,$,(#359),#353);
#361=IFCMATERIALLAYER(#353,0.18,$);
#362=IFCMATERIAL('Abdichtung');
#363=IFCSURFACESTYLE('Abdichtung',.BOTH.,(#364));
#364=IFCSURFACESTYLESHADING(#365);
#365=IFCCOLOURRGB($,0.2,0.21,0.22);
#366=IFCPRESENTATIONSTYLEASSIGNMENT((#363));
#367=IFCSTYLEDITEM($,(#366),'Abdichtung');
#368=IFCSTYLEDREPRESENTATION(#20,'Body',$,(#367));
#369=IFCMATERIALDEFINITIONREPRESENTATION($,$,(#368),#362);
#370=IFCMATERIALLAYER(#362,0.01,$);
#371=IFCMATERIAL('Kies');
#372=IFCSURFACESTYLE('Kies',.BOTH.,(#373));
#373=IFCSURFACESTYLESHADING(#374);
#374=IFCCOLOURRGB($,0.62,0.61,0.58);
#375=IFCPRESENTATIONSTYLEASSIGNMENT((#372));
#376=IFCSTYLEDITEM($,(#375),'Kies');
#377=IFCSTYLEDREPRESENTATION(#20,'Body',$,(#376));
#378=IFCMATERIALDEFINITIONREPRESENTATION($,$,(#377),#371);
#379=IFCMATERIALLAYER(#371,0.05,$);
#380=IFCOWNERHISTORY(#3,#4,.READWRITE.,.ADDED.,1791469295,#3,#4,1791469295);
#381=IFCRELASSOCIATESMATERIAL('3OGx63PJrCnv0m3rfoHFsZ',#380,$,$,(#350),#351);
#382=IFCOWNERHISTORY(#3,#4,.READWRITE.,.ADDED.,1791469295,#3,#4,1791469295);
#383=IFCSLABTYPE('2IihxWDf1AGhfYPoNEGurz',#382,'Boden Nebengeb\X2\00E4\X0\ude Zementestrich 10',$,$,$,$,$,$,.FLOOR.);
#384=IFCMATERIALLAYERSET((#393),'Boden Nebengeb\X2\00E4\X0\ude Zementestrich 10');
#385=IFCMATERIAL('Zementestrich (Tektur)');
#386=IFCSURFACESTYLE('Zementestrich (Tektur)',.BOTH.,(#387));
#387=IFCSURFACESTYLESHADING(#388);
#388=IFCCOLOURRGB($,0.65,0.65,0.63);
#389=IFCPRESENTATIONSTYLEASSIGNMENT((#386));
#390=IFCSTYLEDITEM($,(#389),'Zementestrich (Tektur)');
#391=IFCSTYLEDREPRESENTATION(#20,'Body',$,(#390));
#392=IFCMATERIALDEFINITIONREPRESENTATION($,$,(#391),#385);
#393=IFCMATERIALLAYER(#385,0.1,$);
#394=IFCOWNERHISTORY(#3,#4,.READWRITE.,.ADDED.,1791469295,#3,#4,1791469295);
#395=IFCRELASSOCIATESMATERIAL('3LMf7KE1nBgQ7ieUJv8ywD',#394,$,$,(#383),#384);
#396=IFCMATERIAL('Dachpfannen dunkel');
#397=IFCSURFACESTYLE('Dachpfannen dunkel',.BOTH.,(#398));
#398=IFCSURFACESTYLESHADING(#399);
#399=IFCCOLOURRGB($,0.2,0.16,0.14);
#400=IFCPRESENTATIONSTYLEASSIGNMENT((#397));
#401=IFCSTYLEDITEM($,(#400),'Dachpfannen dunkel');
#402=IFCSTYLEDREPRESENTATION(#20,'Body',$,(#401));
#403=IFCMATERIALDEFINITIONREPRESENTATION($,$,(#402),#396);
#404=IFCMATERIAL('Faserzement-Wellplatten braun (Eternit)');
#405=IFCSURFACESTYLE('Faserzement-Wellplatten braun (Eternit)',.BOTH.,(#406));
#406=IFCSURFACESTYLESHADING(#407);
#407=IFCCOLOURRGB($,0.4,0.3,0.22);
#408=IFCPRESENTATIONSTYLEASSIGNMENT((#405));
#409=IFCSTYLEDITEM($,(#408),'Faserzement-Wellplatten braun (Eternit)');
#410=IFCSTYLEDREPRESENTATION(#20,'Body',$,(#409));
#411=IFCMATERIALDEFINITIONREPRESENTATION($,$,(#410),#404);
#412=IFCMATERIAL('Blech (Erkerdach)');
#413=IFCSURFACESTYLE('Blech (Erkerdach)',.BOTH.,(#414));
#414=IFCSURFACESTYLESHADING(#415);
#415=IFCCOLOURRGB($,0.45,0.46,0.47);
#416=IFCPRESENTATIONSTYLEASSIGNMENT((#413));
#417=IFCSTYLEDITEM($,(#416),'Blech (Erkerdach)');
#418=IFCSTYLEDREPRESENTATION(#20,'Body',$,(#417));
#419=IFCMATERIALDEFINITIONREPRESENTATION($,$,(#418),#412);
#420=IFCMATERIAL('Fenster Kunststoff wei\X2\00DF\X0\');
#421=IFCSURFACESTYLE('Fenster Kunststoff wei\X2\00DF\X0\',.BOTH.,(#422));
#422=IFCSURFACESTYLESHADING(#423);
#423=IFCCOLOURRGB($,0.95,0.95,0.95);
#424=IFCPRESENTATIONSTYLEASSIGNMENT((#421));
#425=IFCSTYLEDITEM($,(#424),'Fenster Kunststoff wei\X2\00DF\X0\');
#426=IFCSTYLEDREPRESENTATION(#20,'Body',$,(#425));
#427=IFCMATERIALDEFINITIONREPRESENTATION($,$,(#426),#420);
#428=IFCMATERIAL('Fenster braun');
#429=IFCSURFACESTYLE('Fenster braun',.BOTH.,(#430));
#430=IFCSURFACESTYLESHADING(#431);
#431=IFCCOLOURRGB($,0.3,0.18,0.1);
#432=IFCPRESENTATIONSTYLEASSIGNMENT((#429));
#433=IFCSTYLEDITEM($,(#432),'Fenster braun');
#434=IFCSTYLEDREPRESENTATION(#20,'Body',$,(#433));
#435=IFCMATERIALDEFINITIONREPRESENTATION($,$,(#434),#428);
#436=IFCMATERIAL('Fenster/T\X2\00FC\X0\r anthrazit');
#437=IFCSURFACESTYLE('Fenster/T\X2\00FC\X0\r anthrazit',.BOTH.,(#438));
#438=IFCSURFACESTYLESHADING(#439);
#439=IFCCOLOURRGB($,0.2,0.21,0.22);
#440=IFCPRESENTATIONSTYLEASSIGNMENT((#437));
#441=IFCSTYLEDITEM($,(#440),'Fenster/T\X2\00FC\X0\r anthrazit');
#442=IFCSTYLEDREPRESENTATION(#20,'Body',$,(#441));
#443=IFCMATERIALDEFINITIONREPRESENTATION($,$,(#442),#436);
#444=IFCMATERIAL('Holzt\X2\00FC\X0\r');
#445=IFCSURFACESTYLE('Holzt\X2\00FC\X0\r',.BOTH.,(#446));
#446=IFCSURFACESTYLESHADING(#447);
#447=IFCCOLOURRGB($,0.45,0.28,0.15);
#448=IFCPRESENTATIONSTYLEASSIGNMENT((#445));
#449=IFCSTYLEDITEM($,(#448),'Holzt\X2\00FC\X0\r');
#450=IFCSTYLEDREPRESENTATION(#20,'Body',$,(#449));
#451=IFCMATERIALDEFINITIONREPRESENTATION($,$,(#450),#444);
#452=IFCMATERIAL('Garagentor hell');
#453=IFCSURFACESTYLE('Garagentor hell',.BOTH.,(#454));
#454=IFCSURFACESTYLESHADING(#455);
#455=IFCCOLOURRGB($,0.93,0.92,0.89);
#456=IFCPRESENTATIONSTYLEASSIGNMENT((#453));
#457=IFCSTYLEDITEM($,(#456),'Garagentor hell');
#458=IFCSTYLEDREPRESENTATION(#20,'Body',$,(#457));
#459=IFCMATERIALDEFINITIONREPRESENTATION($,$,(#458),#452);
#460=IFCMATERIAL('Klinker Schornstein');
#461=IFCSURFACESTYLE('Klinker Schornstein',.BOTH.,(#462));
#462=IFCSURFACESTYLESHADING(#463);
#463=IFCCOLOURRGB($,0.55,0.2,0.1);
#464=IFCPRESENTATIONSTYLEASSIGNMENT((#461));
#465=IFCSTYLEDITEM($,(#464),'Klinker Schornstein');
#466=IFCSTYLEDREPRESENTATION(#20,'Body',$,(#465));
#467=IFCMATERIALDEFINITIONREPRESENTATION($,$,(#466),#460);
#468=IFCMATERIAL('Raum');
#469=IFCSURFACESTYLE('Raum',.BOTH.,(#470));
#470=IFCSURFACESTYLESHADING(#471);
#471=IFCCOLOURRGB($,0.35,0.65,0.95);
#472=IFCPRESENTATIONSTYLEASSIGNMENT((#469));
#473=IFCSTYLEDITEM($,(#472),'Raum');
#474=IFCSTYLEDREPRESENTATION(#20,'Body',$,(#473));
#475=IFCMATERIALDEFINITIONREPRESENTATION($,$,(#474),#468);
#476=IFCOWNERHISTORY(#3,#4,.READWRITE.,.MODIFIED.,1791469295,#3,#4,1791469295);
#477=IFCWALLSTANDARDCASE('3$0dJ_uTj0Rgz2tUwSj6av',#476,'AW Stra\X2\00DF\X0\enseite West-Teil',$,$,#484,#527,$);
#478=IFCOWNERHISTORY(#3,#4,.READWRITE.,.MODIFIED.,1791469322,#3,#4,1791469295);
#479=IFCRELCONTAINEDINSPATIALSTRUCTURE('0iSpywibT2Zh7wi4G4i14L',#478,$,$,(#6458,#4018,#477,#3809,#3600,#5712,#5816,#1054,#5622,#6803,#1274,#834,#1172,#6596,#8066,#618,#5532,#6389,#3949,#3740,#5442,#3531,#3324,#6941,#5757,#3117,#6734,#8595,#8691,#762,#2910,#6527,#1318,#5667,#8104,#3878,#553,#1114,#3669,#5577,#1230,#3255,#6872,#5487,#8026,#6665,#2839,#690,#5395),#90);
#480=IFCCARTESIANPOINT((0.,0.,-0.5));
#481=IFCDIRECTION((0.,0.,1.));
#482=IFCDIRECTION((1.,0.,0.));
#483=IFCAXIS2PLACEMENT3D(#480,#481,#482);
#484=IFCLOCALPLACEMENT(#95,#483);
#485=IFCCARTESIANPOINT((0.,0.));
#486=IFCCARTESIANPOINT((0.,0.365));
#487=IFCCARTESIANPOINT((3.25,0.365));
#488=IFCCARTESIANPOINT((3.25,0.));
#489=IFCCARTESIANPOINT((0.,0.));
#490=IFCPOLYLINE((#485,#486,#487,#488,#489));
#491=IFCDIRECTION((0.,0.,1.));
#492=IFCARBITRARYCLOSEDPROFILEDEF(.AREA.,$,#490);
#493=IFCCARTESIANPOINT((0.,0.,0.));
#494=IFCDIRECTION((0.,0.,1.));
#495=IFCDIRECTION((1.,0.,0.));
#496=IFCAXIS2PLACEMENT3D(#493,#494,#495);
#497=IFCEXTRUDEDAREASOLID(#492,#496,#491,12.);
#498=IFCCARTESIANPOINT((11.87,0.,5.9));
#499=IFCDIRECTION((0.76604,0.,0.64279));
#500=IFCDIRECTION((0.,-1.,0.));
#501=IFCAXIS2PLACEMENT3D(#498,#499,#500);
#502=IFCPLANE(#501);
#503=IFCHALFSPACESOLID(#502,.F.);
#504=IFCBOOLEANCLIPPINGRESULT(.DIFFERENCE.,#497,#503);
#505=IFCCARTESIANPOINT((-0.39,0.,5.9));
#506=IFCDIRECTION((-0.76604,0.,0.64279));
#507=IFCDIRECTION((0.,1.,-0.));
#508=IFCAXIS2PLACEMENT3D(#505,#506,#507);
#509=IFCPLANE(#508);
#510=IFCHALFSPACESOLID(#509,.F.);
#511=IFCBOOLEANCLIPPINGRESULT(.DIFFERENCE.,#504,#510);
#512=IFCCARTESIANPOINT((0.,4.29,9.05));
#513=IFCDIRECTION((0.,0.78801,0.61566));
#514=IFCDIRECTION((1.,0.,0.));
#515=IFCAXIS2PLACEMENT3D(#512,#513,#514);
#516=IFCPLANE(#515);
#517=IFCHALFSPACESOLID(#516,.F.);
#518=IFCBOOLEANCLIPPINGRESULT(.DIFFERENCE.,#511,#517);
#519=IFCCARTESIANPOINT((0.,4.29,9.05));
#520=IFCDIRECTION((0.,-0.78801,0.61566));
#521=IFCDIRECTION((-1.,0.,0.));
#522=IFCAXIS2PLACEMENT3D(#519,#520,#521);
#523=IFCPLANE(#522);
#524=IFCHALFSPACESOLID(#523,.F.);
#525=IFCBOOLEANCLIPPINGRESULT(.DIFFERENCE.,#518,#524);
#526=IFCSHAPEREPRESENTATION(#20,'Body','Clipping',(#525));
#527=IFCPRODUCTDEFINITIONSHAPE($,$,(#526,#531));
#528=IFCCARTESIANPOINT((0.,0.));
#529=IFCCARTESIANPOINT((3.25,0.));
#530=IFCPOLYLINE((#528,#529));
#531=IFCSHAPEREPRESENTATION(#21,'Axis','Curve2D',(#530));
#532=IFCOWNERHISTORY(#3,#4,.READWRITE.,.MODIFIED.,1791469295,#3,#4,1791469295);
#533=IFCRELDEFINESBYTYPE('1KuAloyhjAQgKLGEZbHmMW',#532,$,$,(#762,#553,#834,#477,#618,#690),#160);
#534=IFCMATERIALLAYERSETUSAGE(#161,.AXIS2.,.POSITIVE.,0.);
#535=IFCOWNERHISTORY(#3,#4,.READWRITE.,.ADDED.,1791469295,#3,#4,1791469295);
#536=IFCRELASSOCIATESMATERIAL('3xBB0eM81AnuiK9LSkJfa$',#535,$,$,(#477),#534);
#537=IFCPRESENTATIONSTYLEASSIGNMENT((#163));
#538=IFCSTYLEDITEM(#525,(#537),'Klinker (Vormauerschale)');
#539=IFCOWNERHISTORY(#3,#4,.READWRITE.,.ADDED.,1791469295,#3,#4,1791469295);
#540=IFCPROPERTYSET('3OZhdAIGf8yhD80W9L6hZ_',#539,'Pset_WallCommon',$,(#543,#544,#545));
#541=IFCOWNERHISTORY(#3,#4,.READWRITE.,.ADDED.,1791469295,#3,#4,1791469295);
#542=IFCRELDEFINESBYPROPERTIES('2zbeI2KCr4DBzUY6dc$DK4',#541,$,$,(#477),#540);
#543=IFCPROPERTYSINGLEVALUE('IsExternal',$,IFCBOOLEAN(.T.),$);
#544=IFCPROPERTYSINGLEVALUE('LoadBearing',$,IFCBOOLEAN(.T.),$);
#545=IFCPROPERTYSINGLEVALUE('Reference',$,IFCIDENTIFIER('AW Bestand Klinker zweischalig 36,5'),$);
#546=IFCOWNERHISTORY(#3,#4,.READWRITE.,.ADDED.,1791469295,#3,#4,1791469295);
#547=IFCPROPERTYSET('2Jln7FoHH0z9U6d5$a6d$J',#546,'Oberhofer_Info',$,(#550,#551));
#548=IFCOWNERHISTORY(#3,#4,.READWRITE.,.ADDED.,1791469295,#3,#4,1791469295);
#549=IFCRELDEFINESBYPROPERTIES('0FnvE0qYPFpxgr3TzMlLeK',#548,$,$,(#477),#547);
#550=IFCPROPERTYSINGLEVALUE('Status',$,IFCLABEL('Bestand'),$);
#551=IFCPROPERTYSINGLEVALUE('Quelle',$,IFCLABEL('Wandaufbau Annahme (Tektur zeichnet 30\X2\2013\X0\36 cm, kein Ma\X2\00DF\X0\)'),$);
#552=IFCOWNERHISTORY(#3,#4,.READWRITE.,.MODIFIED.,1791469295,#3,#4,1791469295);
#553=IFCWALLSTANDARDCASE('0v1iMb_0D0yuIQ8AmnPZmf',#552,'AW Stra\X2\00DF\X0\enseite Zwerchhaus',$,$,#558,#594,$);
#554=IFCCARTESIANPOINT((3.25,0.,-0.5));
#555=IFCDIRECTION((0.,0.,1.));
#556=IFCDIRECTION((1.,0.,0.));
#557=IFCAXIS2PLACEMENT3D(#554,#555,#556);
#558=IFCLOCALPLACEMENT(#95,#557);
#559=IFCCARTESIANPOINT((0.,0.));
#560=IFCCARTESIANPOINT((0.,0.365));
#561=IFCCARTESIANPOINT((4.98,0.365));
#562=IFCCARTESIANPOINT((4.98,0.));
#563=IFCCARTESIANPOINT((0.,0.));
#564=IFCPOLYLINE((#559,#560,#561,#562,#563));
#565=IFCDIRECTION((0.,0.,1.));
#566=IFCARBITRARYCLOSEDPROFILEDEF(.AREA.,$,#564);
#567=IFCCARTESIANPOINT((0.,0.,0.));
#568=IFCDIRECTION((0.,0.,1.));
#569=IFCDIRECTION((1.,0.,0.));
#570=IFCAXIS2PLACEMENT3D(#567,#568,#569);
#571=IFCEXTRUDEDAREASOLID(#566,#570,#565,12.);
#572=IFCCARTESIANPOINT((5.33,0.,5.85));
#573=IFCDIRECTION((0.80902,0.,0.58779));
#574=IFCDIRECTION((0.,-1.,0.));
#575=IFCAXIS2PLACEMENT3D(#572,#573,#574);
#576=IFCPLANE(#575);
#577=IFCHALFSPACESOLID(#576,.F.);
#578=IFCBOOLEANCLIPPINGRESULT(.DIFFERENCE.,#571,#577);
#579=IFCCARTESIANPOINT((-0.3500000000000001,0.,5.85));
#580=IFCDIRECTION((-0.80902,0.,0.58779));
#581=IFCDIRECTION((0.,1.,-0.));
#582=IFCAXIS2PLACEMENT3D(#579,#580,#581);
#583=IFCPLANE(#582);
#584=IFCHALFSPACESOLID(#583,.F.);
#585=IFCBOOLEANCLIPPINGRESULT(.DIFFERENCE.,#578,#584);
#586=IFCCARTESIANPOINT((-3.25,-0.4,5.85));
#587=IFCDIRECTION((0.,-0.54464,0.83867));
#588=IFCDIRECTION((-1.,0.,0.));
#589=IFCAXIS2PLACEMENT3D(#586,#587,#588);
#590=IFCPLANE(#589);
#591=IFCHALFSPACESOLID(#590,.F.);
#592=IFCBOOLEANCLIPPINGRESULT(.DIFFERENCE.,#585,#591);
#593=IFCSHAPEREPRESENTATION(#20,'Body','Clipping',(#592));
#594=IFCPRODUCTDEFINITIONSHAPE($,$,(#593,#598));
#595=IFCCARTESIANPOINT((0.,0.));
#596=IFCCARTESIANPOINT((4.98,0.));
#597=IFCPOLYLINE((#595,#596));
#598=IFCSHAPEREPRESENTATION(#21,'Axis','Curve2D',(#597));
#599=IFCMATERIALLAYERSETUSAGE(#161,.AXIS2.,.POSITIVE.,0.);
#600=IFCOWNERHISTORY(#3,#4,.READWRITE.,.ADDED.,1791469295,#3,#4,1791469295);
#601=IFCRELASSOCIATESMATERIAL('20iKMq58P4yvl2kgvQTqzG',#600,$,$,(#553),#599);
#602=IFCPRESENTATIONSTYLEASSIGNMENT((#163));
#603=IFCSTYLEDITEM(#592,(#602),'Klinker (Vormauerschale)');
#604=IFCOWNERHISTORY(#3,#4,.READWRITE.,.ADDED.,1791469295,#3,#4,1791469295);
#605=IFCPROPERTYSET('3YkUxTStr8VPWTnrHemb6T',#604,'Pset_WallCommon',$,(#608,#609,#610));
#606=IFCOWNERHISTORY(#3,#4,.READWRITE.,.ADDED.,1791469295,#3,#4,1791469295);
#607=IFCRELDEFINESBYPROPERTIES('3JPZgjYf52AfzsGMrtWGtz',#606,$,$,(#553),#605);
#608=IFCPROPERTYSINGLEVALUE('IsExternal',$,IFCBOOLEAN(.T.),$);
#609=IFCPROPERTYSINGLEVALUE('LoadBearing',$,IFCBOOLEAN(.T.),$);
#610=IFCPROPERTYSINGLEVALUE('Reference',$,IFCIDENTIFIER('AW Bestand Klinker zweischalig 36,5'),$);
#611=IFCOWNERHISTORY(#3,#4,.READWRITE.,.ADDED.,1791469295,#3,#4,1791469295);
#612=IFCPROPERTYSET('0OWD7StyP3OwmvWd3m2HZr',#611,'Oberhofer_Info',$,(#615,#616));
#613=IFCOWNERHISTORY(#3,#4,.READWRITE.,.ADDED.,1791469295,#3,#4,1791469295);
#614=IFCRELDEFINESBYPROPERTIES('3$lymOfXPCqPWFJNfx1O_O',#613,$,$,(#553),#612);
#615=IFCPROPERTYSINGLEVALUE('Status',$,IFCLABEL('Bestand'),$);
#616=IFCPROPERTYSINGLEVALUE('Quelle',$,IFCLABEL('Wandaufbau Annahme (Tektur zeichnet 30\X2\2013\X0\36 cm, kein Ma\X2\00DF\X0\)'),$);
#617=IFCOWNERHISTORY(#3,#4,.READWRITE.,.MODIFIED.,1791469295,#3,#4,1791469295);
#618=IFCWALLSTANDARDCASE('2yTj$bhAb5JAt93fTshUFD',#617,'AW Stra\X2\00DF\X0\enseite Ost-Teil',$,$,#623,#666,$);
#619=IFCCARTESIANPOINT((8.23,0.,-0.5));
#620=IFCDIRECTION((0.,0.,1.));
#621=IFCDIRECTION((1.,0.,0.));
#622=IFCAXIS2PLACEMENT3D(#619,#620,#621);
#623=IFCLOCALPLACEMENT(#95,#622);
#624=IFCCARTESIANPOINT((0.,0.));
#625=IFCCARTESIANPOINT((0.,0.365));
#626=IFCCARTESIANPOINT((3.25,0.365));
#627=IFCCARTESIANPOINT((3.25,0.));
#628=IFCCARTESIANPOINT((0.,0.));
#629=IFCPOLYLINE((#624,#625,#626,#627,#628));
#630=IFCDIRECTION((0.,0.,1.));
#631=IFCARBITRARYCLOSEDPROFILEDEF(.AREA.,$,#629);
#632=IFCCARTESIANPOINT((0.,0.,0.));
#633=IFCDIRECTION((0.,0.,1.));
#634=IFCDIRECTION((1.,0.,0.));
#635=IFCAXIS2PLACEMENT3D(#632,#633,#634);
#636=IFCEXTRUDEDAREASOLID(#631,#635,#630,12.);
#637=IFCCARTESIANPOINT((3.639999999999999,0.,5.9));
#638=IFCDIRECTION((0.76604,0.,0.64279));
#639=IFCDIRECTION((0.,-1.,0.));
#640=IFCAXIS2PLACEMENT3D(#637,#638,#639);
#641=IFCPLANE(#640);
#642=IFCHALFSPACESOLID(#641,.F.);
#643=IFCBOOLEANCLIPPINGRESULT(.DIFFERENCE.,#636,#642);
#644=IFCCARTESIANPOINT((-8.620000000000001,0.,5.9));
#645=IFCDIRECTION((-0.76604,0.,0.64279));
#646=IFCDIRECTION((0.,1.,-0.));
#647=IFCAXIS2PLACEMENT3D(#644,#645,#646);
#648=IFCPLANE(#647);
#649=IFCHALFSPACESOLID(#648,.F.);
#650=IFCBOOLEANCLIPPINGRESULT(.DIFFERENCE.,#643,#649);
#651=IFCCARTESIANPOINT((-8.23,4.29,9.05));
#652=IFCDIRECTION((0.,0.78801,0.61566));
#653=IFCDIRECTION((1.,0.,0.));
#654=IFCAXIS2PLACEMENT3D(#651,#652,#653);
#655=IFCPLANE(#654);
#656=IFCHALFSPACESOLID(#655,.F.);
#657=IFCBOOLEANCLIPPINGRESULT(.DIFFERENCE.,#650,#656);
#658=IFCCARTESIANPOINT((-8.23,4.29,9.05));
#659=IFCDIRECTION((0.,-0.78801,0.61566));
#660=IFCDIRECTION((-1.,0.,0.));
#661=IFCAXIS2PLACEMENT3D(#658,#659,#660);
#662=IFCPLANE(#661);
#663=IFCHALFSPACESOLID(#662,.F.);
#664=IFCBOOLEANCLIPPINGRESULT(.DIFFERENCE.,#657,#663);
#665=IFCSHAPEREPRESENTATION(#20,'Body','Clipping',(#664));
#666=IFCPRODUCTDEFINITIONSHAPE($,$,(#665,#670));
#667=IFCCARTESIANPOINT((0.,0.));
#668=IFCCARTESIANPOINT((3.25,0.));
#669=IFCPOLYLINE((#667,#668));
#670=IFCSHAPEREPRESENTATION(#21,'Axis','Curve2D',(#669));
#671=IFCMATERIALLAYERSETUSAGE(#161,.AXIS2.,.POSITIVE.,0.);
#672=IFCOWNERHISTORY(#3,#4,.READWRITE.,.ADDED.,1791469295,#3,#4,1791469295);
#673=IFCRELASSOCIATESMATERIAL('0eEsKWd3n4$OKmlVCjz4Wc',#672,$,$,(#618),#671);
#674=IFCPRESENTATIONSTYLEASSIGNMENT((#163));
#675=IFCSTYLEDITEM(#664,(#674),'Klinker (Vormauerschale)');
#676=IFCOWNERHISTORY(#3,#4,.READWRITE.,.ADDED.,1791469295,#3,#4,1791469295);
#677=IFCPROPERTYSET('28FLOEAp1Ad9OPrwubhSXJ',#676,'Pset_WallCommon',$,(#680,#681,#682));
#678=IFCOWNERHISTORY(#3,#4,.READWRITE.,.ADDED.,1791469295,#3,#4,1791469295);
#679=IFCRELDEFINESBYPROPERTIES('15_vmF2Br4VOkCiiH4WyQE',#678,$,$,(#618),#677);
#680=IFCPROPERTYSINGLEVALUE('IsExternal',$,IFCBOOLEAN(.T.),$);
#681=IFCPROPERTYSINGLEVALUE('LoadBearing',$,IFCBOOLEAN(.T.),$);
#682=IFCPROPERTYSINGLEVALUE('Reference',$,IFCIDENTIFIER('AW Bestand Klinker zweischalig 36,5'),$);
#683=IFCOWNERHISTORY(#3,#4,.READWRITE.,.ADDED.,1791469295,#3,#4,1791469295);
#684=IFCPROPERTYSET('2_vIATn5b6DwpX5c4Z_wya',#683,'Oberhofer_Info',$,(#687,#688));
#685=IFCOWNERHISTORY(#3,#4,.READWRITE.,.ADDED.,1791469295,#3,#4,1791469295);
#686=IFCRELDEFINESBYPROPERTIES('0h1CrOuxrDhxZ6MWQ728rU',#685,$,$,(#618),#684);
#687=IFCPROPERTYSINGLEVALUE('Status',$,IFCLABEL('Bestand'),$);
#688=IFCPROPERTYSINGLEVALUE('Quelle',$,IFCLABEL('Wandaufbau Annahme (Tektur zeichnet 30\X2\2013\X0\36 cm, kein Ma\X2\00DF\X0\)'),$);
#689=IFCOWNERHISTORY(#3,#4,.READWRITE.,.MODIFIED.,1791469295,#3,#4,1791469295);
#690=IFCWALLSTANDARDCASE('2P1eEY7$r8kxTee1KffUfa',#689,'AW Gartenseite',$,$,#695,#738,$);
#691=IFCCARTESIANPOINT((11.48,8.58,-0.5));
#692=IFCDIRECTION((0.,0.,1.));
#693=IFCDIRECTION((-1.,0.,0.));
#694=IFCAXIS2PLACEMENT3D(#691,#692,#693);
#695=IFCLOCALPLACEMENT(#95,#694);
#696=IFCCARTESIANPOINT((0.,0.));
#697=IFCCARTESIANPOINT((0.,0.365));
#698=IFCCARTESIANPOINT((11.48,0.365));
#699=IFCCARTESIANPOINT((11.48,0.));
#700=IFCCARTESIANPOINT((0.,0.));
#701=IFCPOLYLINE((#696,#697,#698,#699,#700));
#702=IFCDIRECTION((0.,0.,1.));
#703=IFCARBITRARYCLOSEDPROFILEDEF(.AREA.,$,#701);
#704=IFCCARTESIANPOINT((0.,0.,0.));
#705=IFCDIRECTION((0.,0.,1.));
#706=IFCDIRECTION((1.,0.,0.));
#707=IFCAXIS2PLACEMENT3D(#704,#705,#706);
#708=IFCEXTRUDEDAREASOLID(#703,#707,#702,12.);
#709=IFCCARTESIANPOINT((-0.3899999999999988,8.58,5.9));
#710=IFCDIRECTION((-0.76604,0.,0.64279));
#711=IFCDIRECTION((0.,1.,-0.));
#712=IFCAXIS2PLACEMENT3D(#709,#710,#711);
#713=IFCPLANE(#712);
#714=IFCHALFSPACESOLID(#713,.F.);
#715=IFCBOOLEANCLIPPINGRESULT(.DIFFERENCE.,#708,#714);
#716=IFCCARTESIANPOINT((11.870000000000001,8.58,5.9));
#717=IFCDIRECTION((0.76604,0.,0.64279));
#718=IFCDIRECTION((0.,-1.,0.));
#719=IFCAXIS2PLACEMENT3D(#716,#717,#718);
#720=IFCPLANE(#719);
#721=IFCHALFSPACESOLID(#720,.F.);
#722=IFCBOOLEANCLIPPINGRESULT(.DIFFERENCE.,#715,#721);
#723=IFCCARTESIANPOINT((11.48,4.29,9.05));
#724=IFCDIRECTION((0.,-0.78801,0.61566));
#725=IFCDIRECTION((-1.,0.,0.));
#726=IFCAXIS2PLACEMENT3D(#723,#724,#725);
#727=IFCPLANE(#726);
#728=IFCHALFSPACESOLID(#727,.F.);
#729=IFCBOOLEANCLIPPINGRESULT(.DIFFERENCE.,#722,#728);
#730=IFCCARTESIANPOINT((11.48,4.29,9.05));
#731=IFCDIRECTION((0.,0.78801,0.61566));
#732=IFCDIRECTION((1.,0.,0.));
#733=IFCAXIS2PLACEMENT3D(#730,#731,#732);
#734=IFCPLANE(#733);
#735=IFCHALFSPACESOLID(#734,.F.);
#736=IFCBOOLEANCLIPPINGRESULT(.DIFFERENCE.,#729,#735);
#737=IFCSHAPEREPRESENTATION(#20,'Body','Clipping',(#736));
#738=IFCPRODUCTDEFINITIONSHAPE($,$,(#737,#742));
#739=IFCCARTESIANPOINT((0.,0.));
#740=IFCCARTESIANPOINT((11.48,0.));
#741=IFCPOLYLINE((#739,#740));
#742=IFCSHAPEREPRESENTATION(#21,'Axis','Curve2D',(#741));
#743=IFCMATERIALLAYERSETUSAGE(#161,.AXIS2.,.POSITIVE.,0.);
#744=IFCOWNERHISTORY(#3,#4,.READWRITE.,.ADDED.,1791469295,#3,#4,1791469295);
#745=IFCRELASSOCIATESMATERIAL('22pepewvf5Q85A2xkCcfM5',#744,$,$,(#690),#743);
#746=IFCPRESENTATIONSTYLEASSIGNMENT((#163));
#747=IFCSTYLEDITEM(#736,(#746),'Klinker (Vormauerschale)');
#748=IFCOWNERHISTORY(#3,#4,.READWRITE.,.ADDED.,1791469295,#3,#4,1791469295);
#749=IFCPROPERTYSET('0ENuIqLb94P9OppG5mDMPm',#748,'Pset_WallCommon',$,(#752,#753,#754));
#750=IFCOWNERHISTORY(#3,#4,.READWRITE.,.ADDED.,1791469295,#3,#4,1791469295);
#751=IFCRELDEFINESBYPROPERTIES('0CeiGxcDHA0QfOcFWjKzGk',#750,$,$,(#690),#749);
#752=IFCPROPERTYSINGLEVALUE('IsExternal',$,IFCBOOLEAN(.T.),$);
#753=IFCPROPERTYSINGLEVALUE('LoadBearing',$,IFCBOOLEAN(.T.),$);
#754=IFCPROPERTYSINGLEVALUE('Reference',$,IFCIDENTIFIER('AW Bestand Klinker zweischalig 36,5'),$);
#755=IFCOWNERHISTORY(#3,#4,.READWRITE.,.ADDED.,1791469295,#3,#4,1791469295);
#756=IFCPROPERTYSET('0EHcfI3JPBGxuOxbS4uTEp',#755,'Oberhofer_Info',$,(#759,#760));
#757=IFCOWNERHISTORY(#3,#4,.READWRITE.,.ADDED.,1791469295,#3,#4,1791469295);
#758=IFCRELDEFINESBYPROPERTIES('0K8$qVBx5CjOOUqbiGFMHe',#757,$,$,(#690),#756);
#759=IFCPROPERTYSINGLEVALUE('Status',$,IFCLABEL('Bestand'),$);
#760=IFCPROPERTYSINGLEVALUE('Quelle',$,IFCLABEL('Wandaufbau Annahme (Tektur zeichnet 30\X2\2013\X0\36 cm, kein Ma\X2\00DF\X0\)'),$);
#761=IFCOWNERHISTORY(#3,#4,.READWRITE.,.MODIFIED.,1791469295,#3,#4,1791469295);
#762=IFCWALLSTANDARDCASE('2JWQWcswT0vAVKgKK8YFjg',#761,'AW Giebel NW (Kr\X2\00FC\X0\ppelwalm)',$,$,#767,#810,$);
#763=IFCCARTESIANPOINT((0.,8.215,-0.5));
#764=IFCDIRECTION((0.,0.,1.));
#765=IFCDIRECTION((0.,-1.,0.));
#766=IFCAXIS2PLACEMENT3D(#763,#764,#765);
#767=IFCLOCALPLACEMENT(#95,#766);
#768=IFCCARTESIANPOINT((0.,0.));
#769=IFCCARTESIANPOINT((0.,0.365));
#770=IFCCARTESIANPOINT((7.85,0.365));
#771=IFCCARTESIANPOINT((7.85,0.));
#772=IFCCARTESIANPOINT((0.,0.));
#773=IFCPOLYLINE((#768,#769,#770,#771,#772));
#774=IFCDIRECTION((0.,0.,1.));
#775=IFCARBITRARYCLOSEDPROFILEDEF(.AREA.,$,#773);
#776=IFCCARTESIANPOINT((0.,0.,0.));
#777=IFCDIRECTION((0.,0.,1.));
#778=IFCDIRECTION((1.,0.,0.));
#779=IFCAXIS2PLACEMENT3D(#776,#777,#778);
#780=IFCEXTRUDEDAREASOLID(#775,#779,#774,12.);
#781=IFCCARTESIANPOINT((8.215,11.87,5.9));
#782=IFCDIRECTION((0.,0.76604,0.64279));
#783=IFCDIRECTION((1.,0.,0.));
#784=IFCAXIS2PLACEMENT3D(#781,#782,#783);
#785=IFCPLANE(#784);
#786=IFCHALFSPACESOLID(#785,.F.);
#787=IFCBOOLEANCLIPPINGRESULT(.DIFFERENCE.,#780,#786);
#788=IFCCARTESIANPOINT((8.215,-0.39,5.9));
#789=IFCDIRECTION((0.,-0.76604,0.64279));
#790=IFCDIRECTION((-1.,0.,0.));
#791=IFCAXIS2PLACEMENT3D(#788,#789,#790);
#792=IFCPLANE(#791);
#793=IFCHALFSPACESOLID(#792,.F.);
#794=IFCBOOLEANCLIPPINGRESULT(.DIFFERENCE.,#787,#793);
#795=IFCCARTESIANPOINT((3.925,0.,9.05));
#796=IFCDIRECTION((-0.78801,0.,0.61566));
#797=IFCDIRECTION((0.,1.,-0.));
#798=IFCAXIS2PLACEMENT3D(#795,#796,#797);
#799=IFCPLANE(#798);
#800=IFCHALFSPACESOLID(#799,.F.);
#801=IFCBOOLEANCLIPPINGRESULT(.DIFFERENCE.,#794,#800);
#802=IFCCARTESIANPOINT((3.925,0.,9.05));
#803=IFCDIRECTION((0.78801,0.,0.61566));
#804=IFCDIRECTION((0.,-1.,0.));
#805=IFCAXIS2PLACEMENT3D(#802,#803,#804);
#806=IFCPLANE(#805);
#807=IFCHALFSPACESOLID(#806,.F.);
#808=IFCBOOLEANCLIPPINGRESULT(.DIFFERENCE.,#801,#807);
#809=IFCSHAPEREPRESENTATION(#20,'Body','Clipping',(#808));
#810=IFCPRODUCTDEFINITIONSHAPE($,$,(#809,#814));
#811=IFCCARTESIANPOINT((0.,0.));
#812=IFCCARTESIANPOINT((7.85,0.));
#813=IFCPOLYLINE((#811,#812));
#814=IFCSHAPEREPRESENTATION(#21,'Axis','Curve2D',(#813));
#815=IFCMATERIALLAYERSETUSAGE(#161,.AXIS2.,.POSITIVE.,0.);
#816=IFCOWNERHISTORY(#3,#4,.READWRITE.,.ADDED.,1791469295,#3,#4,1791469295);
#817=IFCRELASSOCIATESMATERIAL('06V_Hq68n1jRRqRAs66Oiu',#816,$,$,(#762),#815);
#818=IFCPRESENTATIONSTYLEASSIGNMENT((#163));
#819=IFCSTYLEDITEM(#808,(#818),'Klinker (Vormauerschale)');
#820=IFCOWNERHISTORY(#3,#4,.READWRITE.,.ADDED.,1791469295,#3,#4,1791469295);
#821=IFCPROPERTYSET('1WKJ4Wvkf0teFvu7x0Xhpz',#820,'Pset_WallCommon',$,(#824,#825,#826));
#822=IFCOWNERHISTORY(#3,#4,.READWRITE.,.ADDED.,1791469295,#3,#4,1791469295);
#823=IFCRELDEFINESBYPROPERTIES('1cpaqIq45EMAVkUnDmuXwa',#822,$,$,(#762),#821);
#824=IFCPROPERTYSINGLEVALUE('IsExternal',$,IFCBOOLEAN(.T.),$);
#825=IFCPROPERTYSINGLEVALUE('LoadBearing',$,IFCBOOLEAN(.T.),$);
#826=IFCPROPERTYSINGLEVALUE('Reference',$,IFCIDENTIFIER('AW Bestand Klinker zweischalig 36,5'),$);
#827=IFCOWNERHISTORY(#3,#4,.READWRITE.,.ADDED.,1791469295,#3,#4,1791469295);
#828=IFCPROPERTYSET('1trvHZ8W9Cqfebc$X8gPEz',#827,'Oberhofer_Info',$,(#831,#832));
#829=IFCOWNERHISTORY(#3,#4,.READWRITE.,.ADDED.,1791469295,#3,#4,1791469295);
#830=IFCRELDEFINESBYPROPERTIES('2hAKlhIZL6ffOhf9ZnhVic',#829,$,$,(#762),#828);
#831=IFCPROPERTYSINGLEVALUE('Status',$,IFCLABEL('Bestand'),$);
#832=IFCPROPERTYSINGLEVALUE('Quelle',$,IFCLABEL('Wandaufbau Annahme (Tektur zeichnet 30\X2\2013\X0\36 cm, kein Ma\X2\00DF\X0\)'),$);
#833=IFCOWNERHISTORY(#3,#4,.READWRITE.,.MODIFIED.,1791469295,#3,#4,1791469295);
#834=IFCWALLSTANDARDCASE('2kZo2rz$H25x$Zgfp2Nzfk',#833,'AW Giebel SO (Kr\X2\00FC\X0\ppelwalm)',$,$,#839,#882,$);
#835=IFCCARTESIANPOINT((11.48,0.365,-0.5));
#836=IFCDIRECTION((0.,0.,1.));
#837=IFCDIRECTION((0.,1.,0.));
#838=IFCAXIS2PLACEMENT3D(#835,#836,#837);
#839=IFCLOCALPLACEMENT(#95,#838);
#840=IFCCARTESIANPOINT((0.,0.));
#841=IFCCARTESIANPOINT((0.,0.365));
#842=IFCCARTESIANPOINT((7.85,0.365));
#843=IFCCARTESIANPOINT((7.85,0.));
#844=IFCCARTESIANPOINT((0.,0.));
#845=IFCPOLYLINE((#840,#841,#842,#843,#844));
#846=IFCDIRECTION((0.,0.,1.));
#847=IFCARBITRARYCLOSEDPROFILEDEF(.AREA.,$,#845);
#848=IFCCARTESIANPOINT((0.,0.,0.));
#849=IFCDIRECTION((0.,0.,1.));
#850=IFCDIRECTION((1.,0.,0.));
#851=IFCAXIS2PLACEMENT3D(#848,#849,#850);
#852=IFCEXTRUDEDAREASOLID(#847,#851,#846,12.);
#853=IFCCARTESIANPOINT((-0.365,-0.3899999999999988,5.9));
#854=IFCDIRECTION((0.,-0.76604,0.64279));
#855=IFCDIRECTION((-1.,0.,0.));
#856=IFCAXIS2PLACEMENT3D(#853,#854,#855);
#857=IFCPLANE(#856);
#858=IFCHALFSPACESOLID(#857,.F.);
#859=IFCBOOLEANCLIPPINGRESULT(.DIFFERENCE.,#852,#858);
#860=IFCCARTESIANPOINT((-0.365,11.870000000000001,5.9));
#861=IFCDIRECTION((0.,0.76604,0.64279));
#862=IFCDIRECTION((1.,0.,0.));
#863=IFCAXIS2PLACEMENT3D(#860,#861,#862);
#864=IFCPLANE(#863);
#865=IFCHALFSPACESOLID(#864,.F.);
#866=IFCBOOLEANCLIPPINGRESULT(.DIFFERENCE.,#859,#865);
#867=IFCCARTESIANPOINT((3.925,11.48,9.05));
#868=IFCDIRECTION((0.78801,0.,0.61566));
#869=IFCDIRECTION((0.,-1.,0.));
#870=IFCAXIS2PLACEMENT3D(#867,#868,#869);
#871=IFCPLANE(#870);
#872=IFCHALFSPACESOLID(#871,.F.);
#873=IFCBOOLEANCLIPPINGRESULT(.DIFFERENCE.,#866,#872);
#874=IFCCARTESIANPOINT((3.925,11.48,9.05));
#875=IFCDIRECTION((-0.78801,0.,0.61566));
#876=IFCDIRECTION((0.,1.,-0.));
#877=IFCAXIS2PLACEMENT3D(#874,#875,#876);
#878=IFCPLANE(#877);
#879=IFCHALFSPACESOLID(#878,.F.);
#880=IFCBOOLEANCLIPPINGRESULT(.DIFFERENCE.,#873,#879);
#881=IFCSHAPEREPRESENTATION(#20,'Body','Clipping',(#880));
#882=IFCPRODUCTDEFINITIONSHAPE($,$,(#881,#886));
#883=IFCCARTESIANPOINT((0.,0.));
#884=IFCCARTESIANPOINT((7.85,0.));
#885=IFCPOLYLINE((#883,#884));
#886=IFCSHAPEREPRESENTATION(#21,'Axis','Curve2D',(#885));
#887=IFCMATERIALLAYERSETUSAGE(#161,.AXIS2.,.POSITIVE.,0.);
#888=IFCOWNERHISTORY(#3,#4,.READWRITE.,.ADDED.,1791469295,#3,#4,1791469295);
#889=IFCRELASSOCIATESMATERIAL('1bIyVt1yD7JwUiuk8riWX8',#888,$,$,(#834),#887);
#890=IFCPRESENTATIONSTYLEASSIGNMENT((#163));
#891=IFCSTYLEDITEM(#880,(#890),'Klinker (Vormauerschale)');
#892=IFCOWNERHISTORY(#3,#4,.READWRITE.,.ADDED.,1791469295,#3,#4,1791469295);
#893=IFCPROPERTYSET('3OvR2fuiv2ahrkSAtuotST',#892,'Pset_WallCommon',$,(#896,#897,#898));
#894=IFCOWNERHISTORY(#3,#4,.READWRITE.,.ADDED.,1791469295,#3,#4,1791469295);
#895=IFCRELDEFINESBYPROPERTIES('1j4ezZ_6b98gBxW2mCG7D1',#894,$,$,(#834),#893);
#896=IFCPROPERTYSINGLEVALUE('IsExternal',$,IFCBOOLEAN(.T.),$);
#897=IFCPROPERTYSINGLEVALUE('LoadBearing',$,IFCBOOLEAN(.T.),$);
#898=IFCPROPERTYSINGLEVALUE('Reference',$,IFCIDENTIFIER('AW Bestand Klinker zweischalig 36,5'),$);
#899=IFCOWNERHISTORY(#3,#4,.READWRITE.,.ADDED.,1791469295,#3,#4,1791469295);
#900=IFCPROPERTYSET('3KAmQCFhr2bxrZxWvpNXPj',#899,'Oberhofer_Info',$,(#903,#904));
#901=IFCOWNERHISTORY(#3,#4,.READWRITE.,.ADDED.,1791469295,#3,#4,1791469295);
#902=IFCRELDEFINESBYPROPERTIES('1FguYKnvPCnxpAlBvAwB4e',#901,$,$,(#834),#900);
#903=IFCPROPERTYSINGLEVALUE('Status',$,IFCLABEL('Bestand'),$);
#904=IFCPROPERTYSINGLEVALUE('Quelle',$,IFCLABEL('Wandaufbau Annahme (Tektur zeichnet 30\X2\2013\X0\36 cm, kein Ma\X2\00DF\X0\)'),$);
#905=IFCOWNERHISTORY(#3,#4,.READWRITE.,.MODIFIED.,1791469295,#3,#4,1791469295);
#906=IFCWALLSTANDARDCASE('2ZfBuCQHfBou5k$N8qXQ50',#905,'Zwerchhaus Wange NW',$,$,#913,#956,$);
#907=IFCOWNERHISTORY(#3,#4,.READWRITE.,.MODIFIED.,1791469322,#3,#4,1791469295);
#908=IFCRELCONTAINEDINSPATIALSTRUCTURE('1HiHB9Xxr91Rsp66vsZnH0',#907,$,$,(#6023,#8142,#8298,#982,#6141,#3393,#7010,#5875,#3186,#2979,#6214,#9024,#9059,#3462,#7079,#5950,#906,#3048,#6287,#6068,#7148),#97);
#909=IFCCARTESIANPOINT((3.25,4.3,-3.5));
#910=IFCDIRECTION((0.,0.,1.));
#911=IFCDIRECTION((0.,-1.,0.));
#912=IFCAXIS2PLACEMENT3D(#909,#910,#911);
#913=IFCLOCALPLACEMENT(#102,#912);
#914=IFCCARTESIANPOINT((0.,0.));
#915=IFCCARTESIANPOINT((0.,0.24));
#916=IFCCARTESIANPOINT((3.9349999999999996,0.24));
#917=IFCCARTESIANPOINT((3.9349999999999996,0.));
#918=IFCCARTESIANPOINT((0.,0.));
#919=IFCPOLYLINE((#914,#915,#916,#917,#918));
#920=IFCDIRECTION((0.,0.,1.));
#921=IFCARBITRARYCLOSEDPROFILEDEF(.AREA.,$,#919);
#922=IFCCARTESIANPOINT((0.,0.,0.));
#923=IFCDIRECTION((0.,0.,1.));
#924=IFCDIRECTION((1.,0.,0.));
#925=IFCAXIS2PLACEMENT3D(#922,#923,#924);
#926=IFCEXTRUDEDAREASOLID(#921,#925,#920,12.);
#927=IFCCARTESIANPOINT((0.009999999999999787,-3.25,9.05));
#928=IFCDIRECTION((-0.78801,0.,-0.61566));
#929=IFCDIRECTION((0.,1.,-0.));
#930=IFCAXIS2PLACEMENT3D(#927,#928,#929);
#931=IFCPLANE(#930);
#932=IFCHALFSPACESOLID(#931,.F.);
#933=IFCBOOLEANCLIPPINGRESULT(.DIFFERENCE.,#926,#932);
#934=IFCCARTESIANPOINT((4.3,5.33,5.85));
#935=IFCDIRECTION((0.,0.80902,0.58779));
#936=IFCDIRECTION((1.,0.,0.));
#937=IFCAXIS2PLACEMENT3D(#934,#935,#936);
#938=IFCPLANE(#937);
#939=IFCHALFSPACESOLID(#938,.F.);
#940=IFCBOOLEANCLIPPINGRESULT(.DIFFERENCE.,#933,#939);
#941=IFCCARTESIANPOINT((4.3,-0.3500000000000001,5.85));
#942=IFCDIRECTION((0.,-0.80902,0.58779));
#943=IFCDIRECTION((-1.,0.,0.));
#944=IFCAXIS2PLACEMENT3D(#941,#942,#943);
#945=IFCPLANE(#944);
#946=IFCHALFSPACESOLID(#945,.F.);
#947=IFCBOOLEANCLIPPINGRESULT(.DIFFERENCE.,#940,#946);
#948=IFCCARTESIANPOINT((4.7,-3.25,5.85));
#949=IFCDIRECTION((0.54464,0.,0.83867));
#950=IFCDIRECTION((0.,-1.,0.));
#951=IFCAXIS2PLACEMENT3D(#948,#949,#950);
#952=IFCPLANE(#951);
#953=IFCHALFSPACESOLID(#952,.F.);
#954=IFCBOOLEANCLIPPINGRESULT(.DIFFERENCE.,#947,#953);
#955=IFCSHAPEREPRESENTATION(#20,'Body','Clipping',(#954));
#956=IFCPRODUCTDEFINITIONSHAPE($,$,(#955,#960));
#957=IFCCARTESIANPOINT((0.,0.));
#958=IFCCARTESIANPOINT((3.9349999999999996,0.));
#959=IFCPOLYLINE((#957,#958));
#960=IFCSHAPEREPRESENTATION(#21,'Axis','Curve2D',(#959));
#961=IFCOWNERHISTORY(#3,#4,.READWRITE.,.MODIFIED.,1791469295,#3,#4,1791469295);
#962=IFCRELDEFINESBYTYPE('0XT8rsqt9AXeLVEQKHVxHT',#961,$,$,(#982,#906),#199);
#963=IFCMATERIALLAYERSETUSAGE(#200,.AXIS2.,.POSITIVE.,0.);
#964=IFCOWNERHISTORY(#3,#4,.READWRITE.,.ADDED.,1791469295,#3,#4,1791469295);
#965=IFCRELASSOCIATESMATERIAL('0wh1lxd$b5VQG5DF0gIUI1',#964,$,$,(#906),#963);
#966=IFCPRESENTATIONSTYLEASSIGNMENT((#163));
#967=IFCSTYLEDITEM(#954,(#966),'Klinker (Vormauerschale)');
#968=IFCOWNERHISTORY(#3,#4,.READWRITE.,.ADDED.,1791469295,#3,#4,1791469295);
#969=IFCPROPERTYSET('0sKHXlNXX59BF5P7t_wz$r',#968,'Pset_WallCommon',$,(#972,#973,#974));
#970=IFCOWNERHISTORY(#3,#4,.READWRITE.,.ADDED.,1791469295,#3,#4,1791469295);
#971=IFCRELDEFINESBYPROPERTIES('0HavA5vLv4AgrIF_mduub0',#970,$,$,(#906),#969);
#972=IFCPROPERTYSINGLEVALUE('IsExternal',$,IFCBOOLEAN(.T.),$);
#973=IFCPROPERTYSINGLEVALUE('LoadBearing',$,IFCBOOLEAN(.T.),$);
#974=IFCPROPERTYSINGLEVALUE('Reference',$,IFCIDENTIFIER('AW Bestand Zwerchhaus-Wange 24'),$);
#975=IFCOWNERHISTORY(#3,#4,.READWRITE.,.ADDED.,1791469295,#3,#4,1791469295);
#976=IFCPROPERTYSET('0eE$NwBWX6guHUJbycuyqS',#975,'Oberhofer_Info',$,(#979,#980));
#977=IFCOWNERHISTORY(#3,#4,.READWRITE.,.ADDED.,1791469295,#3,#4,1791469295);
#978=IFCRELDEFINESBYPROPERTIES('2myBL5fhbFVhidfAmo32qi',#977,$,$,(#906),#976);
#979=IFCPROPERTYSINGLEVALUE('Status',$,IFCLABEL('Bestand'),$);
#980=IFCPROPERTYSINGLEVALUE('Quelle',$,IFCLABEL('Wangendicke Annahme; Lage Tektur Ansicht A'),$);
#981=IFCOWNERHISTORY(#3,#4,.READWRITE.,.MODIFIED.,1791469295,#3,#4,1791469295);
#982=IFCWALLSTANDARDCASE('3sYWw3J81Bl9BbL82xjzHD',#981,'Zwerchhaus Wange SO',$,$,#987,#1030,$);
#983=IFCCARTESIANPOINT((8.23,0.365,-3.5));
#984=IFCDIRECTION((0.,0.,1.));
#985=IFCDIRECTION((0.,1.,0.));
#986=IFCAXIS2PLACEMENT3D(#983,#984,#985);
#987=IFCLOCALPLACEMENT(#102,#986);
#988=IFCCARTESIANPOINT((0.,0.));
#989=IFCCARTESIANPOINT((0.,0.24));
#990=IFCCARTESIANPOINT((3.9349999999999996,0.24));
#991=IFCCARTESIANPOINT((3.9349999999999996,0.));
#992=IFCCARTESIANPOINT((0.,0.));
#993=IFCPOLYLINE((#988,#989,#990,#991,#992));
#994=IFCDIRECTION((0.,0.,1.));
#995=IFCARBITRARYCLOSEDPROFILEDEF(.AREA.,$,#993);
#996=IFCCARTESIANPOINT((0.,0.,0.));
#997=IFCDIRECTION((0.,0.,1.));
#998=IFCDIRECTION((1.,0.,0.));
#999=IFCAXIS2PLACEMENT3D(#996,#997,#998);
#1000=IFCEXTRUDEDAREASOLID(#995,#999,#994,12.);
#1001=IFCCARTESIANPOINT((3.925,8.23,9.05));
#1002=IFCDIRECTION((0.78801,0.,-0.61566));
#1003=IFCDIRECTION((0.,-1.,0.));
#1004=IFCAXIS2PLACEMENT3D(#1001,#1002,#1003);
#1005=IFCPLANE(#1004);
#1006=IFCHALFSPACESOLID(#1005,.F.);
#1007=IFCBOOLEANCLIPPINGRESULT(.DIFFERENCE.,#1000,#1006);
#1008=IFCCARTESIANPOINT((-0.365,-0.34999999999999964,5.85));
#1009=IFCDIRECTION((0.,-0.80902,0.58779));
#1010=IFCDIRECTION((-1.,0.,0.));
#1011=IFCAXIS2PLACEMENT3D(#1008,#1009,#1010);
#1012=IFCPLANE(#1011);
#1013=IFCHALFSPACESOLID(#1012,.F.);
#1014=IFCBOOLEANCLIPPINGRESULT(.DIFFERENCE.,#1007,#1013);
#1015=IFCCARTESIANPOINT((-0.365,5.33,5.85));
#1016=IFCDIRECTION((0.,0.80902,0.58779));
#1017=IFCDIRECTION((1.,0.,0.));
#1018=IFCAXIS2PLACEMENT3D(#1015,#1016,#1017);
#1019=IFCPLANE(#1018);
#1020=IFCHALFSPACESOLID(#1019,.F.);
#1021=IFCBOOLEANCLIPPINGRESULT(.DIFFERENCE.,#1014,#1020);
#1022=IFCCARTESIANPOINT((-0.765,8.23,5.85));
#1023=IFCDIRECTION((-0.54464,0.,0.83867));
#1024=IFCDIRECTION((0.,1.,-0.));
#1025=IFCAXIS2PLACEMENT3D(#1022,#1023,#1024);
#1026=IFCPLANE(#1025);
#1027=IFCHALFSPACESOLID(#1026,.F.);
#1028=IFCBOOLEANCLIPPINGRESULT(.DIFFERENCE.,#1021,#1027);
#1029=IFCSHAPEREPRESENTATION(#20,'Body','Clipping',(#1028));
#1030=IFCPRODUCTDEFINITIONSHAPE($,$,(#1029,#1034));
#1031=IFCCARTESIANPOINT((0.,0.));
#1032=IFCCARTESIANPOINT((3.9349999999999996,0.));
#1033=IFCPOLYLINE((#1031,#1032));
#1034=IFCSHAPEREPRESENTATION(#21,'Axis','Curve2D',(#1033));
#1035=IFCMATERIALLAYERSETUSAGE(#200,.AXIS2.,.POSITIVE.,0.);
#1036=IFCOWNERHISTORY(#3,#4,.READWRITE.,.ADDED.,1791469295,#3,#4,1791469295);
#1037=IFCRELASSOCIATESMATERIAL('1ERrOKyov3FRsz9pWX6lwR',#1036,$,$,(#982),#1035);
#1038=IFCPRESENTATIONSTYLEASSIGNMENT((#163));
#1039=IFCSTYLEDITEM(#1028,(#1038),'Klinker (Vormauerschale)');
#1040=IFCOWNERHISTORY(#3,#4,.READWRITE.,.ADDED.,1791469295,#3,#4,1791469295);
#1041=IFCPROPERTYSET('1MFuZV2DjBdQn1QLADzr$X',#1040,'Pset_WallCommon',$,(#1044,#1045,#1046));
#1042=IFCOWNERHISTORY(#3,#4,.READWRITE.,.ADDED.,1791469295,#3,#4,1791469295);
#1043=IFCRELDEFINESBYPROPERTIES('3GJSFt8XD89hOXIjMu$HUg',#1042,$,$,(#982),#1041);
#1044=IFCPROPERTYSINGLEVALUE('IsExternal',$,IFCBOOLEAN(.T.),$);
#1045=IFCPROPERTYSINGLEVALUE('LoadBearing',$,IFCBOOLEAN(.T.),$);
#1046=IFCPROPERTYSINGLEVALUE('Reference',$,IFCIDENTIFIER('AW Bestand Zwerchhaus-Wange 24'),$);
#1047=IFCOWNERHISTORY(#3,#4,.READWRITE.,.ADDED.,1791469295,#3,#4,1791469295);
#1048=IFCPROPERTYSET('2ksOTqWsn3UwY1$PucPPJp',#1047,'Oberhofer_Info',$,(#1051,#1052));
#1049=IFCOWNERHISTORY(#3,#4,.READWRITE.,.ADDED.,1791469295,#3,#4,1791469295);
#1050=IFCRELDEFINESBYPROPERTIES('1aafu2KxzD7PUtO5ACbBn7',#1049,$,$,(#982),#1048);
#1051=IFCPROPERTYSINGLEVALUE('Status',$,IFCLABEL('Bestand'),$);
#1052=IFCPROPERTYSINGLEVALUE('Quelle',$,IFCLABEL('Wangendicke Annahme; Lage Tektur Ansicht A'),$);
#1053=IFCOWNERHISTORY(#3,#4,.READWRITE.,.MODIFIED.,1791469295,#3,#4,1791469295);
#1054=IFCWALLSTANDARDCASE('2Jfb1wp3D2APbJ6KKZ0vIQ',#1053,'AW Anbau Giebel Garten',$,$,#1059,#1088,$);
#1055=IFCCARTESIANPOINT((3.9,13.379999999999999,-0.5));
#1056=IFCDIRECTION((0.,0.,1.));
#1057=IFCDIRECTION((-1.,0.,0.));
#1058=IFCAXIS2PLACEMENT3D(#1055,#1056,#1057);
#1059=IFCLOCALPLACEMENT(#95,#1058);
#1060=IFCCARTESIANPOINT((0.,0.));
#1061=IFCCARTESIANPOINT((0.,0.3));
#1062=IFCCARTESIANPOINT((3.9,0.3));
#1063=IFCCARTESIANPOINT((3.9,0.));
#1064=IFCCARTESIANPOINT((0.,0.));
#1065=IFCPOLYLINE((#1060,#1061,#1062,#1063,#1064));
#1066=IFCDIRECTION((0.,0.,1.));
#1067=IFCARBITRARYCLOSEDPROFILEDEF(.AREA.,$,#1065);
#1068=IFCCARTESIANPOINT((0.,0.,0.));
#1069=IFCDIRECTION((0.,0.,1.));
#1070=IFCDIRECTION((1.,0.,0.));
#1071=IFCAXIS2PLACEMENT3D(#1068,#1069,#1070);
#1072=IFCEXTRUDEDAREASOLID(#1067,#1071,#1066,8.);
#1073=IFCCARTESIANPOINT((-0.3900000000000001,13.379999999999999,3.05));
#1074=IFCDIRECTION((-0.57358,0.,0.81915));
#1075=IFCDIRECTION((0.,1.,-0.));
#1076=IFCAXIS2PLACEMENT3D(#1073,#1074,#1075);
#1077=IFCPLANE(#1076);
#1078=IFCHALFSPACESOLID(#1077,.F.);
#1079=IFCBOOLEANCLIPPINGRESULT(.DIFFERENCE.,#1072,#1078);
#1080=IFCCARTESIANPOINT((4.29,13.379999999999999,3.05));
#1081=IFCDIRECTION((0.57358,0.,0.81915));
#1082=IFCDIRECTION((0.,-1.,0.));
#1083=IFCAXIS2PLACEMENT3D(#1080,#1081,#1082);
#1084=IFCPLANE(#1083);
#1085=IFCHALFSPACESOLID(#1084,.F.);
#1086=IFCBOOLEANCLIPPINGRESULT(.DIFFERENCE.,#1079,#1085);
#1087=IFCSHAPEREPRESENTATION(#20,'Body','Clipping',(#1086));
#1088=IFCPRODUCTDEFINITIONSHAPE($,$,(#1087,#1092));
#1089=IFCCARTESIANPOINT((0.,0.));
#1090=IFCCARTESIANPOINT((3.9,0.));
#1091=IFCPOLYLINE((#1089,#1090));
#1092=IFCSHAPEREPRESENTATION(#21,'Axis','Curve2D',(#1091));
#1093=IFCOWNERHISTORY(#3,#4,.READWRITE.,.MODIFIED.,1791469295,#3,#4,1791469295);
#1094=IFCRELDEFINESBYTYPE('2H$augYtL5jvCv_YiLV8kO',#1093,$,$,(#1274,#1114,#1172,#1318,#1230,#1054),#192);
#1095=IFCMATERIALLAYERSETUSAGE(#193,.AXIS2.,.POSITIVE.,0.);
#1096=IFCOWNERHISTORY(#3,#4,.READWRITE.,.ADDED.,1791469295,#3,#4,1791469295);
#1097=IFCRELASSOCIATESMATERIAL('0Hv2PJJEbBogwm54u520DJ',#1096,$,$,(#1054),#1095);
#1098=IFCPRESENTATIONSTYLEASSIGNMENT((#163));
#1099=IFCSTYLEDITEM(#1086,(#1098),'Klinker (Vormauerschale)');
#1100=IFCOWNERHISTORY(#3,#4,.READWRITE.,.ADDED.,1791469295,#3,#4,1791469295);
#1101=IFCPROPERTYSET('0hqaZWsOr1zxZ118TCL9Ky',#1100,'Pset_WallCommon',$,(#1104,#1105,#1106));
#1102=IFCOWNERHISTORY(#3,#4,.READWRITE.,.ADDED.,1791469295,#3,#4,1791469295);
#1103=IFCRELDEFINESBYPROPERTIES('2HhEeOf4vC8x0C5LOKdIaA',#1102,$,$,(#1054),#1101);
#1104=IFCPROPERTYSINGLEVALUE('IsExternal',$,IFCBOOLEAN(.T.),$);
#1105=IFCPROPERTYSINGLEVALUE('LoadBearing',$,IFCBOOLEAN(.T.),$);
#1106=IFCPROPERTYSINGLEVALUE('Reference',$,IFCIDENTIFIER('AW Bestand Klinker 30 (Anbau/Erker)'),$);
#1107=IFCOWNERHISTORY(#3,#4,.READWRITE.,.ADDED.,1791469295,#3,#4,1791469295);
#1108=IFCPROPERTYSET('15AeLS199DTQ$9WyzngVtE',#1107,'Oberhofer_Info',$,(#1111,#1112));
#1109=IFCOWNERHISTORY(#3,#4,.READWRITE.,.ADDED.,1791469295,#3,#4,1791469295);
#1110=IFCRELDEFINESBYPROPERTIES('1LABkstE1AQPN$6_bfgWsV',#1109,$,$,(#1054),#1108);
#1111=IFCPROPERTYSINGLEVALUE('Status',$,IFCLABEL('Bestand'),$);
#1112=IFCPROPERTYSINGLEVALUE('Quelle',$,IFCLABEL('Anbau 3,90 \X2\00D7\X0\ 4,80 m (Tektur, best\X2\00E4\X0\tigt Oberhofer 07.10.26); Wanddicke Annahme'),$);
#1113=IFCOWNERHISTORY(#3,#4,.READWRITE.,.MODIFIED.,1791469295,#3,#4,1791469295);
#1114=IFCWALLSTANDARDCASE('1EHVnMZ6v5r8cMRfeUokdE',#1113,'AW Anbau NW',$,$,#1119,#1148,$);
#1115=IFCCARTESIANPOINT((0.,13.079999999999998,-0.5));
#1116=IFCDIRECTION((0.,0.,1.));
#1117=IFCDIRECTION((0.,-1.,0.));
#1118=IFCAXIS2PLACEMENT3D(#1115,#1116,#1117);
#1119=IFCLOCALPLACEMENT(#95,#1118);
#1120=IFCCARTESIANPOINT((0.,0.));
#1121=IFCCARTESIANPOINT((0.,0.3));
#1122=IFCCARTESIANPOINT((4.499999999999998,0.3));
#1123=IFCCARTESIANPOINT((4.499999999999998,0.));
#1124=IFCCARTESIANPOINT((0.,0.));
#1125=IFCPOLYLINE((#1120,#1121,#1122,#1123,#1124));
#1126=IFCDIRECTION((0.,0.,1.));
#1127=IFCARBITRARYCLOSEDPROFILEDEF(.AREA.,$,#1125);
#1128=IFCCARTESIANPOINT((0.,0.,0.));
#1129=IFCDIRECTION((0.,0.,1.));
#1130=IFCDIRECTION((1.,0.,0.));
#1131=IFCAXIS2PLACEMENT3D(#1128,#1129,#1130);
#1132=IFCEXTRUDEDAREASOLID(#1127,#1131,#1126,8.);
#1133=IFCCARTESIANPOINT((13.079999999999998,4.29,3.05));
#1134=IFCDIRECTION((0.,0.57358,0.81915));
#1135=IFCDIRECTION((1.,0.,0.));
#1136=IFCAXIS2PLACEMENT3D(#1133,#1134,#1135);
#1137=IFCPLANE(#1136);
#1138=IFCHALFSPACESOLID(#1137,.F.);
#1139=IFCBOOLEANCLIPPINGRESULT(.DIFFERENCE.,#1132,#1138);
#1140=IFCCARTESIANPOINT((13.079999999999998,-0.39,3.05));
#1141=IFCDIRECTION((0.,-0.57358,0.81915));
#1142=IFCDIRECTION((-1.,0.,0.));
#1143=IFCAXIS2PLACEMENT3D(#1140,#1141,#1142);
#1144=IFCPLANE(#1143);
#1145=IFCHALFSPACESOLID(#1144,.F.);
#1146=IFCBOOLEANCLIPPINGRESULT(.DIFFERENCE.,#1139,#1145);
#1147=IFCSHAPEREPRESENTATION(#20,'Body','Clipping',(#1146));
#1148=IFCPRODUCTDEFINITIONSHAPE($,$,(#1147,#1152));
#1149=IFCCARTESIANPOINT((0.,0.));
#1150=IFCCARTESIANPOINT((4.499999999999998,0.));
#1151=IFCPOLYLINE((#1149,#1150));
#1152=IFCSHAPEREPRESENTATION(#21,'Axis','Curve2D',(#1151));
#1153=IFCMATERIALLAYERSETUSAGE(#193,.AXIS2.,.POSITIVE.,0.);
#1154=IFCOWNERHISTORY(#3,#4,.READWRITE.,.ADDED.,1791469295,#3,#4,1791469295);
#1155=IFCRELASSOCIATESMATERIAL('3mTG5JmXD5dBiycPsVWNOM',#1154,$,$,(#1114),#1153);
#1156=IFCPRESENTATIONSTYLEASSIGNMENT((#163));
#1157=IFCSTYLEDITEM(#1146,(#1156),'Klinker (Vormauerschale)');
#1158=IFCOWNERHISTORY(#3,#4,.READWRITE.,.ADDED.,1791469295,#3,#4,1791469295);
#1159=IFCPROPERTYSET('2I$8Q4nOv0UOrvI4$exJYu',#1158,'Pset_WallCommon',$,(#1162,#1163,#1164));
#1160=IFCOWNERHISTORY(#3,#4,.READWRITE.,.ADDED.,1791469295,#3,#4,1791469295);
#1161=IFCRELDEFINESBYPROPERTIES('2RMwl8jUn6WgY1dMYNBzTk',#1160,$,$,(#1114),#1159);
#1162=IFCPROPERTYSINGLEVALUE('IsExternal',$,IFCBOOLEAN(.T.),$);
#1163=IFCPROPERTYSINGLEVALUE('LoadBearing',$,IFCBOOLEAN(.T.),$);
#1164=IFCPROPERTYSINGLEVALUE('Reference',$,IFCIDENTIFIER('AW Bestand Klinker 30 (Anbau/Erker)'),$);
#1165=IFCOWNERHISTORY(#3,#4,.READWRITE.,.ADDED.,1791469295,#3,#4,1791469295);
#1166=IFCPROPERTYSET('35eRSghiL0eP5AlP9GnXPX',#1165,'Oberhofer_Info',$,(#1169,#1170));
#1167=IFCOWNERHISTORY(#3,#4,.READWRITE.,.ADDED.,1791469295,#3,#4,1791469295);
#1168=IFCRELDEFINESBYPROPERTIES('0lgMbOI9n3cQx7A$6mRYvf',#1167,$,$,(#1114),#1166);
#1169=IFCPROPERTYSINGLEVALUE('Status',$,IFCLABEL('Bestand'),$);
#1170=IFCPROPERTYSINGLEVALUE('Quelle',$,IFCLABEL('Tektur; Wanddicke Annahme'),$);
#1171=IFCOWNERHISTORY(#3,#4,.READWRITE.,.MODIFIED.,1791469295,#3,#4,1791469295);
#1172=IFCWALLSTANDARDCASE('267JDmdCHEH8jpJ7WDtnRQ',#1171,'AW Anbau SO',$,$,#1177,#1206,$);
#1173=IFCCARTESIANPOINT((3.9,8.58,-0.5));
#1174=IFCDIRECTION((0.,0.,1.));
#1175=IFCDIRECTION((0.,1.,0.));
#1176=IFCAXIS2PLACEMENT3D(#1173,#1174,#1175);
#1177=IFCLOCALPLACEMENT(#95,#1176);
#1178=IFCCARTESIANPOINT((0.,0.));
#1179=IFCCARTESIANPOINT((0.,0.3));
#1180=IFCCARTESIANPOINT((4.499999999999998,0.3));
#1181=IFCCARTESIANPOINT((4.499999999999998,0.));
#1182=IFCCARTESIANPOINT((0.,0.));
#1183=IFCPOLYLINE((#1178,#1179,#1180,#1181,#1182));
#1184=IFCDIRECTION((0.,0.,1.));
#1185=IFCARBITRARYCLOSEDPROFILEDEF(.AREA.,$,#1183);
#1186=IFCCARTESIANPOINT((0.,0.,0.));
#1187=IFCDIRECTION((0.,0.,1.));
#1188=IFCDIRECTION((1.,0.,0.));
#1189=IFCAXIS2PLACEMENT3D(#1186,#1187,#1188);
#1190=IFCEXTRUDEDAREASOLID(#1185,#1189,#1184,8.);
#1191=IFCCARTESIANPOINT((-8.58,-0.3900000000000001,3.05));
#1192=IFCDIRECTION((0.,-0.57358,0.81915));
#1193=IFCDIRECTION((-1.,0.,0.));
#1194=IFCAXIS2PLACEMENT3D(#1191,#1192,#1193);
#1195=IFCPLANE(#1194);
#1196=IFCHALFSPACESOLID(#1195,.F.);
#1197=IFCBOOLEANCLIPPINGRESULT(.DIFFERENCE.,#1190,#1196);
#1198=IFCCARTESIANPOINT((-8.58,4.29,3.05));
#1199=IFCDIRECTION((0.,0.57358,0.81915));
#1200=IFCDIRECTION((1.,0.,0.));
#1201=IFCAXIS2PLACEMENT3D(#1198,#1199,#1200);
#1202=IFCPLANE(#1201);
#1203=IFCHALFSPACESOLID(#1202,.F.);
#1204=IFCBOOLEANCLIPPINGRESULT(.DIFFERENCE.,#1197,#1203);
#1205=IFCSHAPEREPRESENTATION(#20,'Body','Clipping',(#1204));
#1206=IFCPRODUCTDEFINITIONSHAPE($,$,(#1205,#1210));
#1207=IFCCARTESIANPOINT((0.,0.));
#1208=IFCCARTESIANPOINT((4.499999999999998,0.));
#1209=IFCPOLYLINE((#1207,#1208));
#1210=IFCSHAPEREPRESENTATION(#21,'Axis','Curve2D',(#1209));
#1211=IFCMATERIALLAYERSETUSAGE(#193,.AXIS2.,.POSITIVE.,0.);
#1212=IFCOWNERHISTORY(#3,#4,.READWRITE.,.ADDED.,1791469295,#3,#4,1791469295);
#1213=IFCRELASSOCIATESMATERIAL('0pMTf7Wd9DfwN6KIAAWWno',#1212,$,$,(#1172),#1211);
#1214=IFCPRESENTATIONSTYLEASSIGNMENT((#163));
#1215=IFCSTYLEDITEM(#1204,(#1214),'Klinker (Vormauerschale)');
#1216=IFCOWNERHISTORY(#3,#4,.READWRITE.,.ADDED.,1791469295,#3,#4,1791469295);
#1217=IFCPROPERTYSET('1guVgK0KD5JfT0FOU0gtsC',#1216,'Pset_WallCommon',$,(#1220,#1221,#1222));
#1218=IFCOWNERHISTORY(#3,#4,.READWRITE.,.ADDED.,1791469295,#3,#4,1791469295);
#1219=IFCRELDEFINESBYPROPERTIES('3xqPX6iqzCQhS7J1lR82BU',#1218,$,$,(#1172),#1217);
#1220=IFCPROPERTYSINGLEVALUE('IsExternal',$,IFCBOOLEAN(.T.),$);
#1221=IFCPROPERTYSINGLEVALUE('LoadBearing',$,IFCBOOLEAN(.T.),$);
#1222=IFCPROPERTYSINGLEVALUE('Reference',$,IFCIDENTIFIER('AW Bestand Klinker 30 (Anbau/Erker)'),$);
#1223=IFCOWNERHISTORY(#3,#4,.READWRITE.,.ADDED.,1791469295,#3,#4,1791469295);
#1224=IFCPROPERTYSET('2Ip8Bqs3vBIxEHDTrAaFX9',#1223,'Oberhofer_Info',$,(#1227,#1228));
#1225=IFCOWNERHISTORY(#3,#4,.READWRITE.,.ADDED.,1791469295,#3,#4,1791469295);
#1226=IFCRELDEFINESBYPROPERTIES('1qdgs4_CrDEP9a1_qVhcWi',#1225,$,$,(#1172),#1224);
#1227=IFCPROPERTYSINGLEVALUE('Status',$,IFCLABEL('Bestand'),$);
#1228=IFCPROPERTYSINGLEVALUE('Quelle',$,IFCLABEL('Tektur; Wanddicke Annahme'),$);
#1229=IFCOWNERHISTORY(#3,#4,.READWRITE.,.MODIFIED.,1791469295,#3,#4,1791469295);
#1230=IFCWALLSTANDARDCASE('0XGPplReP26gNYmR9idb7x',#1229,'AW Windfang-Erker vorn',$,$,#1235,#1250,$);
#1231=IFCCARTESIANPOINT((3.74,-2.,-0.5));
#1232=IFCDIRECTION((0.,0.,1.));
#1233=IFCDIRECTION((1.,0.,0.));
#1234=IFCAXIS2PLACEMENT3D(#1231,#1232,#1233);
#1235=IFCLOCALPLACEMENT(#95,#1234);
#1236=IFCCARTESIANPOINT((0.,0.));
#1237=IFCCARTESIANPOINT((0.,0.3));
#1238=IFCCARTESIANPOINT((4.,0.3));
#1239=IFCCARTESIANPOINT((4.,0.));
#1240=IFCCARTESIANPOINT((0.,0.));
#1241=IFCPOLYLINE((#1236,#1237,#1238,#1239,#1240));
#1242=IFCDIRECTION((0.,0.,1.));
#1243=IFCARBITRARYCLOSEDPROFILEDEF(.AREA.,$,#1241);
#1244=IFCCARTESIANPOINT((0.,0.,0.));
#1245=IFCDIRECTION((0.,0.,1.));
#1246=IFCDIRECTION((1.,0.,0.));
#1247=IFCAXIS2PLACEMENT3D(#1244,#1245,#1246);
#1248=IFCEXTRUDEDAREASOLID(#1243,#1247,#1242,3.);
#1249=IFCSHAPEREPRESENTATION(#20,'Body','SweptSolid',(#1248));
#1250=IFCPRODUCTDEFINITIONSHAPE($,$,(#1249,#1254));
#1251=IFCCARTESIANPOINT((0.,0.));
#1252=IFCCARTESIANPOINT((4.,0.));
#1253=IFCPOLYLINE((#1251,#1252));
#1254=IFCSHAPEREPRESENTATION(#21,'Axis','Curve2D',(#1253));
#1255=IFCMATERIALLAYERSETUSAGE(#193,.AXIS2.,.POSITIVE.,0.);
#1256=IFCOWNERHISTORY(#3,#4,.READWRITE.,.ADDED.,1791469295,#3,#4,1791469295);
#1257=IFCRELASSOCIATESMATERIAL('3cftlsYY97M9E5pmMPa9xe',#1256,$,$,(#1230),#1255);
#1258=IFCPRESENTATIONSTYLEASSIGNMENT((#163));
#1259=IFCSTYLEDITEM(#1248,(#1258),'Klinker (Vormauerschale)');
#1260=IFCOWNERHISTORY(#3,#4,.READWRITE.,.ADDED.,1791469295,#3,#4,1791469295);
#1261=IFCPROPERTYSET('3OdLT2n0r4sRjPDGHXvIx$',#1260,'Pset_WallCommon',$,(#1264,#1265,#1266));
#1262=IFCOWNERHISTORY(#3,#4,.READWRITE.,.ADDED.,1791469295,#3,#4,1791469295);
#1263=IFCRELDEFINESBYPROPERTIES('1vfzlXZxH4SgJ2kGeZ9Qq9',#1262,$,$,(#1230),#1261);
#1264=IFCPROPERTYSINGLEVALUE('IsExternal',$,IFCBOOLEAN(.T.),$);
#1265=IFCPROPERTYSINGLEVALUE('LoadBearing',$,IFCBOOLEAN(.T.),$);
#1266=IFCPROPERTYSINGLEVALUE('Reference',$,IFCIDENTIFIER('AW Bestand Klinker 30 (Anbau/Erker)'),$);
#1267=IFCOWNERHISTORY(#3,#4,.READWRITE.,.ADDED.,1791469295,#3,#4,1791469295);
#1268=IFCPROPERTYSET('1efkmnSQ5Aj8KXqWlRMBo1',#1267,'Oberhofer_Info',$,(#1271,#1272));
#1269=IFCOWNERHISTORY(#3,#4,.READWRITE.,.ADDED.,1791469295,#3,#4,1791469295);
#1270=IFCRELDEFINESBYPROPERTIES('0amjHV0lz2vuQDIXkW1gfn',#1269,$,$,(#1230),#1268);
#1271=IFCPROPERTYSINGLEVALUE('Status',$,IFCLABEL('Bestand'),$);
#1272=IFCPROPERTYSINGLEVALUE('Quelle',$,IFCLABEL('Erker 4,00 \X2\00D7\X0\ 2,00 m (Tektur/Ansicht B); Wanddicke Annahme'),$);
#1273=IFCOWNERHISTORY(#3,#4,.READWRITE.,.MODIFIED.,1791469295,#3,#4,1791469295);
#1274=IFCWALLSTANDARDCASE('3StSAo4PLA5OczKzM7nrkX',#1273,'AW Windfang-Erker NW',$,$,#1279,#1294,$);
#1275=IFCCARTESIANPOINT((3.74,0.,-0.5));
#1276=IFCDIRECTION((0.,0.,1.));
#1277=IFCDIRECTION((0.,-1.,0.));
#1278=IFCAXIS2PLACEMENT3D(#1275,#1276,#1277);
#1279=IFCLOCALPLACEMENT(#95,#1278);
#1280=IFCCARTESIANPOINT((0.,0.));
#1281=IFCCARTESIANPOINT((0.,0.3));
#1282=IFCCARTESIANPOINT((1.7,0.3));
#1283=IFCCARTESIANPOINT((1.7,0.));
#1284=IFCCARTESIANPOINT((0.,0.));
#1285=IFCPOLYLINE((#1280,#1281,#1282,#1283,#1284));
#1286=IFCDIRECTION((0.,0.,1.));
#1287=IFCARBITRARYCLOSEDPROFILEDEF(.AREA.,$,#1285);
#1288=IFCCARTESIANPOINT((0.,0.,0.));
#1289=IFCDIRECTION((0.,0.,1.));
#1290=IFCDIRECTION((1.,0.,0.));
#1291=IFCAXIS2PLACEMENT3D(#1288,#1289,#1290);
#1292=IFCEXTRUDEDAREASOLID(#1287,#1291,#1286,3.);
#1293=IFCSHAPEREPRESENTATION(#20,'Body','SweptSolid',(#1292));
#1294=IFCPRODUCTDEFINITIONSHAPE($,$,(#1293,#1298));
#1295=IFCCARTESIANPOINT((0.,0.));
#1296=IFCCARTESIANPOINT((1.7,0.));
#1297=IFCPOLYLINE((#1295,#1296));
#1298=IFCSHAPEREPRESENTATION(#21,'Axis','Curve2D',(#1297));
#1299=IFCMATERIALLAYERSETUSAGE(#193,.AXIS2.,.POSITIVE.,0.);
#1300=IFCOWNERHISTORY(#3,#4,.READWRITE.,.ADDED.,1791469295,#3,#4,1791469295);
#1301=IFCRELASSOCIATESMATERIAL('1yFTmHCmPDW95NVJPKvKfD',#1300,$,$,(#1274),#1299);
#1302=IFCPRESENTATIONSTYLEASSIGNMENT((#163));
#1303=IFCSTYLEDITEM(#1292,(#1302),'Klinker (Vormauerschale)');
#1304=IFCOWNERHISTORY(#3,#4,.READWRITE.,.ADDED.,1791469295,#3,#4,1791469295);
#1305=IFCPROPERTYSET('1QkkAhCTv5oR7IPMO4$vG3',#1304,'Pset_WallCommon',$,(#1308,#1309,#1310));
#1306=IFCOWNERHISTORY(#3,#4,.READWRITE.,.ADDED.,1791469295,#3,#4,1791469295);
#1307=IFCRELDEFINESBYPROPERTIES('2XWuUVq4v4xwyhdnxj4Uwv',#1306,$,$,(#1274),#1305);
#1308=IFCPROPERTYSINGLEVALUE('IsExternal',$,IFCBOOLEAN(.T.),$);
#1309=IFCPROPERTYSINGLEVALUE('LoadBearing',$,IFCBOOLEAN(.T.),$);
#1310=IFCPROPERTYSINGLEVALUE('Reference',$,IFCIDENTIFIER('AW Bestand Klinker 30 (Anbau/Erker)'),$);
#1311=IFCOWNERHISTORY(#3,#4,.READWRITE.,.ADDED.,1791469295,#3,#4,1791469295);
#1312=IFCPROPERTYSET('2N9eLeYsnCDwgC$OhLJIg8',#1311,'Oberhofer_Info',$,(#1315,#1316));
#1313=IFCOWNERHISTORY(#3,#4,.READWRITE.,.ADDED.,1791469295,#3,#4,1791469295);
#1314=IFCRELDEFINESBYPROPERTIES('33_fByD4zFzxnyDdL8m7R$',#1313,$,$,(#1274),#1312);
#1315=IFCPROPERTYSINGLEVALUE('Status',$,IFCLABEL('Bestand'),$);
#1316=IFCPROPERTYSINGLEVALUE('Quelle',$,IFCLABEL('Tektur; Wanddicke Annahme'),$);
#1317=IFCOWNERHISTORY(#3,#4,.READWRITE.,.MODIFIED.,1791469295,#3,#4,1791469295);
#1318=IFCWALLSTANDARDCASE('3USbWSGXbB886Sv2da2Iov',#1317,'AW Windfang-Erker SO',$,$,#1323,#1338,$);
#1319=IFCCARTESIANPOINT((7.74,-1.7,-0.5));
#1320=IFCDIRECTION((0.,0.,1.));
#1321=IFCDIRECTION((0.,1.,0.));
#1322=IFCAXIS2PLACEMENT3D(#1319,#1320,#1321);
#1323=IFCLOCALPLACEMENT(#95,#1322);
#1324=IFCCARTESIANPOINT((0.,0.));
#1325=IFCCARTESIANPOINT((0.,0.3));
#1326=IFCCARTESIANPOINT((1.7,0.3));
#1327=IFCCARTESIANPOINT((1.7,0.));
#1328=IFCCARTESIANPOINT((0.,0.));
#1329=IFCPOLYLINE((#1324,#1325,#1326,#1327,#1328));
#1330=IFCDIRECTION((0.,0.,1.));
#1331=IFCARBITRARYCLOSEDPROFILEDEF(.AREA.,$,#1329);
#1332=IFCCARTESIANPOINT((0.,0.,0.));
#1333=IFCDIRECTION((0.,0.,1.));
#1334=IFCDIRECTION((1.,0.,0.));
#1335=IFCAXIS2PLACEMENT3D(#1332,#1333,#1334);
#1336=IFCEXTRUDEDAREASOLID(#1331,#1335,#1330,3.);
#1337=IFCSHAPEREPRESENTATION(#20,'Body','SweptSolid',(#1336));
#1338=IFCPRODUCTDEFINITIONSHAPE($,$,(#1337,#1342));
#1339=IFCCARTESIANPOINT((0.,0.));
#1340=IFCCARTESIANPOINT((1.7,0.));
#1341=IFCPOLYLINE((#1339,#1340));
#1342=IFCSHAPEREPRESENTATION(#21,'Axis','Curve2D',(#1341));
#1343=IFCMATERIALLAYERSETUSAGE(#193,.AXIS2.,.POSITIVE.,0.);
#1344=IFCOWNERHISTORY(#3,#4,.READWRITE.,.ADDED.,1791469295,#3,#4,1791469295);
#1345=IFCRELASSOCIATESMATERIAL('2VsISdljn0HhMQnLgay7G3',#1344,$,$,(#1318),#1343);
#1346=IFCPRESENTATIONSTYLEASSIGNMENT((#163));
#1347=IFCSTYLEDITEM(#1336,(#1346),'Klinker (Vormauerschale)');
#1348=IFCOWNERHISTORY(#3,#4,.READWRITE.,.ADDED.,1791469295,#3,#4,1791469295);
#1349=IFCPROPERTYSET('3Gx_dChJbBd9KShazDScEL',#1348,'Pset_WallCommon',$,(#1352,#1353,#1354));
#1350=IFCOWNERHISTORY(#3,#4,.READWRITE.,.ADDED.,1791469295,#3,#4,1791469295);
#1351=IFCRELDEFINESBYPROPERTIES('1Um_YyRxz2nfy4pjgu$DE$',#1350,$,$,(#1318),#1349);
#1352=IFCPROPERTYSINGLEVALUE('IsExternal',$,IFCBOOLEAN(.T.),$);
#1353=IFCPROPERTYSINGLEVALUE('LoadBearing',$,IFCBOOLEAN(.T.),$);
#1354=IFCPROPERTYSINGLEVALUE('Reference',$,IFCIDENTIFIER('AW Bestand Klinker 30 (Anbau/Erker)'),$);
#1355=IFCOWNERHISTORY(#3,#4,.READWRITE.,.ADDED.,1791469295,#3,#4,1791469295);
#1356=IFCPROPERTYSET('2O44SZhzv2LurXSIfYfEp1',#1355,'Oberhofer_Info',$,(#1359,#1360));
#1357=IFCOWNERHISTORY(#3,#4,.READWRITE.,.ADDED.,1791469295,#3,#4,1791469295);
#1358=IFCRELDEFINESBYPROPERTIES('1WYN4U4FXFFfgetFo9DAWe',#1357,$,$,(#1318),#1356);
#1359=IFCPROPERTYSINGLEVALUE('Status',$,IFCLABEL('Bestand'),$);
#1360=IFCPROPERTYSINGLEVALUE('Quelle',$,IFCLABEL('Tektur; Wanddicke Annahme'),$);
#1361=IFCOWNERHISTORY(#3,#4,.READWRITE.,.MODIFIED.,1791469295,#3,#4,1791469295);
#1362=IFCWALLSTANDARDCASE('2ZPkNCUkbFSvSig_TDmDE_',#1361,'KW Stra\X2\00DF\X0\enseite',$,$,#1369,#1384,$);
#1363=IFCOWNERHISTORY(#3,#4,.READWRITE.,.MODIFIED.,1791469321,#3,#4,1791469295);
#1364=IFCRELCONTAINEDINSPATIALSTRUCTURE('0fu7g7xaDCkfJyZ6oQdxZG',#1363,$,$,(#1498,#7986,#1362,#1410,#1454),#81);
#1365=IFCCARTESIANPOINT((0.,0.,-0.1499999999999999));
#1366=IFCDIRECTION((0.,0.,1.));
#1367=IFCDIRECTION((1.,0.,0.));
#1368=IFCAXIS2PLACEMENT3D(#1365,#1366,#1367);
#1369=IFCLOCALPLACEMENT(#88,#1368);
#1370=IFCCARTESIANPOINT((0.,0.));
#1371=IFCCARTESIANPOINT((0.,0.3));
#1372=IFCCARTESIANPOINT((11.48,0.3));
#1373=IFCCARTESIANPOINT((11.48,0.));
#1374=IFCCARTESIANPOINT((0.,0.));
#1375=IFCPOLYLINE((#1370,#1371,#1372,#1373,#1374));
#1376=IFCDIRECTION((0.,0.,1.));
#1377=IFCARBITRARYCLOSEDPROFILEDEF(.AREA.,$,#1375);
#1378=IFCCARTESIANPOINT((0.,0.,0.));
#1379=IFCDIRECTION((0.,0.,1.));
#1380=IFCDIRECTION((1.,0.,0.));
#1381=IFCAXIS2PLACEMENT3D(#1378,#1379,#1380);
#1382=IFCEXTRUDEDAREASOLID(#1377,#1381,#1376,2.15);
#1383=IFCSHAPEREPRESENTATION(#20,'Body','SweptSolid',(#1382));
#1384=IFCPRODUCTDEFINITIONSHAPE($,$,(#1383,#1388));
#1385=IFCCARTESIANPOINT((0.,0.));
#1386=IFCCARTESIANPOINT((11.48,0.));
#1387=IFCPOLYLINE((#1385,#1386));
#1388=IFCSHAPEREPRESENTATION(#21,'Axis','Curve2D',(#1387));
#1389=IFCOWNERHISTORY(#3,#4,.READWRITE.,.MODIFIED.,1791469295,#3,#4,1791469295);
#1390=IFCRELDEFINESBYTYPE('0lNGUhWzX4991mBbsDtGPZ',#1389,$,$,(#1498,#1454,#1362,#1410),#206);
#1391=IFCMATERIALLAYERSETUSAGE(#207,.AXIS2.,.POSITIVE.,0.);
#1392=IFCOWNERHISTORY(#3,#4,.READWRITE.,.ADDED.,1791469295,#3,#4,1791469295);
#1393=IFCRELASSOCIATESMATERIAL('2dyeU4FW14eOotj02WH3_E',#1392,$,$,(#1362),#1391);
#1394=IFCPRESENTATIONSTYLEASSIGNMENT((#209));
#1395=IFCSTYLEDITEM(#1382,(#1394),'Beton/Mauerwerk Keller (Annahme)');
#1396=IFCOWNERHISTORY(#3,#4,.READWRITE.,.ADDED.,1791469295,#3,#4,1791469295);
#1397=IFCPROPERTYSET('07kO4NiSjBfOO_WMDH$2Zt',#1396,'Pset_WallCommon',$,(#1400,#1401,#1402));
#1398=IFCOWNERHISTORY(#3,#4,.READWRITE.,.ADDED.,1791469295,#3,#4,1791469295);
#1399=IFCRELDEFINESBYPROPERTIES('1Sg667RCTCawPPfTOn9R8p',#1398,$,$,(#1362),#1397);
#1400=IFCPROPERTYSINGLEVALUE('IsExternal',$,IFCBOOLEAN(.T.),$);
#1401=IFCPROPERTYSINGLEVALUE('LoadBearing',$,IFCBOOLEAN(.T.),$);
#1402=IFCPROPERTYSINGLEVALUE('Reference',$,IFCIDENTIFIER('KW Bestand Kellerwand 30 (Annahme)'),$);
#1403=IFCOWNERHISTORY(#3,#4,.READWRITE.,.ADDED.,1791469295,#3,#4,1791469295);
#1404=IFCPROPERTYSET('1aRqBKgCrDGAxW5BO37ajS',#1403,'Oberhofer_Info',$,(#1407,#1408));
#1405=IFCOWNERHISTORY(#3,#4,.READWRITE.,.ADDED.,1791469295,#3,#4,1791469295);
#1406=IFCRELDEFINESBYPROPERTIES('0VkmxDJwL1QfVx6q9AtNDP',#1405,$,$,(#1362),#1404);
#1407=IFCPROPERTYSINGLEVALUE('Status',$,IFCLABEL('Bestand'),$);
#1408=IFCPROPERTYSINGLEVALUE('Quelle',$,IFCLABEL('Keller lt. Tektur unter Hauptbau; H\X2\00F6\X0\he/Wanddicke Annahme'),$);
#1409=IFCOWNERHISTORY(#3,#4,.READWRITE.,.MODIFIED.,1791469295,#3,#4,1791469295);
#1410=IFCWALLSTANDARDCASE('2rdzicvun2uP0qe1hsA0jk',#1409,'KW Gartenseite',$,$,#1415,#1430,$);
#1411=IFCCARTESIANPOINT((11.48,8.58,-0.1499999999999999));
#1412=IFCDIRECTION((0.,0.,1.));
#1413=IFCDIRECTION((-1.,0.,0.));
#1414=IFCAXIS2PLACEMENT3D(#1411,#1412,#1413);
#1415=IFCLOCALPLACEMENT(#88,#1414);
#1416=IFCCARTESIANPOINT((0.,0.));
#1417=IFCCARTESIANPOINT((0.,0.3));
#1418=IFCCARTESIANPOINT((11.48,0.3));
#1419=IFCCARTESIANPOINT((11.48,0.));
#1420=IFCCARTESIANPOINT((0.,0.));
#1421=IFCPOLYLINE((#1416,#1417,#1418,#1419,#1420));
#1422=IFCDIRECTION((0.,0.,1.));
#1423=IFCARBITRARYCLOSEDPROFILEDEF(.AREA.,$,#1421);
#1424=IFCCARTESIANPOINT((0.,0.,0.));
#1425=IFCDIRECTION((0.,0.,1.));
#1426=IFCDIRECTION((1.,0.,0.));
#1427=IFCAXIS2PLACEMENT3D(#1424,#1425,#1426);
#1428=IFCEXTRUDEDAREASOLID(#1423,#1427,#1422,2.15);
#1429=IFCSHAPEREPRESENTATION(#20,'Body','SweptSolid',(#1428));
#1430=IFCPRODUCTDEFINITIONSHAPE($,$,(#1429,#1434));
#1431=IFCCARTESIANPOINT((0.,0.));
#1432=IFCCARTESIANPOINT((11.48,0.));
#1433=IFCPOLYLINE((#1431,#1432));
#1434=IFCSHAPEREPRESENTATION(#21,'Axis','Curve2D',(#1433));
#1435=IFCMATERIALLAYERSETUSAGE(#207,.AXIS2.,.POSITIVE.,0.);
#1436=IFCOWNERHISTORY(#3,#4,.READWRITE.,.ADDED.,1791469295,#3,#4,1791469295);
#1437=IFCRELASSOCIATESMATERIAL('2IQKvzfPX6WBxmkLKeKt6P',#1436,$,$,(#1410),#1435);
#1438=IFCPRESENTATIONSTYLEASSIGNMENT((#209));
#1439=IFCSTYLEDITEM(#1428,(#1438),'Beton/Mauerwerk Keller (Annahme)');
#1440=IFCOWNERHISTORY(#3,#4,.READWRITE.,.ADDED.,1791469295,#3,#4,1791469295);
#1441=IFCPROPERTYSET('3bMIW8rErENuYRKnVXVgJj',#1440,'Pset_WallCommon',$,(#1444,#1445,#1446));
#1442=IFCOWNERHISTORY(#3,#4,.READWRITE.,.ADDED.,1791469295,#3,#4,1791469295);
#1443=IFCRELDEFINESBYPROPERTIES('0gu7yX$IbECPyIVu0IpSA5',#1442,$,$,(#1410),#1441);
#1444=IFCPROPERTYSINGLEVALUE('IsExternal',$,IFCBOOLEAN(.T.),$);
#1445=IFCPROPERTYSINGLEVALUE('LoadBearing',$,IFCBOOLEAN(.T.),$);
#1446=IFCPROPERTYSINGLEVALUE('Reference',$,IFCIDENTIFIER('KW Bestand Kellerwand 30 (Annahme)'),$);
#1447=IFCOWNERHISTORY(#3,#4,.READWRITE.,.ADDED.,1791469295,#3,#4,1791469295);
#1448=IFCPROPERTYSET('2g1BXQyb17zO8Vz9cszkaY',#1447,'Oberhofer_Info',$,(#1451,#1452));
#1449=IFCOWNERHISTORY(#3,#4,.READWRITE.,.ADDED.,1791469295,#3,#4,1791469295);
#1450=IFCRELDEFINESBYPROPERTIES('3CpLfHbEjFjRVzVxD0Aowf',#1449,$,$,(#1410),#1448);
#1451=IFCPROPERTYSINGLEVALUE('Status',$,IFCLABEL('Bestand'),$);
#1452=IFCPROPERTYSINGLEVALUE('Quelle',$,IFCLABEL('Keller lt. Tektur unter Hauptbau; H\X2\00F6\X0\he/Wanddicke Annahme'),$);
#1453=IFCOWNERHISTORY(#3,#4,.READWRITE.,.MODIFIED.,1791469295,#3,#4,1791469295);
#1454=IFCWALLSTANDARDCASE('1ETXuGwNXBgQQ2QGIMt5gg',#1453,'KW NW',$,$,#1459,#1474,$);
#1455=IFCCARTESIANPOINT((0.,8.28,-0.1499999999999999));
#1456=IFCDIRECTION((0.,0.,1.));
#1457=IFCDIRECTION((0.,-1.,0.));
#1458=IFCAXIS2PLACEMENT3D(#1455,#1456,#1457);
#1459=IFCLOCALPLACEMENT(#88,#1458);
#1460=IFCCARTESIANPOINT((0.,0.));
#1461=IFCCARTESIANPOINT((0.,0.3));
#1462=IFCCARTESIANPOINT((7.98,0.3));
#1463=IFCCARTESIANPOINT((7.98,0.));
#1464=IFCCARTESIANPOINT((0.,0.));
#1465=IFCPOLYLINE((#1460,#1461,#1462,#1463,#1464));
#1466=IFCDIRECTION((0.,0.,1.));
#1467=IFCARBITRARYCLOSEDPROFILEDEF(.AREA.,$,#1465);
#1468=IFCCARTESIANPOINT((0.,0.,0.));
#1469=IFCDIRECTION((0.,0.,1.));
#1470=IFCDIRECTION((1.,0.,0.));
#1471=IFCAXIS2PLACEMENT3D(#1468,#1469,#1470);
#1472=IFCEXTRUDEDAREASOLID(#1467,#1471,#1466,2.15);
#1473=IFCSHAPEREPRESENTATION(#20,'Body','SweptSolid',(#1472));
#1474=IFCPRODUCTDEFINITIONSHAPE($,$,(#1473,#1478));
#1475=IFCCARTESIANPOINT((0.,0.));
#1476=IFCCARTESIANPOINT((7.98,0.));
#1477=IFCPOLYLINE((#1475,#1476));
#1478=IFCSHAPEREPRESENTATION(#21,'Axis','Curve2D',(#1477));
#1479=IFCMATERIALLAYERSETUSAGE(#207,.AXIS2.,.POSITIVE.,0.);
#1480=IFCOWNERHISTORY(#3,#4,.READWRITE.,.ADDED.,1791469295,#3,#4,1791469295);
#1481=IFCRELASSOCIATESMATERIAL('0h$srDUCX2bQfwEtgg_zis',#1480,$,$,(#1454),#1479);
#1482=IFCPRESENTATIONSTYLEASSIGNMENT((#209));
#1483=IFCSTYLEDITEM(#1472,(#1482),'Beton/Mauerwerk Keller (Annahme)');
#1484=IFCOWNERHISTORY(#3,#4,.READWRITE.,.ADDED.,1791469295,#3,#4,1791469295);
#1485=IFCPROPERTYSET('0$S0fvQ_P5x9pPXt1Oc8IW',#1484,'Pset_WallCommon',$,(#1488,#1489,#1490));
#1486=IFCOWNERHISTORY(#3,#4,.READWRITE.,.ADDED.,1791469295,#3,#4,1791469295);
#1487=IFCRELDEFINESBYPROPERTIES('3GizV2sTT2pPUt_VK_BYxI',#1486,$,$,(#1454),#1485);
#1488=IFCPROPERTYSINGLEVALUE('IsExternal',$,IFCBOOLEAN(.T.),$);
#1489=IFCPROPERTYSINGLEVALUE('LoadBearing',$,IFCBOOLEAN(.T.),$);
#1490=IFCPROPERTYSINGLEVALUE('Reference',$,IFCIDENTIFIER('KW Bestand Kellerwand 30 (Annahme)'),$);
#1491=IFCOWNERHISTORY(#3,#4,.READWRITE.,.ADDED.,1791469295,#3,#4,1791469295);
#1492=IFCPROPERTYSET('0NNNvlA617QwSI4vGSKiOc',#1491,'Oberhofer_Info',$,(#1495,#1496));
#1493=IFCOWNERHISTORY(#3,#4,.READWRITE.,.ADDED.,1791469295,#3,#4,1791469295);
#1494=IFCRELDEFINESBYPROPERTIES('3O8bGOg0H4rf98XiELmsSg',#1493,$,$,(#1454),#1492);
#1495=IFCPROPERTYSINGLEVALUE('Status',$,IFCLABEL('Bestand'),$);
#1496=IFCPROPERTYSINGLEVALUE('Quelle',$,IFCLABEL('Keller lt. Tektur unter Hauptbau; H\X2\00F6\X0\he/Wanddicke Annahme'),$);
#1497=IFCOWNERHISTORY(#3,#4,.READWRITE.,.MODIFIED.,1791469295,#3,#4,1791469295);
#1498=IFCWALLSTANDARDCASE('0DyLYqfKT848NSgkLs47n$',#1497,'KW SO',$,$,#1503,#1518,$);
#1499=IFCCARTESIANPOINT((11.48,0.3,-0.1499999999999999));
#1500=IFCDIRECTION((0.,0.,1.));
#1501=IFCDIRECTION((0.,1.,0.));
#1502=IFCAXIS2PLACEMENT3D(#1499,#1500,#1501);
#1503=IFCLOCALPLACEMENT(#88,#1502);
#1504=IFCCARTESIANPOINT((0.,0.));
#1505=IFCCARTESIANPOINT((0.,0.3));
#1506=IFCCARTESIANPOINT((7.98,0.3));
#1507=IFCCARTESIANPOINT((7.98,0.));
#1508=IFCCARTESIANPOINT((0.,0.));
#1509=IFCPOLYLINE((#1504,#1505,#1506,#1507,#1508));
#1510=IFCDIRECTION((0.,0.,1.));
#1511=IFCARBITRARYCLOSEDPROFILEDEF(.AREA.,$,#1509);
#1512=IFCCARTESIANPOINT((0.,0.,0.));
#1513=IFCDIRECTION((0.,0.,1.));
#1514=IFCDIRECTION((1.,0.,0.));
#1515=IFCAXIS2PLACEMENT3D(#1512,#1513,#1514);
#1516=IFCEXTRUDEDAREASOLID(#1511,#1515,#1510,2.15);
#1517=IFCSHAPEREPRESENTATION(#20,'Body','SweptSolid',(#1516));
#1518=IFCPRODUCTDEFINITIONSHAPE($,$,(#1517,#1522));
#1519=IFCCARTESIANPOINT((0.,0.));
#1520=IFCCARTESIANPOINT((7.98,0.));
#1521=IFCPOLYLINE((#1519,#1520));
#1522=IFCSHAPEREPRESENTATION(#21,'Axis','Curve2D',(#1521));
#1523=IFCMATERIALLAYERSETUSAGE(#207,.AXIS2.,.POSITIVE.,0.);
#1524=IFCOWNERHISTORY(#3,#4,.READWRITE.,.ADDED.,1791469295,#3,#4,1791469295);
#1525=IFCRELASSOCIATESMATERIAL('38ghNV2LTFIBFVhTwWr4DM',#1524,$,$,(#1498),#1523);
#1526=IFCPRESENTATIONSTYLEASSIGNMENT((#209));
#1527=IFCSTYLEDITEM(#1516,(#1526),'Beton/Mauerwerk Keller (Annahme)');
#1528=IFCOWNERHISTORY(#3,#4,.READWRITE.,.ADDED.,1791469295,#3,#4,1791469295);
#1529=IFCPROPERTYSET('1ugSmm_9f8iB2Hdl4wEeZY',#1528,'Pset_WallCommon',$,(#1532,#1533,#1534));
#1530=IFCOWNERHISTORY(#3,#4,.READWRITE.,.ADDED.,1791469295,#3,#4,1791469295);
#1531=IFCRELDEFINESBYPROPERTIES('0aTcRB6$f43RmeJIrTPkm$',#1530,$,$,(#1498),#1529);
#1532=IFCPROPERTYSINGLEVALUE('IsExternal',$,IFCBOOLEAN(.T.),$);
#1533=IFCPROPERTYSINGLEVALUE('LoadBearing',$,IFCBOOLEAN(.T.),$);
#1534=IFCPROPERTYSINGLEVALUE('Reference',$,IFCIDENTIFIER('KW Bestand Kellerwand 30 (Annahme)'),$);
#1535=IFCOWNERHISTORY(#3,#4,.READWRITE.,.ADDED.,1791469295,#3,#4,1791469295);
#1536=IFCPROPERTYSET('3KtEcoKqr3Duwk_DKC0P2h',#1535,'Oberhofer_Info',$,(#1539,#1540));
#1537=IFCOWNERHISTORY(#3,#4,.READWRITE.,.ADDED.,1791469295,#3,#4,1791469295);
#1538=IFCRELDEFINESBYPROPERTIES('1YVXaMgCz06QPjTqthX$dz',#1537,$,$,(#1498),#1536);
#1539=IFCPROPERTYSINGLEVALUE('Status',$,IFCLABEL('Bestand'),$);
#1540=IFCPROPERTYSINGLEVALUE('Quelle',$,IFCLABEL('Keller lt. Tektur unter Hauptbau; H\X2\00F6\X0\he/Wanddicke Annahme'),$);
#1541=IFCOWNERHISTORY(#3,#4,.READWRITE.,.MODIFIED.,1791469295,#3,#4,1791469295);
#1542=IFCWALLSTANDARDCASE('0LieJDQGb5geymYfCjcrlv',#1541,'Garage/Lager-Riegel L\X2\00E4\X0\ngswand A',$,$,#1549,#1578,$);
#1543=IFCOWNERHISTORY(#3,#4,.READWRITE.,.MODIFIED.,1791469322,#3,#4,1791469295);
#1544=IFCRELCONTAINEDINSPATIALSTRUCTURE('3X3HGwewzFs9LQn0b6uBJM',#1543,$,$,(#1836,#4227,#1894,#4365,#1542,#1952,#8220,#4158,#1604,#1662,#4296,#8180,#1720,#4087,#1778,#8751),#111);
#1545=IFCCARTESIANPOINT((11.629494824999998,22.073929225,0.));
#1546=IFCDIRECTION((0.,0.,1.));
#1547=IFCDIRECTION((-0.6073388963971033,0.7944428644799756,0.));
#1548=IFCAXIS2PLACEMENT3D(#1545,#1546,#1547);
#1549=IFCLOCALPLACEMENT(#118,#1548);
#1550=IFCCARTESIANPOINT((0.,0.));
#1551=IFCCARTESIANPOINT((0.,0.25));
#1552=IFCCARTESIANPOINT((9.35,0.25));
#1553=IFCCARTESIANPOINT((9.35,0.));
#1554=IFCCARTESIANPOINT((0.,0.));
#1555=IFCPOLYLINE((#1550,#1551,#1552,#1553,#1554));
#1556=IFCDIRECTION((0.,0.,1.));
#1557=IFCARBITRARYCLOSEDPROFILEDEF(.AREA.,$,#1555);
#1558=IFCCARTESIANPOINT((0.,0.,0.));
#1559=IFCDIRECTION((0.,0.,1.));
#1560=IFCDIRECTION((1.,0.,0.));
#1561=IFCAXIS2PLACEMENT3D(#1558,#1559,#1560);
#1562=IFCEXTRUDEDAREASOLID(#1557,#1561,#1556,6.);
#1563=IFCCARTESIANPOINT((4.672418223547854,3.2499989779564746,2.3));
#1564=IFCDIRECTION((-0.0004164698462634562,0.5240998351836883,0.85166));
#1565=IFCDIRECTION((0.9999996842750686,0.0007946381334532892,-0.));
#1566=IFCAXIS2PLACEMENT3D(#1563,#1564,#1565);
#1567=IFCPLANE(#1566);
#1568=IFCHALFSPACESOLID(#1567,.F.);
#1569=IFCBOOLEANCLIPPINGRESULT(.DIFFERENCE.,#1562,#1568);
#1570=IFCCARTESIANPOINT((4.675000797484809,8.881784197001252E-16,2.3));
#1571=IFCDIRECTION((0.0004164698462634562,-0.5240998351836883,0.85166));
#1572=IFCDIRECTION((-0.9999996842750686,-0.0007946381334532892,0.));
#1573=IFCAXIS2PLACEMENT3D(#1570,#1571,#1572);
#1574=IFCPLANE(#1573);
#1575=IFCHALFSPACESOLID(#1574,.F.);
#1576=IFCBOOLEANCLIPPINGRESULT(.DIFFERENCE.,#1569,#1575);
#1577=IFCSHAPEREPRESENTATION(#20,'Body','Clipping',(#1576));
#1578=IFCPRODUCTDEFINITIONSHAPE($,$,(#1577,#1582));
#1579=IFCCARTESIANPOINT((0.,0.));
#1580=IFCCARTESIANPOINT((9.35,0.));
#1581=IFCPOLYLINE((#1579,#1580));
#1582=IFCSHAPEREPRESENTATION(#21,'Axis','Curve2D',(#1581));
#1583=IFCOWNERHISTORY(#3,#4,.READWRITE.,.MODIFIED.,1791469296,#3,#4,1791469295);
#1584=IFCRELDEFINESBYTYPE('2Y_3W7zN10681j$tyuVVA7',#1583,$,$,(#1836,#1604,#1894,#1662,#1952,#1542,#1778,#1720),#220);
#1585=IFCMATERIALLAYERSETUSAGE(#221,.AXIS2.,.POSITIVE.,0.);
#1586=IFCOWNERHISTORY(#3,#4,.READWRITE.,.ADDED.,1791469295,#3,#4,1791469295);
#1587=IFCRELASSOCIATESMATERIAL('0dtBiyPyD74fcbsSqpKTl8',#1586,$,$,(#1542),#1585);
#1588=IFCPRESENTATIONSTYLEASSIGNMENT((#163));
#1589=IFCSTYLEDITEM(#1576,(#1588),'Klinker (Vormauerschale)');
#1590=IFCOWNERHISTORY(#3,#4,.READWRITE.,.ADDED.,1791469295,#3,#4,1791469295);
#1591=IFCPROPERTYSET('1ahWsrhBj7u8mb328ij0V8',#1590,'Pset_WallCommon',$,(#1594,#1595,#1596));
#1592=IFCOWNERHISTORY(#3,#4,.READWRITE.,.ADDED.,1791469295,#3,#4,1791469295);
#1593=IFCRELDEFINESBYPROPERTIES('0sQYKO7nj4sP0zTWXLX0nC',#1592,$,$,(#1542),#1591);
#1594=IFCPROPERTYSINGLEVALUE('IsExternal',$,IFCBOOLEAN(.T.),$);
#1595=IFCPROPERTYSINGLEVALUE('LoadBearing',$,IFCBOOLEAN(.T.),$);
#1596=IFCPROPERTYSINGLEVALUE('Reference',$,IFCIDENTIFIER('AW Nebengeb\X2\00E4\X0\ude Ziegel 25'),$);
#1597=IFCOWNERHISTORY(#3,#4,.READWRITE.,.ADDED.,1791469295,#3,#4,1791469295);
#1598=IFCPROPERTYSET('0wSzAruHH6LB_d0UDtlnjM',#1597,'Oberhofer_Info',$,(#1601,#1602));
#1599=IFCOWNERHISTORY(#3,#4,.READWRITE.,.ADDED.,1791469295,#3,#4,1791469295);
#1600=IFCRELDEFINESBYPROPERTIES('0AzUlxmPDEruT0teauPuGw',#1599,$,$,(#1542),#1598);
#1601=IFCPROPERTYSINGLEVALUE('Status',$,IFCLABEL('Bestand'),$);
#1602=IFCPROPERTYSINGLEVALUE('Quelle',$,IFCLABEL('Tektur Garage 9,35 \X2\00D7\X0\ 3,25 m, Traufe 2,40, First +1,00; Wanddicke wie Ger\X2\00E4\X0\te (25 cm)'),$);
#1603=IFCOWNERHISTORY(#3,#4,.READWRITE.,.MODIFIED.,1791469295,#3,#4,1791469295);
#1604=IFCWALLSTANDARDCASE('12pR7bSY574PQX9Q5_IsQt',#1603,'Garage/Lager-Riegel L\X2\00E4\X0\ngswand B',$,$,#1609,#1638,$);
#1605=IFCCARTESIANPOINT((3.3705051750000004,27.526068775,0.));
#1606=IFCDIRECTION((0.,0.,1.));
#1607=IFCDIRECTION((0.6073388963971033,-0.7944428644799756,0.));
#1608=IFCAXIS2PLACEMENT3D(#1605,#1606,#1607);
#1609=IFCLOCALPLACEMENT(#118,#1608);
#1610=IFCCARTESIANPOINT((0.,0.));
#1611=IFCCARTESIANPOINT((0.,0.25));
#1612=IFCCARTESIANPOINT((9.35,0.25));
#1613=IFCCARTESIANPOINT((9.35,0.));
#1614=IFCCARTESIANPOINT((0.,0.));
#1615=IFCPOLYLINE((#1610,#1611,#1612,#1613,#1614));
#1616=IFCDIRECTION((0.,0.,1.));
#1617=IFCARBITRARYCLOSEDPROFILEDEF(.AREA.,$,#1615);
#1618=IFCCARTESIANPOINT((0.,0.,0.));
#1619=IFCDIRECTION((0.,0.,1.));
#1620=IFCDIRECTION((1.,0.,0.));
#1621=IFCAXIS2PLACEMENT3D(#1618,#1619,#1620);
#1622=IFCEXTRUDEDAREASOLID(#1617,#1621,#1616,6.);
#1623=IFCCARTESIANPOINT((4.675000797484808,-5.329070518200751E-15,2.3));
#1624=IFCDIRECTION((0.0004164698462634562,-0.5240998351836883,0.85166));
#1625=IFCDIRECTION((-0.9999996842750686,-0.0007946381334532892,0.));
#1626=IFCAXIS2PLACEMENT3D(#1623,#1624,#1625);
#1627=IFCPLANE(#1626);
#1628=IFCHALFSPACESOLID(#1627,.F.);
#1629=IFCBOOLEANCLIPPINGRESULT(.DIFFERENCE.,#1622,#1628);
#1630=IFCCARTESIANPOINT((4.6724182235478535,3.2499989779564684,2.3));
#1631=IFCDIRECTION((-0.0004164698462634562,0.5240998351836883,0.85166));
#1632=IFCDIRECTION((0.9999996842750686,0.0007946381334532892,-0.));
#1633=IFCAXIS2PLACEMENT3D(#1630,#1631,#1632);
#1634=IFCPLANE(#1633);
#1635=IFCHALFSPACESOLID(#1634,.F.);
#1636=IFCBOOLEANCLIPPINGRESULT(.DIFFERENCE.,#1629,#1635);
#1637=IFCSHAPEREPRESENTATION(#20,'Body','Clipping',(#1636));
#1638=IFCPRODUCTDEFINITIONSHAPE($,$,(#1637,#1642));
#1639=IFCCARTESIANPOINT((0.,0.));
#1640=IFCCARTESIANPOINT((9.35,0.));
#1641=IFCPOLYLINE((#1639,#1640));
#1642=IFCSHAPEREPRESENTATION(#21,'Axis','Curve2D',(#1641));
#1643=IFCMATERIALLAYERSETUSAGE(#221,.AXIS2.,.POSITIVE.,0.);
#1644=IFCOWNERHISTORY(#3,#4,.READWRITE.,.ADDED.,1791469295,#3,#4,1791469295);
#1645=IFCRELASSOCIATESMATERIAL('2hXRx9JPP3$hkAOGa3Ev_E',#1644,$,$,(#1604),#1643);
#1646=IFCPRESENTATIONSTYLEASSIGNMENT((#163));
#1647=IFCSTYLEDITEM(#1636,(#1646),'Klinker (Vormauerschale)');
#1648=IFCOWNERHISTORY(#3,#4,.READWRITE.,.ADDED.,1791469295,#3,#4,1791469295);
#1649=IFCPROPERTYSET('0X44TvoNz4aRlmfw5lH2Rs',#1648,'Pset_WallCommon',$,(#1652,#1653,#1654));
#1650=IFCOWNERHISTORY(#3,#4,.READWRITE.,.ADDED.,1791469295,#3,#4,1791469295);
#1651=IFCRELDEFINESBYPROPERTIES('14REUj1wH9zwoikZVLiZVi',#1650,$,$,(#1604),#1649);
#1652=IFCPROPERTYSINGLEVALUE('IsExternal',$,IFCBOOLEAN(.T.),$);
#1653=IFCPROPERTYSINGLEVALUE('LoadBearing',$,IFCBOOLEAN(.T.),$);
#1654=IFCPROPERTYSINGLEVALUE('Reference',$,IFCIDENTIFIER('AW Nebengeb\X2\00E4\X0\ude Ziegel 25'),$);
#1655=IFCOWNERHISTORY(#3,#4,.READWRITE.,.ADDED.,1791469295,#3,#4,1791469295);
#1656=IFCPROPERTYSET('3PC9NAlczCqhV0Bhjer_8h',#1655,'Oberhofer_Info',$,(#1659,#1660));
#1657=IFCOWNERHISTORY(#3,#4,.READWRITE.,.ADDED.,1791469295,#3,#4,1791469295);
#1658=IFCRELDEFINESBYPROPERTIES('3aEeEIyGj8DvCkApSNktRj',#1657,$,$,(#1604),#1656);
#1659=IFCPROPERTYSINGLEVALUE('Status',$,IFCLABEL('Bestand'),$);
#1660=IFCPROPERTYSINGLEVALUE('Quelle',$,IFCLABEL('Tektur Garage 9,35 \X2\00D7\X0\ 3,25 m, Traufe 2,40, First +1,00; Wanddicke wie Ger\X2\00E4\X0\te (25 cm)'),$);
#1661=IFCOWNERHISTORY(#3,#4,.READWRITE.,.MODIFIED.,1791469295,#3,#4,1791469295);
#1662=IFCWALLSTANDARDCASE('0zkerGl_XF1voNGa_CbPUk',#1661,'Garage/Lager-Riegel Stirnwand A',$,$,#1667,#1696,$);
#1663=IFCCARTESIANPOINT((9.247614825,20.250019225,0.));
#1664=IFCDIRECTION((0.,0.,1.));
#1665=IFCDIRECTION((0.7939599990075501,0.6079699992400376,0.));
#1666=IFCAXIS2PLACEMENT3D(#1663,#1664,#1665);
#1667=IFCLOCALPLACEMENT(#118,#1666);
#1668=IFCCARTESIANPOINT((0.,0.));
#1669=IFCCARTESIANPOINT((0.,0.25));
#1670=IFCCARTESIANPOINT((2.75,0.25));
#1671=IFCCARTESIANPOINT((2.75,0.));
#1672=IFCCARTESIANPOINT((0.,0.));
#1673=IFCPOLYLINE((#1668,#1669,#1670,#1671,#1672));
#1674=IFCDIRECTION((0.,0.,1.));
#1675=IFCARBITRARYCLOSEDPROFILEDEF(.AREA.,$,#1673);
#1676=IFCCARTESIANPOINT((0.,0.,0.));
#1677=IFCDIRECTION((0.,0.,1.));
#1678=IFCDIRECTION((1.,0.,0.));
#1679=IFCAXIS2PLACEMENT3D(#1676,#1677,#1678);
#1680=IFCEXTRUDEDAREASOLID(#1675,#1679,#1674,6.);
#1681=IFCCARTESIANPOINT((-0.24628506640489434,4.674999321470501,2.3));
#1682=IFCDIRECTION((-0.524100000655125,2.3546834404598898E-17,0.85166));
#1683=IFCDIRECTION((4.492813275169883E-17,1.,-0.));
#1684=IFCAXIS2PLACEMENT3D(#1681,#1682,#1683);
#1685=IFCPLANE(#1684);
#1686=IFCHALFSPACESOLID(#1685,.F.);
#1687=IFCBOOLEANCLIPPINGRESULT(.DIFFERENCE.,#1680,#1686);
#1688=IFCCARTESIANPOINT((3.003714937657606,4.674999321470503,2.3));
#1689=IFCDIRECTION((0.524100000655125,-2.3546834404598898E-17,0.85166));
#1690=IFCDIRECTION((-4.492813275169883E-17,-1.,0.));
#1691=IFCAXIS2PLACEMENT3D(#1688,#1689,#1690);
#1692=IFCPLANE(#1691);
#1693=IFCHALFSPACESOLID(#1692,.F.);
#1694=IFCBOOLEANCLIPPINGRESULT(.DIFFERENCE.,#1687,#1693);
#1695=IFCSHAPEREPRESENTATION(#20,'Body','Clipping',(#1694));
#1696=IFCPRODUCTDEFINITIONSHAPE($,$,(#1695,#1700));
#1697=IFCCARTESIANPOINT((0.,0.));
#1698=IFCCARTESIANPOINT((2.75,0.));
#1699=IFCPOLYLINE((#1697,#1698));
#1700=IFCSHAPEREPRESENTATION(#21,'Axis','Curve2D',(#1699));
#1701=IFCMATERIALLAYERSETUSAGE(#221,.AXIS2.,.POSITIVE.,0.);
#1702=IFCOWNERHISTORY(#3,#4,.READWRITE.,.ADDED.,1791469295,#3,#4,1791469295);
#1703=IFCRELASSOCIATESMATERIAL('35Qab43Zv4dOapgQ$ud4Hc',#1702,$,$,(#1662),#1701);
#1704=IFCPRESENTATIONSTYLEASSIGNMENT((#163));
#1705=IFCSTYLEDITEM(#1694,(#1704),'Klinker (Vormauerschale)');
#1706=IFCOWNERHISTORY(#3,#4,.READWRITE.,.ADDED.,1791469295,#3,#4,1791469295);
#1707=IFCPROPERTYSET('2cMGzK33fETgGOqKczaID9',#1706,'Pset_WallCommon',$,(#1710,#1711,#1712));
#1708=IFCOWNERHISTORY(#3,#4,.READWRITE.,.ADDED.,1791469295,#3,#4,1791469295);
#1709=IFCRELDEFINESBYPROPERTIES('2g66EpahD4sgHI9v_q$vzM',#1708,$,$,(#1662),#1707);
#1710=IFCPROPERTYSINGLEVALUE('IsExternal',$,IFCBOOLEAN(.T.),$);
#1711=IFCPROPERTYSINGLEVALUE('LoadBearing',$,IFCBOOLEAN(.T.),$);
#1712=IFCPROPERTYSINGLEVALUE('Reference',$,IFCIDENTIFIER('AW Nebengeb\X2\00E4\X0\ude Ziegel 25'),$);
#1713=IFCOWNERHISTORY(#3,#4,.READWRITE.,.ADDED.,1791469295,#3,#4,1791469295);
#1714=IFCPROPERTYSET('3zP7dXKP97yeh1OFgfFwtO',#1713,'Oberhofer_Info',$,(#1717,#1718));
#1715=IFCOWNERHISTORY(#3,#4,.READWRITE.,.ADDED.,1791469295,#3,#4,1791469295);
#1716=IFCRELDEFINESBYPROPERTIES('0A_Fbooy9CvQ4Kqw$pWu14',#1715,$,$,(#1662),#1714);
#1717=IFCPROPERTYSINGLEVALUE('Status',$,IFCLABEL('Bestand'),$);
#1718=IFCPROPERTYSINGLEVALUE('Quelle',$,IFCLABEL('Tektur Garage 9,35 \X2\00D7\X0\ 3,25 m, Traufe 2,40, First +1,00; Wanddicke wie Ger\X2\00E4\X0\te (25 cm)'),$);
#1719=IFCOWNERHISTORY(#3,#4,.READWRITE.,.MODIFIED.,1791469295,#3,#4,1791469295);
#1720=IFCWALLSTANDARDCASE('0G$YMnoq53qRHhl$0zvUcw',#1719,'Garage/Lager-Riegel Stirnwand B',$,$,#1725,#1754,$);
#1721=IFCCARTESIANPOINT((5.752385175000001,29.349978775,0.));
#1722=IFCDIRECTION((0.,0.,1.));
#1723=IFCDIRECTION((-0.7939599990075501,-0.6079699992400376,0.));
#1724=IFCAXIS2PLACEMENT3D(#1721,#1722,#1723);
#1725=IFCLOCALPLACEMENT(#118,#1724);
#1726=IFCCARTESIANPOINT((0.,0.));
#1727=IFCCARTESIANPOINT((0.,0.25));
#1728=IFCCARTESIANPOINT((2.75,0.25));
#1729=IFCCARTESIANPOINT((2.75,0.));
#1730=IFCCARTESIANPOINT((0.,0.));
#1731=IFCPOLYLINE((#1726,#1727,#1728,#1729,#1730));
#1732=IFCDIRECTION((0.,0.,1.));
#1733=IFCARBITRARYCLOSEDPROFILEDEF(.AREA.,$,#1731);
#1734=IFCCARTESIANPOINT((0.,0.,0.));
#1735=IFCDIRECTION((0.,0.,1.));
#1736=IFCDIRECTION((1.,0.,0.));
#1737=IFCAXIS2PLACEMENT3D(#1734,#1735,#1736);
#1738=IFCEXTRUDEDAREASOLID(#1733,#1737,#1732,6.);
#1739=IFCCARTESIANPOINT((3.0037149376576053,4.674999321470501,2.3));
#1740=IFCDIRECTION((0.524100000655125,-2.3546834404598898E-17,0.85166));
#1741=IFCDIRECTION((-4.492813275169883E-17,-1.,0.));
#1742=IFCAXIS2PLACEMENT3D(#1739,#1740,#1741);
#1743=IFCPLANE(#1742);
#1744=IFCHALFSPACESOLID(#1743,.F.);
#1745=IFCBOOLEANCLIPPINGRESULT(.DIFFERENCE.,#1738,#1744);
#1746=IFCCARTESIANPOINT((-0.24628506640489523,4.674999321470498,2.3));
#1747=IFCDIRECTION((-0.524100000655125,2.3546834404598898E-17,0.85166));
#1748=IFCDIRECTION((4.492813275169883E-17,1.,-0.));
#1749=IFCAXIS2PLACEMENT3D(#1746,#1747,#1748);
#1750=IFCPLANE(#1749);
#1751=IFCHALFSPACESOLID(#1750,.F.);
#1752=IFCBOOLEANCLIPPINGRESULT(.DIFFERENCE.,#1745,#1751);
#1753=IFCSHAPEREPRESENTATION(#20,'Body','Clipping',(#1752));
#1754=IFCPRODUCTDEFINITIONSHAPE($,$,(#1753,#1758));
#1755=IFCCARTESIANPOINT((0.,0.));
#1756=IFCCARTESIANPOINT((2.75,0.));
#1757=IFCPOLYLINE((#1755,#1756));
#1758=IFCSHAPEREPRESENTATION(#21,'Axis','Curve2D',(#1757));
#1759=IFCMATERIALLAYERSETUSAGE(#221,.AXIS2.,.POSITIVE.,0.);
#1760=IFCOWNERHISTORY(#3,#4,.READWRITE.,.ADDED.,1791469295,#3,#4,1791469295);
#1761=IFCRELASSOCIATESMATERIAL('0j_YKQMnj20Q8Qj2fGtzPw',#1760,$,$,(#1720),#1759);
#1762=IFCPRESENTATIONSTYLEASSIGNMENT((#163));
#1763=IFCSTYLEDITEM(#1752,(#1762),'Klinker (Vormauerschale)');
#1764=IFCOWNERHISTORY(#3,#4,.READWRITE.,.ADDED.,1791469295,#3,#4,1791469295);
#1765=IFCPROPERTYSET('1P23UfzzH6_Ok5s5jpK87k',#1764,'Pset_WallCommon',$,(#1768,#1769,#1770));
#1766=IFCOWNERHISTORY(#3,#4,.READWRITE.,.ADDED.,1791469295,#3,#4,1791469295);
#1767=IFCRELDEFINESBYPROPERTIES('0Zbug5nXvEmv4XwJgx6ayI',#1766,$,$,(#1720),#1765);
#1768=IFCPROPERTYSINGLEVALUE('IsExternal',$,IFCBOOLEAN(.T.),$);
#1769=IFCPROPERTYSINGLEVALUE('LoadBearing',$,IFCBOOLEAN(.T.),$);
#1770=IFCPROPERTYSINGLEVALUE('Reference',$,IFCIDENTIFIER('AW Nebengeb\X2\00E4\X0\ude Ziegel 25'),$);
#1771=IFCOWNERHISTORY(#3,#4,.READWRITE.,.ADDED.,1791469295,#3,#4,1791469295);
#1772=IFCPROPERTYSET('1WMNScYcvCWPDfy2X0Qvgc',#1771,'Oberhofer_Info',$,(#1775,#1776));
#1773=IFCOWNERHISTORY(#3,#4,.READWRITE.,.ADDED.,1791469295,#3,#4,1791469295);
#1774=IFCRELDEFINESBYPROPERTIES('0xZenSQNzAJA$N9DnvVAIl',#1773,$,$,(#1720),#1772);
#1775=IFCPROPERTYSINGLEVALUE('Status',$,IFCLABEL('Bestand'),$);
#1776=IFCPROPERTYSINGLEVALUE('Quelle',$,IFCLABEL('Tektur Garage 9,35 \X2\00D7\X0\ 3,25 m, Traufe 2,40, First +1,00; Wanddicke wie Ger\X2\00E4\X0\te (25 cm)'),$);
#1777=IFCOWNERHISTORY(#3,#4,.READWRITE.,.MODIFIED.,1791469295,#3,#4,1791469295);
#1778=IFCWALLSTANDARDCASE('1$4vmbhcz0oQE1IIX$7Jnj',#1777,'Ger\X2\00E4\X0\tehaus L\X2\00E4\X0\ngswand A',$,$,#1783,#1812,$);
#1779=IFCCARTESIANPOINT((6.4071995,23.553856500000002,0.));
#1780=IFCDIRECTION((0.,0.,1.));
#1781=IFCDIRECTION((-0.6073388963971033,0.7944428644799756,0.));
#1782=IFCAXIS2PLACEMENT3D(#1779,#1780,#1781);
#1783=IFCLOCALPLACEMENT(#118,#1782);
#1784=IFCCARTESIANPOINT((0.,0.));
#1785=IFCCARTESIANPOINT((0.,0.25));
#1786=IFCCARTESIANPOINT((5.,0.25));
#1787=IFCCARTESIANPOINT((5.,0.));
#1788=IFCCARTESIANPOINT((0.,0.));
#1789=IFCPOLYLINE((#1784,#1785,#1786,#1787,#1788));
#1790=IFCDIRECTION((0.,0.,1.));
#1791=IFCARBITRARYCLOSEDPROFILEDEF(.AREA.,$,#1789);
#1792=IFCCARTESIANPOINT((0.,0.,0.));
#1793=IFCDIRECTION((0.,0.,1.));
#1794=IFCDIRECTION((1.,0.,0.));
#1795=IFCAXIS2PLACEMENT3D(#1792,#1793,#1794);
#1796=IFCEXTRUDEDAREASOLID(#1791,#1795,#1790,6.);
#1797=IFCCARTESIANPOINT((4.9980142575888085,2.49999921381267,2.3));
#1798=IFCDIRECTION((0.3713900633535578,-4.292630805201797E-17,0.92848));
#1799=IFCDIRECTION((-1.1558281248670018E-16,-1.,0.));
#1800=IFCAXIS2PLACEMENT3D(#1797,#1798,#1799);
#1801=IFCPLANE(#1800);
#1802=IFCHALFSPACESOLID(#1801,.F.);
#1803=IFCBOOLEANCLIPPINGRESULT(.DIFFERENCE.,#1796,#1802);
#1804=IFCCARTESIANPOINT((-0.001986595336117336,2.499999213812669,2.3));
#1805=IFCDIRECTION((-0.3713900633535578,4.292630805201797E-17,0.92848));
#1806=IFCDIRECTION((1.1558281248670018E-16,1.,-0.));
#1807=IFCAXIS2PLACEMENT3D(#1804,#1805,#1806);
#1808=IFCPLANE(#1807);
#1809=IFCHALFSPACESOLID(#1808,.F.);
#1810=IFCBOOLEANCLIPPINGRESULT(.DIFFERENCE.,#1803,#1809);
#1811=IFCSHAPEREPRESENTATION(#20,'Body','Clipping',(#1810));
#1812=IFCPRODUCTDEFINITIONSHAPE($,$,(#1811,#1816));
#1813=IFCCARTESIANPOINT((0.,0.));
#1814=IFCCARTESIANPOINT((5.,0.));
#1815=IFCPOLYLINE((#1813,#1814));
#1816=IFCSHAPEREPRESENTATION(#21,'Axis','Curve2D',(#1815));
#1817=IFCMATERIALLAYERSETUSAGE(#221,.AXIS2.,.POSITIVE.,0.);
#1818=IFCOWNERHISTORY(#3,#4,.READWRITE.,.ADDED.,1791469295,#3,#4,1791469295);
#1819=IFCRELASSOCIATESMATERIAL('25tXBeiiT4ZgiDDdbHuShG',#1818,$,$,(#1778),#1817);
#1820=IFCPRESENTATIONSTYLEASSIGNMENT((#163));
#1821=IFCSTYLEDITEM(#1810,(#1820),'Klinker (Vormauerschale)');
#1822=IFCOWNERHISTORY(#3,#4,.READWRITE.,.ADDED.,1791469295,#3,#4,1791469295);
#1823=IFCPROPERTYSET('3nZlK1OlTBSh5bbHVVa8DA',#1822,'Pset_WallCommon',$,(#1826,#1827,#1828));
#1824=IFCOWNERHISTORY(#3,#4,.READWRITE.,.ADDED.,1791469295,#3,#4,1791469295);
#1825=IFCRELDEFINESBYPROPERTIES('1mTtdYw3j5FAVoM0H5jaTj',#1824,$,$,(#1778),#1823);
#1826=IFCPROPERTYSINGLEVALUE('IsExternal',$,IFCBOOLEAN(.T.),$);
#1827=IFCPROPERTYSINGLEVALUE('LoadBearing',$,IFCBOOLEAN(.T.),$);
#1828=IFCPROPERTYSINGLEVALUE('Reference',$,IFCIDENTIFIER('AW Nebengeb\X2\00E4\X0\ude Ziegel 25'),$);
#1829=IFCOWNERHISTORY(#3,#4,.READWRITE.,.ADDED.,1791469295,#3,#4,1791469295);
#1830=IFCPROPERTYSET('1hLru$R8rENvoCzxTKxkj6',#1829,'Oberhofer_Info',$,(#1833,#1834));
#1831=IFCOWNERHISTORY(#3,#4,.READWRITE.,.ADDED.,1791469295,#3,#4,1791469295);
#1832=IFCRELDEFINESBYPROPERTIES('2hIWhNMJ97bhdQ138SD2dC',#1831,$,$,(#1778),#1830);
#1833=IFCPROPERTYSINGLEVALUE('Status',$,IFCLABEL('Bestand'),$);
#1834=IFCPROPERTYSINGLEVALUE('Quelle',$,IFCLABEL('Tektur Ger\X2\00E4\X0\te 5,00 \X2\00D7\X0\ 5,00 m, W\X2\00E4\X0\nde 25 cm, gemeinsamer First mit Riegel'),$);
#1835=IFCOWNERHISTORY(#3,#4,.READWRITE.,.MODIFIED.,1791469295,#3,#4,1791469295);
#1836=IFCWALLSTANDARDCASE('3XmgHskojEYBDpHl3w8bMB',#1835,'Ger\X2\00E4\X0\tehaus L\X2\00E4\X0\ngswand B',$,$,#1841,#1870,$);
#1837=IFCCARTESIANPOINT((-0.5992955000000002,24.4862215,0.));
#1838=IFCDIRECTION((0.,0.,1.));
#1839=IFCDIRECTION((0.6073388963971033,-0.7944428644799756,0.));
#1840=IFCAXIS2PLACEMENT3D(#1837,#1838,#1839);
#1841=IFCLOCALPLACEMENT(#118,#1840);
#1842=IFCCARTESIANPOINT((0.,0.));
#1843=IFCCARTESIANPOINT((0.,0.25));
#1844=IFCCARTESIANPOINT((5.,0.25));
#1845=IFCCARTESIANPOINT((5.,0.));
#1846=IFCCARTESIANPOINT((0.,0.));
#1847=IFCPOLYLINE((#1842,#1843,#1844,#1845,#1846));
#1848=IFCDIRECTION((0.,0.,1.));
#1849=IFCARBITRARYCLOSEDPROFILEDEF(.AREA.,$,#1847);
#1850=IFCCARTESIANPOINT((0.,0.,0.));
#1851=IFCDIRECTION((0.,0.,1.));
#1852=IFCDIRECTION((1.,0.,0.));
#1853=IFCAXIS2PLACEMENT3D(#1850,#1851,#1852);
#1854=IFCEXTRUDEDAREASOLID(#1849,#1853,#1848,6.);
#1855=IFCCARTESIANPOINT((-0.0019865953361186683,2.499999213812671,2.3));
#1856=IFCDIRECTION((-0.3713900633535578,4.292630805201797E-17,0.92848));
#1857=IFCDIRECTION((1.1558281248670018E-16,1.,-0.));
#1858=IFCAXIS2PLACEMENT3D(#1855,#1856,#1857);
#1859=IFCPLANE(#1858);
#1860=IFCHALFSPACESOLID(#1859,.F.);
#1861=IFCBOOLEANCLIPPINGRESULT(.DIFFERENCE.,#1854,#1860);
#1862=IFCCARTESIANPOINT((4.998014257588807,2.499999213812672,2.3));
#1863=IFCDIRECTION((0.3713900633535578,-4.292630805201797E-17,0.92848));
#1864=IFCDIRECTION((-1.1558281248670018E-16,-1.,0.));
#1865=IFCAXIS2PLACEMENT3D(#1862,#1863,#1864);
#1866=IFCPLANE(#1865);
#1867=IFCHALFSPACESOLID(#1866,.F.);
#1868=IFCBOOLEANCLIPPINGRESULT(.DIFFERENCE.,#1861,#1867);
#1869=IFCSHAPEREPRESENTATION(#20,'Body','Clipping',(#1868));
#1870=IFCPRODUCTDEFINITIONSHAPE($,$,(#1869,#1874));
#1871=IFCCARTESIANPOINT((0.,0.));
#1872=IFCCARTESIANPOINT((5.,0.));
#1873=IFCPOLYLINE((#1871,#1872));
#1874=IFCSHAPEREPRESENTATION(#21,'Axis','Curve2D',(#1873));
#1875=IFCMATERIALLAYERSETUSAGE(#221,.AXIS2.,.POSITIVE.,0.);
#1876=IFCOWNERHISTORY(#3,#4,.READWRITE.,.ADDED.,1791469295,#3,#4,1791469295);
#1877=IFCRELASSOCIATESMATERIAL('39yoPJJjv5MvCbeo0s1fB3',#1876,$,$,(#1836),#1875);
#1878=IFCPRESENTATIONSTYLEASSIGNMENT((#163));
#1879=IFCSTYLEDITEM(#1868,(#1878),'Klinker (Vormauerschale)');
#1880=IFCOWNERHISTORY(#3,#4,.READWRITE.,.ADDED.,1791469296,#3,#4,1791469296);
#1881=IFCPROPERTYSET('3MTpHf5RX2LRFO6ebmKO5V',#1880,'Pset_WallCommon',$,(#1884,#1885,#1886));
#1882=IFCOWNERHISTORY(#3,#4,.READWRITE.,.ADDED.,1791469296,#3,#4,1791469296);
#1883=IFCRELDEFINESBYPROPERTIES('1$Fzpu6l9ErgSQRuFj2_LJ',#1882,$,$,(#1836),#1881);
#1884=IFCPROPERTYSINGLEVALUE('IsExternal',$,IFCBOOLEAN(.T.),$);
#1885=IFCPROPERTYSINGLEVALUE('LoadBearing',$,IFCBOOLEAN(.T.),$);
#1886=IFCPROPERTYSINGLEVALUE('Reference',$,IFCIDENTIFIER('AW Nebengeb\X2\00E4\X0\ude Ziegel 25'),$);
#1887=IFCOWNERHISTORY(#3,#4,.READWRITE.,.ADDED.,1791469296,#3,#4,1791469296);
#1888=IFCPROPERTYSET('3oGsF5q9r4b9eSH0i7i8vl',#1887,'Oberhofer_Info',$,(#1891,#1892));
#1889=IFCOWNERHISTORY(#3,#4,.READWRITE.,.ADDED.,1791469296,#3,#4,1791469296);
#1890=IFCRELDEFINESBYPROPERTIES('1$0rjzi554heqbQe3Ja2yu',#1889,$,$,(#1836),#1888);
#1891=IFCPROPERTYSINGLEVALUE('Status',$,IFCLABEL('Bestand'),$);
#1892=IFCPROPERTYSINGLEVALUE('Quelle',$,IFCLABEL('Tektur Ger\X2\00E4\X0\te 5,00 \X2\00D7\X0\ 5,00 m, W\X2\00E4\X0\nde 25 cm, gemeinsamer First mit Riegel'),$);
#1893=IFCOWNERHISTORY(#3,#4,.READWRITE.,.MODIFIED.,1791469296,#3,#4,1791469296);
#1894=IFCWALLSTANDARDCASE('15SUdaW95AMhffo2knsJ$7',#1893,'Ger\X2\00E4\X0\tehaus Stirnwand A',$,$,#1899,#1928,$);
#1895=IFCCARTESIANPOINT((2.6358894999999998,20.665999000000003,0.));
#1896=IFCDIRECTION((0.,0.,1.));
#1897=IFCDIRECTION((0.7939599990075501,0.6079699992400376,0.));
#1898=IFCAXIS2PLACEMENT3D(#1895,#1896,#1897);
#1899=IFCLOCALPLACEMENT(#118,#1898);
#1900=IFCCARTESIANPOINT((0.,0.));
#1901=IFCCARTESIANPOINT((0.,0.25));
#1902=IFCCARTESIANPOINT((4.5,0.25));
#1903=IFCCARTESIANPOINT((4.5,0.));
#1904=IFCCARTESIANPOINT((0.,0.));
#1905=IFCPOLYLINE((#1900,#1901,#1902,#1903,#1904));
#1906=IFCDIRECTION((0.,0.,1.));
#1907=IFCARBITRARYCLOSEDPROFILEDEF(.AREA.,$,#1905);
#1908=IFCCARTESIANPOINT((0.,0.,0.));
#1909=IFCDIRECTION((0.,0.,1.));
#1910=IFCDIRECTION((1.,0.,0.));
#1911=IFCAXIS2PLACEMENT3D(#1908,#1909,#1910);
#1912=IFCEXTRUDEDAREASOLID(#1907,#1911,#1906,6.);
#1913=IFCCARTESIANPOINT((2.253973194157531,4.999999274299996,2.3));
#1914=IFCDIRECTION((0.0002951207067263864,0.3713899460964554,0.92848));
#1915=IFCDIRECTION((0.9999996842750685,-0.0007946381334533335,0.));
#1916=IFCAXIS2PLACEMENT3D(#1913,#1914,#1915);
#1917=IFCPLANE(#1916);
#1918=IFCHALFSPACESOLID(#1917,.F.);
#1919=IFCBOOLEANCLIPPINGRESULT(.DIFFERENCE.,#1912,#1918);
#1920=IFCCARTESIANPOINT((2.250000002812499,4.440892098500626E-16,2.3));
#1921=IFCDIRECTION((-0.0002951207067263864,-0.3713899460964554,0.92848));
#1922=IFCDIRECTION((-0.9999996842750685,0.0007946381334533335,0.));
#1923=IFCAXIS2PLACEMENT3D(#1920,#1921,#1922);
#1924=IFCPLANE(#1923);
#1925=IFCHALFSPACESOLID(#1924,.F.);
#1926=IFCBOOLEANCLIPPINGRESULT(.DIFFERENCE.,#1919,#1925);
#1927=IFCSHAPEREPRESENTATION(#20,'Body','Clipping',(#1926));
#1928=IFCPRODUCTDEFINITIONSHAPE($,$,(#1927,#1932));
#1929=IFCCARTESIANPOINT((0.,0.));
#1930=IFCCARTESIANPOINT((4.5,0.));
#1931=IFCPOLYLINE((#1929,#1930));
#1932=IFCSHAPEREPRESENTATION(#21,'Axis','Curve2D',(#1931));
#1933=IFCMATERIALLAYERSETUSAGE(#221,.AXIS2.,.POSITIVE.,0.);
#1934=IFCOWNERHISTORY(#3,#4,.READWRITE.,.ADDED.,1791469296,#3,#4,1791469296);
#1935=IFCRELASSOCIATESMATERIAL('1cSzWA_3DDLAcbZDa4FiAs',#1934,$,$,(#1894),#1933);
#1936=IFCPRESENTATIONSTYLEASSIGNMENT((#163));
#1937=IFCSTYLEDITEM(#1926,(#1936),'Klinker (Vormauerschale)');
#1938=IFCOWNERHISTORY(#3,#4,.READWRITE.,.ADDED.,1791469296,#3,#4,1791469296);
#1939=IFCPROPERTYSET('03Q4w30qb6ju4ZgYfYUI4n',#1938,'Pset_WallCommon',$,(#1942,#1943,#1944));
#1940=IFCOWNERHISTORY(#3,#4,.READWRITE.,.ADDED.,1791469296,#3,#4,1791469296);
#1941=IFCRELDEFINESBYPROPERTIES('0XshCY7ATBtBkndy54oyQm',#1940,$,$,(#1894),#1939);
#1942=IFCPROPERTYSINGLEVALUE('IsExternal',$,IFCBOOLEAN(.T.),$);
#1943=IFCPROPERTYSINGLEVALUE('LoadBearing',$,IFCBOOLEAN(.T.),$);
#1944=IFCPROPERTYSINGLEVALUE('Reference',$,IFCIDENTIFIER('AW Nebengeb\X2\00E4\X0\ude Ziegel 25'),$);
#1945=IFCOWNERHISTORY(#3,#4,.READWRITE.,.ADDED.,1791469296,#3,#4,1791469296);
#1946=IFCPROPERTYSET('2M$y90Drb4Kvrp7AK5tZKu',#1945,'Oberhofer_Info',$,(#1949,#1950));
#1947=IFCOWNERHISTORY(#3,#4,.READWRITE.,.ADDED.,1791469296,#3,#4,1791469296);
#1948=IFCRELDEFINESBYPROPERTIES('3EEfsTAtj8neWZRfErUc4D',#1947,$,$,(#1894),#1946);
#1949=IFCPROPERTYSINGLEVALUE('Status',$,IFCLABEL('Bestand'),$);
#1950=IFCPROPERTYSINGLEVALUE('Quelle',$,IFCLABEL('Tektur Ger\X2\00E4\X0\te 5,00 \X2\00D7\X0\ 5,00 m, W\X2\00E4\X0\nde 25 cm, gemeinsamer First mit Riegel'),$);
#1951=IFCOWNERHISTORY(#3,#4,.READWRITE.,.MODIFIED.,1791469296,#3,#4,1791469296);
#1952=IFCWALLSTANDARDCASE('04fJ5OZEz4hwGw9h0ZQqhl',#1951,'Ger\X2\00E4\X0\tehaus Stirnwand B',$,$,#1957,#1986,$);
#1953=IFCCARTESIANPOINT((3.1720145000000004,27.374079,0.));
#1954=IFCDIRECTION((0.,0.,1.));
#1955=IFCDIRECTION((-0.7939599990075501,-0.6079699992400376,0.));
#1956=IFCAXIS2PLACEMENT3D(#1953,#1954,#1955);
#1957=IFCLOCALPLACEMENT(#118,#1956);
#1958=IFCCARTESIANPOINT((0.,0.));
#1959=IFCCARTESIANPOINT((0.,0.25));
#1960=IFCCARTESIANPOINT((4.5,0.25));
#1961=IFCCARTESIANPOINT((4.5,0.));
#1962=IFCCARTESIANPOINT((0.,0.));
#1963=IFCPOLYLINE((#1958,#1959,#1960,#1961,#1962));
#1964=IFCDIRECTION((0.,0.,1.));
#1965=IFCARBITRARYCLOSEDPROFILEDEF(.AREA.,$,#1963);
#1966=IFCCARTESIANPOINT((0.,0.,0.));
#1967=IFCDIRECTION((0.,0.,1.));
#1968=IFCDIRECTION((1.,0.,0.));
#1969=IFCAXIS2PLACEMENT3D(#1966,#1967,#1968);
#1970=IFCEXTRUDEDAREASOLID(#1965,#1969,#1964,6.);
#1971=IFCCARTESIANPOINT((2.2500000028125005,6.661338147750939E-16,2.3));
#1972=IFCDIRECTION((-0.0002951207067263864,-0.3713899460964554,0.92848));
#1973=IFCDIRECTION((-0.9999996842750685,0.0007946381334533335,0.));
#1974=IFCAXIS2PLACEMENT3D(#1971,#1972,#1973);
#1975=IFCPLANE(#1974);
#1976=IFCHALFSPACESOLID(#1975,.F.);
#1977=IFCBOOLEANCLIPPINGRESULT(.DIFFERENCE.,#1970,#1976);
#1978=IFCCARTESIANPOINT((2.2539731941575325,4.999999274299997,2.3));
#1979=IFCDIRECTION((0.0002951207067263864,0.3713899460964554,0.92848));
#1980=IFCDIRECTION((0.9999996842750685,-0.0007946381334533335,0.));
#1981=IFCAXIS2PLACEMENT3D(#1978,#1979,#1980);
#1982=IFCPLANE(#1981);
#1983=IFCHALFSPACESOLID(#1982,.F.);
#1984=IFCBOOLEANCLIPPINGRESULT(.DIFFERENCE.,#1977,#1983);
#1985=IFCSHAPEREPRESENTATION(#20,'Body','Clipping',(#1984));
#1986=IFCPRODUCTDEFINITIONSHAPE($,$,(#1985,#1990));
#1987=IFCCARTESIANPOINT((0.,0.));
#1988=IFCCARTESIANPOINT((4.5,0.));
#1989=IFCPOLYLINE((#1987,#1988));
#1990=IFCSHAPEREPRESENTATION(#21,'Axis','Curve2D',(#1989));
#1991=IFCMATERIALLAYERSETUSAGE(#221,.AXIS2.,.POSITIVE.,0.);
#1992=IFCOWNERHISTORY(#3,#4,.READWRITE.,.ADDED.,1791469296,#3,#4,1791469296);
#1993=IFCRELASSOCIATESMATERIAL('3Jw9WU2dXDb9yuqPNYCOX9',#1992,$,$,(#1952),#1991);
#1994=IFCPRESENTATIONSTYLEASSIGNMENT((#163));
#1995=IFCSTYLEDITEM(#1984,(#1994),'Klinker (Vormauerschale)');
#1996=IFCOWNERHISTORY(#3,#4,.READWRITE.,.ADDED.,1791469296,#3,#4,1791469296);
#1997=IFCPROPERTYSET('2NC$ZLu$zFxg6mWITr3DY9',#1996,'Pset_WallCommon',$,(#2000,#2001,#2002));
#1998=IFCOWNERHISTORY(#3,#4,.READWRITE.,.ADDED.,1791469296,#3,#4,1791469296);
#1999=IFCRELDEFINESBYPROPERTIES('29ghDxF8zFCek6LeteJspj',#1998,$,$,(#1952),#1997);
#2000=IFCPROPERTYSINGLEVALUE('IsExternal',$,IFCBOOLEAN(.T.),$);
#2001=IFCPROPERTYSINGLEVALUE('LoadBearing',$,IFCBOOLEAN(.T.),$);
#2002=IFCPROPERTYSINGLEVALUE('Reference',$,IFCIDENTIFIER('AW Nebengeb\X2\00E4\X0\ude Ziegel 25'),$);
#2003=IFCOWNERHISTORY(#3,#4,.READWRITE.,.ADDED.,1791469296,#3,#4,1791469296);
#2004=IFCPROPERTYSET('3Ze655akfCM91mW_E6AY3P',#2003,'Oberhofer_Info',$,(#2007,#2008));
#2005=IFCOWNERHISTORY(#3,#4,.READWRITE.,.ADDED.,1791469296,#3,#4,1791469296);
#2006=IFCRELDEFINESBYPROPERTIES('2l2j6ekrHALuBNd6vhwpu4',#2005,$,$,(#1952),#2004);
#2007=IFCPROPERTYSINGLEVALUE('Status',$,IFCLABEL('Bestand'),$);
#2008=IFCPROPERTYSINGLEVALUE('Quelle',$,IFCLABEL('Tektur Ger\X2\00E4\X0\te 5,00 \X2\00D7\X0\ 5,00 m, W\X2\00E4\X0\nde 25 cm, gemeinsamer First mit Riegel'),$);
#2009=IFCOWNERHISTORY(#3,#4,.READWRITE.,.MODIFIED.,1791469296,#3,#4,1791469296);
#2010=IFCWALLSTANDARDCASE('3VO_QFypH5pg4Yhx3N3ctI',#2009,'AW S\X2\00FC\X0\d (Garten)',$,$,#2017,#2032,$);
#2011=IFCOWNERHISTORY(#3,#4,.READWRITE.,.MODIFIED.,1791469322,#3,#4,1791469296);
#2012=IFCRELCONTAINEDINSPATIALSTRUCTURE('1YepqwtNnEiu_Ottraonzj',#2011,$,$,(#2634,#2324,#5195,#2010,#4988,#8258,#4781,#2546,#2236,#4574,#2766,#2456,#8964,#2146,#5333,#5126,#2678,#4919,#2368,#2058,#4712,#4505,#2590,#2280,#5264,#2502,#5057,#2190,#4850,#2722,#4643,#2412,#4434,#2102),#127);
#2013=IFCCARTESIANPOINT((-13.15500885919274,22.23197419857393,0.));
#2014=IFCDIRECTION((0.,0.,1.));
#2015=IFCDIRECTION((0.7867608423539841,0.6172579500812035,0.));
#2016=IFCAXIS2PLACEMENT3D(#2013,#2014,#2015);
#2017=IFCLOCALPLACEMENT(#134,#2016);
#2018=IFCCARTESIANPOINT((0.,0.));
#2019=IFCCARTESIANPOINT((0.,0.39999999999999997));
#2020=IFCCARTESIANPOINT((19.,0.39999999999999997));
#2021=IFCCARTESIANPOINT((19.,0.));
#2022=IFCCARTESIANPOINT((0.,0.));
#2023=IFCPOLYLINE((#2018,#2019,#2020,#2021,#2022));
#2024=IFCDIRECTION((0.,0.,1.));
#2025=IFCARBITRARYCLOSEDPROFILEDEF(.AREA.,$,#2023);
#2026=IFCCARTESIANPOINT((0.,0.,0.));
#2027=IFCDIRECTION((0.,0.,1.));
#2028=IFCDIRECTION((1.,0.,0.));
#2029=IFCAXIS2PLACEMENT3D(#2026,#2027,#2028);
#2030=IFCEXTRUDEDAREASOLID(#2025,#2029,#2024,3.4);
#2031=IFCSHAPEREPRESENTATION(#20,'Body','SweptSolid',(#2030));
#2032=IFCPRODUCTDEFINITIONSHAPE($,$,(#2031,#2036));
#2033=IFCCARTESIANPOINT((0.,0.));
#2034=IFCCARTESIANPOINT((19.,0.));
#2035=IFCPOLYLINE((#2033,#2034));
#2036=IFCSHAPEREPRESENTATION(#21,'Axis','Curve2D',(#2035));
#2037=IFCOWNERHISTORY(#3,#4,.READWRITE.,.MODIFIED.,1791469296,#3,#4,1791469296);
#2038=IFCRELDEFINESBYTYPE('0rFlJd0nrClBUoHxqhvzjK',#2037,$,$,(#2146,#2102,#2010,#2058),#234);
#2039=IFCMATERIALLAYERSETUSAGE(#235,.AXIS2.,.POSITIVE.,0.);
#2040=IFCOWNERHISTORY(#3,#4,.READWRITE.,.ADDED.,1791469296,#3,#4,1791469296);
#2041=IFCRELASSOCIATESMATERIAL('0xJ8N5doH838UxD9Oak55F',#2040,$,$,(#2010),#2039);
#2042=IFCPRESENTATIONSTYLEASSIGNMENT((#237));
#2043=IFCSTYLEDITEM(#2030,(#2042),'Au\X2\00DF\X0\enputz hell');
#2044=IFCOWNERHISTORY(#3,#4,.READWRITE.,.ADDED.,1791469296,#3,#4,1791469296);
#2045=IFCPROPERTYSET('2Umf6BpHr5ex55HOfgYUSf',#2044,'Pset_WallCommon',$,(#2048,#2049,#2050));
#2046=IFCOWNERHISTORY(#3,#4,.READWRITE.,.ADDED.,1791469296,#3,#4,1791469296);
#2047=IFCRELDEFINESBYPROPERTIES('3kylMQapz6yeEEWqPGFuIt',#2046,$,$,(#2010),#2045);
#2048=IFCPROPERTYSINGLEVALUE('IsExternal',$,IFCBOOLEAN(.T.),$);
#2049=IFCPROPERTYSINGLEVALUE('LoadBearing',$,IFCBOOLEAN(.T.),$);
#2050=IFCPROPERTYSINGLEVALUE('Reference',$,IFCIDENTIFIER('AW Neubau 40 verputzt'),$);
#2051=IFCOWNERHISTORY(#3,#4,.READWRITE.,.ADDED.,1791469296,#3,#4,1791469296);
#2052=IFCPROPERTYSET('0OIAR7$t1CRBrwcrGJowgW',#2051,'Oberhofer_Info',$,(#2055,#2056));
#2053=IFCOWNERHISTORY(#3,#4,.READWRITE.,.ADDED.,1791469296,#3,#4,1791469296);
#2054=IFCRELDEFINESBYPROPERTIES('3VjQgRYOv45u741Sm50Kx9',#2053,$,$,(#2010),#2052);
#2055=IFCPROPERTYSINGLEVALUE('Status',$,IFCLABEL('Neubau Vorentwurf V1'),$);
#2056=IFCPROPERTYSINGLEVALUE('Quelle',$,IFCLABEL('inkl. Attika bis +3,40'),$);
#2057=IFCOWNERHISTORY(#3,#4,.READWRITE.,.MODIFIED.,1791469296,#3,#4,1791469296);
#2058=IFCWALLSTANDARDCASE('2hEXo6nZD7rvfKSmCb2o_B',#2057,'AW Nord (Am Osterfeld)',$,$,#2063,#2078,$);
#2059=IFCCARTESIANPOINT((-3.8853259952141173,41.198074999773446,0.));
#2060=IFCDIRECTION((0.,0.,1.));
#2061=IFCDIRECTION((-0.7867608423539841,-0.6172579500812035,0.));
#2062=IFCAXIS2PLACEMENT3D(#2059,#2060,#2061);
#2063=IFCLOCALPLACEMENT(#134,#2062);
#2064=IFCCARTESIANPOINT((0.,0.));
#2065=IFCCARTESIANPOINT((0.,0.39999999999999997));
#2066=IFCCARTESIANPOINT((19.,0.39999999999999997));
#2067=IFCCARTESIANPOINT((19.,0.));
#2068=IFCCARTESIANPOINT((0.,0.));
#2069=IFCPOLYLINE((#2064,#2065,#2066,#2067,#2068));
#2070=IFCDIRECTION((0.,0.,1.));
#2071=IFCARBITRARYCLOSEDPROFILEDEF(.AREA.,$,#2069);
#2072=IFCCARTESIANPOINT((0.,0.,0.));
#2073=IFCDIRECTION((0.,0.,1.));
#2074=IFCDIRECTION((1.,0.,0.));
#2075=IFCAXIS2PLACEMENT3D(#2072,#2073,#2074);
#2076=IFCEXTRUDEDAREASOLID(#2071,#2075,#2070,3.4);
#2077=IFCSHAPEREPRESENTATION(#20,'Body','SweptSolid',(#2076));
#2078=IFCPRODUCTDEFINITIONSHAPE($,$,(#2077,#2082));
#2079=IFCCARTESIANPOINT((0.,0.));
#2080=IFCCARTESIANPOINT((19.,0.));
#2081=IFCPOLYLINE((#2079,#2080));
#2082=IFCSHAPEREPRESENTATION(#21,'Axis','Curve2D',(#2081));
#2083=IFCMATERIALLAYERSETUSAGE(#235,.AXIS2.,.POSITIVE.,0.);
#2084=IFCOWNERHISTORY(#3,#4,.READWRITE.,.ADDED.,1791469296,#3,#4,1791469296);
#2085=IFCRELASSOCIATESMATERIAL('22hgbT0_11qQYVUbZ5VAWz',#2084,$,$,(#2058),#2083);
#2086=IFCPRESENTATIONSTYLEASSIGNMENT((#237));
#2087=IFCSTYLEDITEM(#2076,(#2086),'Au\X2\00DF\X0\enputz hell');
#2088=IFCOWNERHISTORY(#3,#4,.READWRITE.,.ADDED.,1791469296,#3,#4,1791469296);
#2089=IFCPROPERTYSET('0pSw5q6ljEthPZYV9se1Q7',#2088,'Pset_WallCommon',$,(#2092,#2093,#2094));
#2090=IFCOWNERHISTORY(#3,#4,.READWRITE.,.ADDED.,1791469296,#3,#4,1791469296);
#2091=IFCRELDEFINESBYPROPERTIES('2du5K2My1CuQ$jW5ILLw10',#2090,$,$,(#2058),#2089);
#2092=IFCPROPERTYSINGLEVALUE('IsExternal',$,IFCBOOLEAN(.T.),$);
#2093=IFCPROPERTYSINGLEVALUE('LoadBearing',$,IFCBOOLEAN(.T.),$);
#2094=IFCPROPERTYSINGLEVALUE('Reference',$,IFCIDENTIFIER('AW Neubau 40 verputzt'),$);
#2095=IFCOWNERHISTORY(#3,#4,.READWRITE.,.ADDED.,1791469296,#3,#4,1791469296);
#2096=IFCPROPERTYSET('0LRpcd7PrCTPjXBXOcz7nH',#2095,'Oberhofer_Info',$,(#2099,#2100));
#2097=IFCOWNERHISTORY(#3,#4,.READWRITE.,.ADDED.,1791469296,#3,#4,1791469296);
#2098=IFCRELDEFINESBYPROPERTIES('1NKWctqZjETfZqNb35ddcO',#2097,$,$,(#2058),#2096);
#2099=IFCPROPERTYSINGLEVALUE('Status',$,IFCLABEL('Neubau Vorentwurf V1'),$);
#2100=IFCPROPERTYSINGLEVALUE('Quelle',$,IFCLABEL('inkl. Attika bis +3,40'),$);
#2101=IFCOWNERHISTORY(#3,#4,.READWRITE.,.MODIFIED.,1791469296,#3,#4,1791469296);
#2102=IFCWALLSTANDARDCASE('1ucS9teh1EOvhHTkjPeu09',#2101,'AW West',$,$,#2107,#2122,$);
#2103=IFCCARTESIANPOINT((-18.58687881990733,29.15546961128899,0.));
#2104=IFCDIRECTION((0.,0.,1.));
#2105=IFCDIRECTION((0.6172579500812035,-0.7867608423539841,0.));
#2106=IFCAXIS2PLACEMENT3D(#2103,#2104,#2105);
#2107=IFCLOCALPLACEMENT(#134,#2106);
#2108=IFCCARTESIANPOINT((0.,0.));
#2109=IFCCARTESIANPOINT((0.,0.39999999999999997));
#2110=IFCCARTESIANPOINT((8.399999999999999,0.39999999999999997));
#2111=IFCCARTESIANPOINT((8.399999999999999,0.));
#2112=IFCCARTESIANPOINT((0.,0.));
#2113=IFCPOLYLINE((#2108,#2109,#2110,#2111,#2112));
#2114=IFCDIRECTION((0.,0.,1.));
#2115=IFCARBITRARYCLOSEDPROFILEDEF(.AREA.,$,#2113);
#2116=IFCCARTESIANPOINT((0.,0.,0.));
#2117=IFCDIRECTION((0.,0.,1.));
#2118=IFCDIRECTION((1.,0.,0.));
#2119=IFCAXIS2PLACEMENT3D(#2116,#2117,#2118);
#2120=IFCEXTRUDEDAREASOLID(#2115,#2119,#2114,3.4);
#2121=IFCSHAPEREPRESENTATION(#20,'Body','SweptSolid',(#2120));
#2122=IFCPRODUCTDEFINITIONSHAPE($,$,(#2121,#2126));
#2123=IFCCARTESIANPOINT((0.,0.));
#2124=IFCCARTESIANPOINT((8.399999999999999,0.));
#2125=IFCPOLYLINE((#2123,#2124));
#2126=IFCSHAPEREPRESENTATION(#21,'Axis','Curve2D',(#2125));
#2127=IFCMATERIALLAYERSETUSAGE(#235,.AXIS2.,.POSITIVE.,0.);
#2128=IFCOWNERHISTORY(#3,#4,.READWRITE.,.ADDED.,1791469296,#3,#4,1791469296);
#2129=IFCRELASSOCIATESMATERIAL('2U4PHtChX1PPbA3XBteJGF',#2128,$,$,(#2102),#2127);
#2130=IFCPRESENTATIONSTYLEASSIGNMENT((#237));
#2131=IFCSTYLEDITEM(#2120,(#2130),'Au\X2\00DF\X0\enputz hell');
#2132=IFCOWNERHISTORY(#3,#4,.READWRITE.,.ADDED.,1791469296,#3,#4,1791469296);
#2133=IFCPROPERTYSET('2xWgHXRi1AbPclp9Ee$QY3',#2132,'Pset_WallCommon',$,(#2136,#2137,#2138));
#2134=IFCOWNERHISTORY(#3,#4,.READWRITE.,.ADDED.,1791469296,#3,#4,1791469296);
#2135=IFCRELDEFINESBYPROPERTIES('0_MOsJncrDbAttZoAbsw8N',#2134,$,$,(#2102),#2133);
#2136=IFCPROPERTYSINGLEVALUE('IsExternal',$,IFCBOOLEAN(.T.),$);
#2137=IFCPROPERTYSINGLEVALUE('LoadBearing',$,IFCBOOLEAN(.T.),$);
#2138=IFCPROPERTYSINGLEVALUE('Reference',$,IFCIDENTIFIER('AW Neubau 40 verputzt'),$);
#2139=IFCOWNERHISTORY(#3,#4,.READWRITE.,.ADDED.,1791469296,#3,#4,1791469296);
#2140=IFCPROPERTYSET('2g51DtjVL9MuVbj751vl5a',#2139,'Oberhofer_Info',$,(#2143,#2144));
#2141=IFCOWNERHISTORY(#3,#4,.READWRITE.,.ADDED.,1791469296,#3,#4,1791469296);
#2142=IFCRELDEFINESBYPROPERTIES('2TFg6t3V1EJgvqzcj1LZ7v',#2141,$,$,(#2102),#2140);
#2143=IFCPROPERTYSINGLEVALUE('Status',$,IFCLABEL('Neubau Vorentwurf V1'),$);
#2144=IFCPROPERTYSINGLEVALUE('Quelle',$,IFCLABEL('inkl. Attika bis +3,40'),$);
#2145=IFCOWNERHISTORY(#3,#4,.READWRITE.,.MODIFIED.,1791469296,#3,#4,1791469296);
#2146=IFCWALLSTANDARDCASE('2YpT4lyIXEkO8wmo61fgFJ',#2145,'AW Ost',$,$,#2151,#2166,$);
#2147=IFCCARTESIANPOINT((1.546543965500474,34.27457958705839,0.));
#2148=IFCDIRECTION((0.,0.,1.));
#2149=IFCDIRECTION((-0.6172579500812035,0.7867608423539841,0.));
#2150=IFCAXIS2PLACEMENT3D(#2147,#2148,#2149);
#2151=IFCLOCALPLACEMENT(#134,#2150);
#2152=IFCCARTESIANPOINT((0.,0.));
#2153=IFCCARTESIANPOINT((0.,0.39999999999999997));
#2154=IFCCARTESIANPOINT((8.399999999999999,0.39999999999999997));
#2155=IFCCARTESIANPOINT((8.399999999999999,0.));
#2156=IFCCARTESIANPOINT((0.,0.));
#2157=IFCPOLYLINE((#2152,#2153,#2154,#2155,#2156));
#2158=IFCDIRECTION((0.,0.,1.));
#2159=IFCARBITRARYCLOSEDPROFILEDEF(.AREA.,$,#2157);
#2160=IFCCARTESIANPOINT((0.,0.,0.));
#2161=IFCDIRECTION((0.,0.,1.));
#2162=IFCDIRECTION((1.,0.,0.));
#2163=IFCAXIS2PLACEMENT3D(#2160,#2161,#2162);
#2164=IFCEXTRUDEDAREASOLID(#2159,#2163,#2158,3.4);
#2165=IFCSHAPEREPRESENTATION(#20,'Body','SweptSolid',(#2164));
#2166=IFCPRODUCTDEFINITIONSHAPE($,$,(#2165,#2170));
#2167=IFCCARTESIANPOINT((0.,0.));
#2168=IFCCARTESIANPOINT((8.399999999999999,0.));
#2169=IFCPOLYLINE((#2167,#2168));
#2170=IFCSHAPEREPRESENTATION(#21,'Axis','Curve2D',(#2169));
#2171=IFCMATERIALLAYERSETUSAGE(#235,.AXIS2.,.POSITIVE.,0.);
#2172=IFCOWNERHISTORY(#3,#4,.READWRITE.,.ADDED.,1791469296,#3,#4,1791469296);
#2173=IFCRELASSOCIATESMATERIAL('0bh9HnBE15ERB894nOTC9D',#2172,$,$,(#2146),#2171);
#2174=IFCPRESENTATIONSTYLEASSIGNMENT((#237));
#2175=IFCSTYLEDITEM(#2164,(#2174),'Au\X2\00DF\X0\enputz hell');
#2176=IFCOWNERHISTORY(#3,#4,.READWRITE.,.ADDED.,1791469296,#3,#4,1791469296);
#2177=IFCPROPERTYSET('1CaMSY0Rn4WelI9p5aH5l5',#2176,'Pset_WallCommon',$,(#2180,#2181,#2182));
#2178=IFCOWNERHISTORY(#3,#4,.READWRITE.,.ADDED.,1791469296,#3,#4,1791469296);
#2179=IFCRELDEFINESBYPROPERTIES('0aoxpl28D9lgKNWcQARYE$',#2178,$,$,(#2146),#2177);
#2180=IFCPROPERTYSINGLEVALUE('IsExternal',$,IFCBOOLEAN(.T.),$);
#2181=IFCPROPERTYSINGLEVALUE('LoadBearing',$,IFCBOOLEAN(.T.),$);
#2182=IFCPROPERTYSINGLEVALUE('Reference',$,IFCIDENTIFIER('AW Neubau 40 verputzt'),$);
#2183=IFCOWNERHISTORY(#3,#4,.READWRITE.,.ADDED.,1791469296,#3,#4,1791469296);
#2184=IFCPROPERTYSET('2cENi9rRD4yQmMaSDmxb2r',#2183,'Oberhofer_Info',$,(#2187,#2188));
#2185=IFCOWNERHISTORY(#3,#4,.READWRITE.,.ADDED.,1791469296,#3,#4,1791469296);
#2186=IFCRELDEFINESBYPROPERTIES('00eZ1zHoP9qf$YN1IHb2KS',#2185,$,$,(#2146),#2184);
#2187=IFCPROPERTYSINGLEVALUE('Status',$,IFCLABEL('Neubau Vorentwurf V1'),$);
#2188=IFCPROPERTYSINGLEVALUE('Quelle',$,IFCLABEL('inkl. Attika bis +3,40'),$);
#2189=IFCOWNERHISTORY(#3,#4,.READWRITE.,.MODIFIED.,1791469296,#3,#4,1791469296);
#2190=IFCWALLSTANDARDCASE('0inlTCYHT2vw_pAboUxOxX',#2189,'IW 01',$,$,#2195,#2210,$);
#2191=IFCCARTESIANPOINT((-15.482901924380974,25.847148549238717,0.));
#2192=IFCDIRECTION((0.,0.,1.));
#2193=IFCDIRECTION((0.7934482549620832,0.6086377138311635,0.));
#2194=IFCAXIS2PLACEMENT3D(#2191,#2192,#2193);
#2195=IFCLOCALPLACEMENT(#134,#2194);
#2196=IFCCARTESIANPOINT((0.,0.));
#2197=IFCCARTESIANPOINT((0.,0.115));
#2198=IFCCARTESIANPOINT((3.3880804294184674,0.115));
#2199=IFCCARTESIANPOINT((3.3880804294184674,0.));
#2200=IFCCARTESIANPOINT((0.,0.));
#2201=IFCPOLYLINE((#2196,#2197,#2198,#2199,#2200));
#2202=IFCDIRECTION((0.,0.,1.));
#2203=IFCARBITRARYCLOSEDPROFILEDEF(.AREA.,$,#2201);
#2204=IFCCARTESIANPOINT((0.,-0.0575,0.));
#2205=IFCDIRECTION((0.,0.,1.));
#2206=IFCDIRECTION((1.,0.,0.));
#2207=IFCAXIS2PLACEMENT3D(#2204,#2205,#2206);
#2208=IFCEXTRUDEDAREASOLID(#2203,#2207,#2202,2.75);
#2209=IFCSHAPEREPRESENTATION(#20,'Body','SweptSolid',(#2208));
#2210=IFCPRODUCTDEFINITIONSHAPE($,$,(#2209,#2214));
#2211=IFCCARTESIANPOINT((0.,0.));
#2212=IFCCARTESIANPOINT((3.3880804294184674,0.));
#2213=IFCPOLYLINE((#2211,#2212));
#2214=IFCSHAPEREPRESENTATION(#21,'Axis','Curve2D',(#2213));
#2215=IFCOWNERHISTORY(#3,#4,.READWRITE.,.MODIFIED.,1791469296,#3,#4,1791469296);
#2216=IFCRELDEFINESBYTYPE('0jCbt0oS1DIBEhdUIMURTI',#2215,$,$,(#2236,#2368,#2502,#2634,#2190,#2766,#2324,#2590,#2722,#2280,#2412),#282);
#2217=IFCMATERIALLAYERSETUSAGE(#283,.AXIS2.,.POSITIVE.,-0.0575);
#2218=IFCOWNERHISTORY(#3,#4,.READWRITE.,.ADDED.,1791469296,#3,#4,1791469296);
#2219=IFCRELASSOCIATESMATERIAL('0ct763Kq9Ae9fpwB6zHhRh',#2218,$,$,(#2190),#2217);
#2220=IFCPRESENTATIONSTYLEASSIGNMENT((#237));
#2221=IFCSTYLEDITEM(#2208,(#2220),'Au\X2\00DF\X0\enputz hell');
#2222=IFCOWNERHISTORY(#3,#4,.READWRITE.,.ADDED.,1791469296,#3,#4,1791469296);
#2223=IFCPROPERTYSET('3yxrA6d6j70h65hOyYX1oT',#2222,'Pset_WallCommon',$,(#2226,#2227,#2228));
#2224=IFCOWNERHISTORY(#3,#4,.READWRITE.,.ADDED.,1791469296,#3,#4,1791469296);
#2225=IFCRELDEFINESBYPROPERTIES('03fbMPV2rFVeIY1cTKAVuB',#2224,$,$,(#2190),#2223);
#2226=IFCPROPERTYSINGLEVALUE('IsExternal',$,IFCBOOLEAN(.F.),$);
#2227=IFCPROPERTYSINGLEVALUE('LoadBearing',$,IFCBOOLEAN(.F.),$);
#2228=IFCPROPERTYSINGLEVALUE('Reference',$,IFCIDENTIFIER('IW Neubau 11,5'),$);
#2229=IFCOWNERHISTORY(#3,#4,.READWRITE.,.ADDED.,1791469296,#3,#4,1791469296);
#2230=IFCPROPERTYSET('0lEOZ84FXBZ8JVunF3$K4x',#2229,'Oberhofer_Info',$,(#2233,#2234));
#2231=IFCOWNERHISTORY(#3,#4,.READWRITE.,.ADDED.,1791469296,#3,#4,1791469296);
#2232=IFCRELDEFINESBYPROPERTIES('2q5dyirb1DKv6Leqex4qEq',#2231,$,$,(#2190),#2230);
#2233=IFCPROPERTYSINGLEVALUE('Status',$,IFCLABEL('Neubau Vorentwurf V1'),$);
#2234=IFCPROPERTYSINGLEVALUE('Quelle',$,IFCLABEL('Lage aus \X2\201E\X0\_Neubau 0.1.5\X2\201C\X0\ skaliert; Dicke/Tragwerk Annahme (\X2\2265\X0\4 m = 17,5 tragend)'),$);
#2235=IFCOWNERHISTORY(#3,#4,.READWRITE.,.MODIFIED.,1791469296,#3,#4,1791469296);
#2236=IFCWALLSTANDARDCASE('0Kqs75x6LBHQcFdQvr7A7P',#2235,'IW 02',$,$,#2241,#2256,$);
#2237=IFCCARTESIANPOINT((-12.794635419987705,27.90926207607608,0.));
#2238=IFCDIRECTION((0.,0.,1.));
#2239=IFCDIRECTION((0.6212809862544618,-0.783587861135357,0.));
#2240=IFCAXIS2PLACEMENT3D(#2237,#2238,#2239);
#2241=IFCLOCALPLACEMENT(#134,#2240);
#2242=IFCCARTESIANPOINT((0.,0.));
#2243=IFCCARTESIANPOINT((0.,0.115));
#2244=IFCCARTESIANPOINT((3.844274883605049,0.115));
#2245=IFCCARTESIANPOINT((3.844274883605049,0.));
#2246=IFCCARTESIANPOINT((0.,0.));
#2247=IFCPOLYLINE((#2242,#2243,#2244,#2245,#2246));
#2248=IFCDIRECTION((0.,0.,1.));
#2249=IFCARBITRARYCLOSEDPROFILEDEF(.AREA.,$,#2247);
#2250=IFCCARTESIANPOINT((0.,-0.0575,0.));
#2251=IFCDIRECTION((0.,0.,1.));
#2252=IFCDIRECTION((1.,0.,0.));
#2253=IFCAXIS2PLACEMENT3D(#2250,#2251,#2252);
#2254=IFCEXTRUDEDAREASOLID(#2249,#2253,#2248,2.75);
#2255=IFCSHAPEREPRESENTATION(#20,'Body','SweptSolid',(#2254));
#2256=IFCPRODUCTDEFINITIONSHAPE($,$,(#2255,#2260));
#2257=IFCCARTESIANPOINT((0.,0.));
#2258=IFCCARTESIANPOINT((3.844274883605049,0.));
#2259=IFCPOLYLINE((#2257,#2258));
#2260=IFCSHAPEREPRESENTATION(#21,'Axis','Curve2D',(#2259));
#2261=IFCMATERIALLAYERSETUSAGE(#283,.AXIS2.,.POSITIVE.,-0.0575);
#2262=IFCOWNERHISTORY(#3,#4,.READWRITE.,.ADDED.,1791469296,#3,#4,1791469296);
#2263=IFCRELASSOCIATESMATERIAL('3OSmbtetLASe87naR2sjvR',#2262,$,$,(#2236),#2261);
#2264=IFCPRESENTATIONSTYLEASSIGNMENT((#237));
#2265=IFCSTYLEDITEM(#2254,(#2264),'Au\X2\00DF\X0\enputz hell');
#2266=IFCOWNERHISTORY(#3,#4,.READWRITE.,.ADDED.,1791469296,#3,#4,1791469296);
#2267=IFCPROPERTYSET('2tHExxyErE1RIF8ZBarYpv',#2266,'Pset_WallCommon',$,(#2270,#2271,#2272));
#2268=IFCOWNERHISTORY(#3,#4,.READWRITE.,.ADDED.,1791469296,#3,#4,1791469296);
#2269=IFCRELDEFINESBYPROPERTIES('1tNwTDHFv6Ogy6H0U3POxx',#2268,$,$,(#2236),#2267);
#2270=IFCPROPERTYSINGLEVALUE('IsExternal',$,IFCBOOLEAN(.F.),$);
#2271=IFCPROPERTYSINGLEVALUE('LoadBearing',$,IFCBOOLEAN(.F.),$);
#2272=IFCPROPERTYSINGLEVALUE('Reference',$,IFCIDENTIFIER('IW Neubau 11,5'),$);
#2273=IFCOWNERHISTORY(#3,#4,.READWRITE.,.ADDED.,1791469296,#3,#4,1791469296);
#2274=IFCPROPERTYSET('0lYKupDxn9agJYK4YfWnIv',#2273,'Oberhofer_Info',$,(#2277,#2278));
#2275=IFCOWNERHISTORY(#3,#4,.READWRITE.,.ADDED.,1791469296,#3,#4,1791469296);
#2276=IFCRELDEFINESBYPROPERTIES('3NdcRaWYX2UQ50UC42iDzm',#2275,$,$,(#2236),#2274);
#2277=IFCPROPERTYSINGLEVALUE('Status',$,IFCLABEL('Neubau Vorentwurf V1'),$);
#2278=IFCPROPERTYSINGLEVALUE('Quelle',$,IFCLABEL('Lage aus \X2\201E\X0\_Neubau 0.1.5\X2\201C\X0\ skaliert; Dicke/Tragwerk Annahme (\X2\2265\X0\4 m = 17,5 tragend)'),$);
#2279=IFCOWNERHISTORY(#3,#4,.READWRITE.,.MODIFIED.,1791469296,#3,#4,1791469296);
#2280=IFCWALLSTANDARDCASE('18Zzth$3X29OcW51lrBDNH',#2279,'IW 03',$,$,#2285,#2300,$);
#2281=IFCCARTESIANPOINT((-16.783421644948092,27.504799116099377,0.));
#2282=IFCDIRECTION((0.,0.,1.));
#2283=IFCDIRECTION((0.7916441097558858,0.6109824903291511,0.));
#2284=IFCAXIS2PLACEMENT3D(#2281,#2282,#2283);
#2285=IFCLOCALPLACEMENT(#134,#2284);
#2286=IFCCARTESIANPOINT((0.,0.));
#2287=IFCCARTESIANPOINT((0.,0.115));
#2288=IFCCARTESIANPOINT((3.486473857217554,0.115));
#2289=IFCCARTESIANPOINT((3.486473857217554,0.));
#2290=IFCCARTESIANPOINT((0.,0.));
#2291=IFCPOLYLINE((#2286,#2287,#2288,#2289,#2290));
#2292=IFCDIRECTION((0.,0.,1.));
#2293=IFCARBITRARYCLOSEDPROFILEDEF(.AREA.,$,#2291);
#2294=IFCCARTESIANPOINT((0.,-0.0575,0.));
#2295=IFCDIRECTION((0.,0.,1.));
#2296=IFCDIRECTION((1.,0.,0.));
#2297=IFCAXIS2PLACEMENT3D(#2294,#2295,#2296);
#2298=IFCEXTRUDEDAREASOLID(#2293,#2297,#2292,2.75);
#2299=IFCSHAPEREPRESENTATION(#20,'Body','SweptSolid',(#2298));
#2300=IFCPRODUCTDEFINITIONSHAPE($,$,(#2299,#2304));
#2301=IFCCARTESIANPOINT((0.,0.));
#2302=IFCCARTESIANPOINT((3.486473857217554,0.));
#2303=IFCPOLYLINE((#2301,#2302));
#2304=IFCSHAPEREPRESENTATION(#21,'Axis','Curve2D',(#2303));
#2305=IFCMATERIALLAYERSETUSAGE(#283,.AXIS2.,.POSITIVE.,-0.0575);
#2306=IFCOWNERHISTORY(#3,#4,.READWRITE.,.ADDED.,1791469296,#3,#4,1791469296);
#2307=IFCRELASSOCIATESMATERIAL('09Zy2ivmnDXPNH1X1jyUbm',#2306,$,$,(#2280),#2305);
#2308=IFCPRESENTATIONSTYLEASSIGNMENT((#237));
#2309=IFCSTYLEDITEM(#2298,(#2308),'Au\X2\00DF\X0\enputz hell');
#2310=IFCOWNERHISTORY(#3,#4,.READWRITE.,.ADDED.,1791469296,#3,#4,1791469296);
#2311=IFCPROPERTYSET('2Qiv9mUxn5QeihvtnTXLAe',#2310,'Pset_WallCommon',$,(#2314,#2315,#2316));
#2312=IFCOWNERHISTORY(#3,#4,.READWRITE.,.ADDED.,1791469296,#3,#4,1791469296);
#2313=IFCRELDEFINESBYPROPERTIES('28xgXKl1n6m9fVurLrP5ng',#2312,$,$,(#2280),#2311);
#2314=IFCPROPERTYSINGLEVALUE('IsExternal',$,IFCBOOLEAN(.F.),$);
#2315=IFCPROPERTYSINGLEVALUE('LoadBearing',$,IFCBOOLEAN(.F.),$);
#2316=IFCPROPERTYSINGLEVALUE('Reference',$,IFCIDENTIFIER('IW Neubau 11,5'),$);
#2317=IFCOWNERHISTORY(#3,#4,.READWRITE.,.ADDED.,1791469296,#3,#4,1791469296);
#2318=IFCPROPERTYSET('2_nr$iD_b6Uu89nxEoZI2Y',#2317,'Oberhofer_Info',$,(#2321,#2322));
#2319=IFCOWNERHISTORY(#3,#4,.READWRITE.,.ADDED.,1791469296,#3,#4,1791469296);
#2320=IFCRELDEFINESBYPROPERTIES('1kdnb9__z0swGC6bWtifFY',#2319,$,$,(#2280),#2318);
#2321=IFCPROPERTYSINGLEVALUE('Status',$,IFCLABEL('Neubau Vorentwurf V1'),$);
#2322=IFCPROPERTYSINGLEVALUE('Quelle',$,IFCLABEL('Lage aus \X2\201E\X0\_Neubau 0.1.5\X2\201C\X0\ skaliert; Dicke/Tragwerk Annahme (\X2\2265\X0\4 m = 17,5 tragend)'),$);
#2323=IFCOWNERHISTORY(#3,#4,.READWRITE.,.MODIFIED.,1791469296,#3,#4,1791469296);
#2324=IFCWALLSTANDARDCASE('0EEAcD1V9ALhY2KyEJdtos',#2323,'IW 04',$,$,#2329,#2344,$);
#2325=IFCCARTESIANPOINT((-14.023375152063934,29.63497359584964,0.));
#2326=IFCDIRECTION((0.,0.,1.));
#2327=IFCDIRECTION((-0.6397402279220209,0.7685912052439066,0.));
#2328=IFCAXIS2PLACEMENT3D(#2325,#2326,#2327);
#2329=IFCLOCALPLACEMENT(#134,#2328);
#2330=IFCCARTESIANPOINT((0.,0.));
#2331=IFCCARTESIANPOINT((0.,0.115));
#2332=IFCCARTESIANPOINT((2.385154919887798,0.115));
#2333=IFCCARTESIANPOINT((2.385154919887798,0.));
#2334=IFCCARTESIANPOINT((0.,0.));
#2335=IFCPOLYLINE((#2330,#2331,#2332,#2333,#2334));
#2336=IFCDIRECTION((0.,0.,1.));
#2337=IFCARBITRARYCLOSEDPROFILEDEF(.AREA.,$,#2335);
#2338=IFCCARTESIANPOINT((0.,-0.0575,0.));
#2339=IFCDIRECTION((0.,0.,1.));
#2340=IFCDIRECTION((1.,0.,0.));
#2341=IFCAXIS2PLACEMENT3D(#2338,#2339,#2340);
#2342=IFCEXTRUDEDAREASOLID(#2337,#2341,#2336,2.75);
#2343=IFCSHAPEREPRESENTATION(#20,'Body','SweptSolid',(#2342));
#2344=IFCPRODUCTDEFINITIONSHAPE($,$,(#2343,#2348));
#2345=IFCCARTESIANPOINT((0.,0.));
#2346=IFCCARTESIANPOINT((2.385154919887798,0.));
#2347=IFCPOLYLINE((#2345,#2346));
#2348=IFCSHAPEREPRESENTATION(#21,'Axis','Curve2D',(#2347));
#2349=IFCMATERIALLAYERSETUSAGE(#283,.AXIS2.,.POSITIVE.,-0.0575);
#2350=IFCOWNERHISTORY(#3,#4,.READWRITE.,.ADDED.,1791469296,#3,#4,1791469296);
#2351=IFCRELASSOCIATESMATERIAL('0x_oZBX3vBc9CYGnIn1WMx',#2350,$,$,(#2324),#2349);
#2352=IFCPRESENTATIONSTYLEASSIGNMENT((#237));
#2353=IFCSTYLEDITEM(#2342,(#2352),'Au\X2\00DF\X0\enputz hell');
#2354=IFCOWNERHISTORY(#3,#4,.READWRITE.,.ADDED.,1791469296,#3,#4,1791469296);
#2355=IFCPROPERTYSET('1jDav6O915BASrqgk5IszQ',#2354,'Pset_WallCommon',$,(#2358,#2359,#2360));
#2356=IFCOWNERHISTORY(#3,#4,.READWRITE.,.ADDED.,1791469296,#3,#4,1791469296);
#2357=IFCRELDEFINESBYPROPERTIES('3hDs8b0x56fRWl7HB$kZZI',#2356,$,$,(#2324),#2355);
#2358=IFCPROPERTYSINGLEVALUE('IsExternal',$,IFCBOOLEAN(.F.),$);
#2359=IFCPROPERTYSINGLEVALUE('LoadBearing',$,IFCBOOLEAN(.F.),$);
#2360=IFCPROPERTYSINGLEVALUE('Reference',$,IFCIDENTIFIER('IW Neubau 11,5'),$);
#2361=IFCOWNERHISTORY(#3,#4,.READWRITE.,.ADDED.,1791469296,#3,#4,1791469296);
#2362=IFCPROPERTYSET('0aBk47Dfz4xf7HHXq7a11X',#2361,'Oberhofer_Info',$,(#2365,#2366));
#2363=IFCOWNERHISTORY(#3,#4,.READWRITE.,.ADDED.,1791469296,#3,#4,1791469296);
#2364=IFCRELDEFINESBYPROPERTIES('1nzv$C$YrEyBMNqUtM2C7_',#2363,$,$,(#2324),#2362);
#2365=IFCPROPERTYSINGLEVALUE('Status',$,IFCLABEL('Neubau Vorentwurf V1'),$);
#2366=IFCPROPERTYSINGLEVALUE('Quelle',$,IFCLABEL('Lage aus \X2\201E\X0\_Neubau 0.1.5\X2\201C\X0\ skaliert; Dicke/Tragwerk Annahme (\X2\2265\X0\4 m = 17,5 tragend)'),$);
#2367=IFCOWNERHISTORY(#3,#4,.READWRITE.,.MODIFIED.,1791469296,#3,#4,1791469296);
#2368=IFCWALLSTANDARDCASE('2_FYL_UrfDxgza3rYdmiVI',#2367,'IW 05',$,$,#2373,#2388,$);
#2369=IFCCARTESIANPOINT((-14.285003555121143,29.840805054105342,0.));
#2370=IFCDIRECTION((0.,0.,1.));
#2371=IFCDIRECTION((0.6248857765474106,-0.7807161880406603,0.));
#2372=IFCAXIS2PLACEMENT3D(#2369,#2370,#2371);
#2373=IFCLOCALPLACEMENT(#134,#2372);
#2374=IFCCARTESIANPOINT((0.,0.));
#2375=IFCCARTESIANPOINT((0.,0.115));
#2376=IFCCARTESIANPOINT((2.0238582277645305,0.115));
#2377=IFCCARTESIANPOINT((2.0238582277645305,0.));
#2378=IFCCARTESIANPOINT((0.,0.));
#2379=IFCPOLYLINE((#2374,#2375,#2376,#2377,#2378));
#2380=IFCDIRECTION((0.,0.,1.));
#2381=IFCARBITRARYCLOSEDPROFILEDEF(.AREA.,$,#2379);
#2382=IFCCARTESIANPOINT((0.,-0.0575,0.));
#2383=IFCDIRECTION((0.,0.,1.));
#2384=IFCDIRECTION((1.,0.,0.));
#2385=IFCAXIS2PLACEMENT3D(#2382,#2383,#2384);
#2386=IFCEXTRUDEDAREASOLID(#2381,#2385,#2380,2.75);
#2387=IFCSHAPEREPRESENTATION(#20,'Body','SweptSolid',(#2386));
#2388=IFCPRODUCTDEFINITIONSHAPE($,$,(#2387,#2392));
#2389=IFCCARTESIANPOINT((0.,0.));
#2390=IFCCARTESIANPOINT((2.0238582277645305,0.));
#2391=IFCPOLYLINE((#2389,#2390));
#2392=IFCSHAPEREPRESENTATION(#21,'Axis','Curve2D',(#2391));
#2393=IFCMATERIALLAYERSETUSAGE(#283,.AXIS2.,.POSITIVE.,-0.0575);
#2394=IFCOWNERHISTORY(#3,#4,.READWRITE.,.ADDED.,1791469296,#3,#4,1791469296);
#2395=IFCRELASSOCIATESMATERIAL('0y81Z6iSP6RQhgXJLMnNf9',#2394,$,$,(#2368),#2393);
#2396=IFCPRESENTATIONSTYLEASSIGNMENT((#237));
#2397=IFCSTYLEDITEM(#2386,(#2396),'Au\X2\00DF\X0\enputz hell');
#2398=IFCOWNERHISTORY(#3,#4,.READWRITE.,.ADDED.,1791469296,#3,#4,1791469296);
#2399=IFCPROPERTYSET('1ZAhl3lmP0j9ijwp5c$N3_',#2398,'Pset_WallCommon',$,(#2402,#2403,#2404));
#2400=IFCOWNERHISTORY(#3,#4,.READWRITE.,.ADDED.,1791469296,#3,#4,1791469296);
#2401=IFCRELDEFINESBYPROPERTIES('0fxy7ljND11e7ry8n3UTMJ',#2400,$,$,(#2368),#2399);
#2402=IFCPROPERTYSINGLEVALUE('IsExternal',$,IFCBOOLEAN(.F.),$);
#2403=IFCPROPERTYSINGLEVALUE('LoadBearing',$,IFCBOOLEAN(.F.),$);
#2404=IFCPROPERTYSINGLEVALUE('Reference',$,IFCIDENTIFIER('IW Neubau 11,5'),$);
#2405=IFCOWNERHISTORY(#3,#4,.READWRITE.,.ADDED.,1791469296,#3,#4,1791469296);
#2406=IFCPROPERTYSET('3q9TllEg5EZeYUlbb4pt0w',#2405,'Oberhofer_Info',$,(#2409,#2410));
#2407=IFCOWNERHISTORY(#3,#4,.READWRITE.,.ADDED.,1791469296,#3,#4,1791469296);
#2408=IFCRELDEFINESBYPROPERTIES('0c$jOjvHf1WuF4EnIEJJWD',#2407,$,$,(#2368),#2406);
#2409=IFCPROPERTYSINGLEVALUE('Status',$,IFCLABEL('Neubau Vorentwurf V1'),$);
#2410=IFCPROPERTYSINGLEVALUE('Quelle',$,IFCLABEL('Lage aus \X2\201E\X0\_Neubau 0.1.5\X2\201C\X0\ skaliert; Dicke/Tragwerk Annahme (\X2\2265\X0\4 m = 17,5 tragend)'),$);
#2411=IFCOWNERHISTORY(#3,#4,.READWRITE.,.MODIFIED.,1791469296,#3,#4,1791469296);
#2412=IFCWALLSTANDARDCASE('1SHL6rRiHFiPgG1ltwnMux',#2411,'IW 06',$,$,#2417,#2432,$);
#2413=IFCCARTESIANPOINT((-5.524488257482483,37.45388848385022,0.));
#2414=IFCDIRECTION((0.,0.,1.));
#2415=IFCDIRECTION((0.7830459452341326,0.6219638636226255,0.));
#2416=IFCAXIS2PLACEMENT3D(#2413,#2414,#2415);
#2417=IFCLOCALPLACEMENT(#134,#2416);
#2418=IFCCARTESIANPOINT((0.,0.));
#2419=IFCCARTESIANPOINT((0.,0.115));
#2420=IFCCARTESIANPOINT((3.082631161833353,0.115));
#2421=IFCCARTESIANPOINT((3.082631161833353,0.));
#2422=IFCCARTESIANPOINT((0.,0.));
#2423=IFCPOLYLINE((#2418,#2419,#2420,#2421,#2422));
#2424=IFCDIRECTION((0.,0.,1.));
#2425=IFCARBITRARYCLOSEDPROFILEDEF(.AREA.,$,#2423);
#2426=IFCCARTESIANPOINT((0.,-0.0575,0.));
#2427=IFCDIRECTION((0.,0.,1.));
#2428=IFCDIRECTION((1.,0.,0.));
#2429=IFCAXIS2PLACEMENT3D(#2426,#2427,#2428);
#2430=IFCEXTRUDEDAREASOLID(#2425,#2429,#2424,2.75);
#2431=IFCSHAPEREPRESENTATION(#20,'Body','SweptSolid',(#2430));
#2432=IFCPRODUCTDEFINITIONSHAPE($,$,(#2431,#2436));
#2433=IFCCARTESIANPOINT((0.,0.));
#2434=IFCCARTESIANPOINT((3.082631161833353,0.));
#2435=IFCPOLYLINE((#2433,#2434));
#2436=IFCSHAPEREPRESENTATION(#21,'Axis','Curve2D',(#2435));
#2437=IFCMATERIALLAYERSETUSAGE(#283,.AXIS2.,.POSITIVE.,-0.0575);
#2438=IFCOWNERHISTORY(#3,#4,.READWRITE.,.ADDED.,1791469296,#3,#4,1791469296);
#2439=IFCRELASSOCIATESMATERIAL('13qB3RLmDFDg6tLfATtbaE',#2438,$,$,(#2412),#2437);
#2440=IFCPRESENTATIONSTYLEASSIGNMENT((#237));
#2441=IFCSTYLEDITEM(#2430,(#2440),'Au\X2\00DF\X0\enputz hell');
#2442=IFCOWNERHISTORY(#3,#4,.READWRITE.,.ADDED.,1791469296,#3,#4,1791469296);
#2443=IFCPROPERTYSET('2lBsoeDWnENPWApn2D4gvU',#2442,'Pset_WallCommon',$,(#2446,#2447,#2448));
#2444=IFCOWNERHISTORY(#3,#4,.READWRITE.,.ADDED.,1791469296,#3,#4,1791469296);
#2445=IFCRELDEFINESBYPROPERTIES('3OV$pQa3LCef7kd7W65ZLe',#2444,$,$,(#2412),#2443);
#2446=IFCPROPERTYSINGLEVALUE('IsExternal',$,IFCBOOLEAN(.F.),$);
#2447=IFCPROPERTYSINGLEVALUE('LoadBearing',$,IFCBOOLEAN(.F.),$);
#2448=IFCPROPERTYSINGLEVALUE('Reference',$,IFCIDENTIFIER('IW Neubau 11,5'),$);
#2449=IFCOWNERHISTORY(#3,#4,.READWRITE.,.ADDED.,1791469296,#3,#4,1791469296);
#2450=IFCPROPERTYSET('11GZv6kjzBtOzQcm7TdZql',#2449,'Oberhofer_Info',$,(#2453,#2454));
#2451=IFCOWNERHISTORY(#3,#4,.READWRITE.,.ADDED.,1791469296,#3,#4,1791469296);
#2452=IFCRELDEFINESBYPROPERTIES('1vG87T6sX6GgjeHx$g0sio',#2451,$,$,(#2412),#2450);
#2453=IFCPROPERTYSINGLEVALUE('Status',$,IFCLABEL('Neubau Vorentwurf V1'),$);
#2454=IFCPROPERTYSINGLEVALUE('Quelle',$,IFCLABEL('Lage aus \X2\201E\X0\_Neubau 0.1.5\X2\201C\X0\ skaliert; Dicke/Tragwerk Annahme (\X2\2265\X0\4 m = 17,5 tragend)'),$);
#2455=IFCOWNERHISTORY(#3,#4,.READWRITE.,.MODIFIED.,1791469296,#3,#4,1791469296);
#2456=IFCWALLSTANDARDCASE('07BNIq0PLEtBaAsMqaLLXV',#2455,'IW 07',$,$,#2461,#2476,$);
#2457=IFCCARTESIANPOINT((-6.4656538447350105,38.65350402565729,0.));
#2458=IFCDIRECTION((0.,0.,1.));
#2459=IFCDIRECTION((0.6211056101816216,-0.7837268790853836,0.));
#2460=IFCAXIS2PLACEMENT3D(#2457,#2458,#2459);
#2461=IFCLOCALPLACEMENT(#134,#2460);
#2462=IFCCARTESIANPOINT((0.,0.));
#2463=IFCCARTESIANPOINT((0.,0.175));
#2464=IFCCARTESIANPOINT((4.019850237337109,0.175));
#2465=IFCCARTESIANPOINT((4.019850237337109,0.));
#2466=IFCCARTESIANPOINT((0.,0.));
#2467=IFCPOLYLINE((#2462,#2463,#2464,#2465,#2466));
#2468=IFCDIRECTION((0.,0.,1.));
#2469=IFCARBITRARYCLOSEDPROFILEDEF(.AREA.,$,#2467);
#2470=IFCCARTESIANPOINT((0.,-0.0875,0.));
#2471=IFCDIRECTION((0.,0.,1.));
#2472=IFCDIRECTION((1.,0.,0.));
#2473=IFCAXIS2PLACEMENT3D(#2470,#2471,#2472);
#2474=IFCEXTRUDEDAREASOLID(#2469,#2473,#2468,2.75);
#2475=IFCSHAPEREPRESENTATION(#20,'Body','SweptSolid',(#2474));
#2476=IFCPRODUCTDEFINITIONSHAPE($,$,(#2475,#2480));
#2477=IFCCARTESIANPOINT((0.,0.));
#2478=IFCCARTESIANPOINT((4.019850237337109,0.));
#2479=IFCPOLYLINE((#2477,#2478));
#2480=IFCSHAPEREPRESENTATION(#21,'Axis','Curve2D',(#2479));
#2481=IFCOWNERHISTORY(#3,#4,.READWRITE.,.MODIFIED.,1791469296,#3,#4,1791469296);
#2482=IFCRELDEFINESBYTYPE('3LPzWuKGH2ywxO55YaDDhW',#2481,$,$,(#2678,#2546,#2456),#266);
#2483=IFCMATERIALLAYERSETUSAGE(#267,.AXIS2.,.POSITIVE.,-0.0875);
#2484=IFCOWNERHISTORY(#3,#4,.READWRITE.,.ADDED.,1791469296,#3,#4,1791469296);
#2485=IFCRELASSOCIATESMATERIAL('3udp_4p4L2wgv6zvEWLdJ0',#2484,$,$,(#2456),#2483);
#2486=IFCPRESENTATIONSTYLEASSIGNMENT((#237));
#2487=IFCSTYLEDITEM(#2474,(#2486),'Au\X2\00DF\X0\enputz hell');
#2488=IFCOWNERHISTORY(#3,#4,.READWRITE.,.ADDED.,1791469296,#3,#4,1791469296);
#2489=IFCPROPERTYSET('2hxAvmAmLEJR4pRc$yGPf_',#2488,'Pset_WallCommon',$,(#2492,#2493,#2494));
#2490=IFCOWNERHISTORY(#3,#4,.READWRITE.,.ADDED.,1791469296,#3,#4,1791469296);
#2491=IFCRELDEFINESBYPROPERTIES('2Fo8kGB_LARhIIcd_qKxJv',#2490,$,$,(#2456),#2489);
#2492=IFCPROPERTYSINGLEVALUE('IsExternal',$,IFCBOOLEAN(.F.),$);
#2493=IFCPROPERTYSINGLEVALUE('LoadBearing',$,IFCBOOLEAN(.T.),$);
#2494=IFCPROPERTYSINGLEVALUE('Reference',$,IFCIDENTIFIER('IW Neubau 17,5 tragend'),$);
#2495=IFCOWNERHISTORY(#3,#4,.READWRITE.,.ADDED.,1791469296,#3,#4,1791469296);
#2496=IFCPROPERTYSET('3774_NXNLDTfMuZZqTUMeU',#2495,'Oberhofer_Info',$,(#2499,#2500));
#2497=IFCOWNERHISTORY(#3,#4,.READWRITE.,.ADDED.,1791469296,#3,#4,1791469296);
#2498=IFCRELDEFINESBYPROPERTIES('1YLa7ysODABR_pcCvrGM3Z',#2497,$,$,(#2456),#2496);
#2499=IFCPROPERTYSINGLEVALUE('Status',$,IFCLABEL('Neubau Vorentwurf V1'),$);
#2500=IFCPROPERTYSINGLEVALUE('Quelle',$,IFCLABEL('Lage aus \X2\201E\X0\_Neubau 0.1.5\X2\201C\X0\ skaliert; Dicke/Tragwerk Annahme (\X2\2265\X0\4 m = 17,5 tragend)'),$);
#2501=IFCOWNERHISTORY(#3,#4,.READWRITE.,.MODIFIED.,1791469296,#3,#4,1791469296);
#2502=IFCWALLSTANDARDCASE('3PeS7uQxPFNPOqEoHfRmxO',#2501,'IW 08',$,$,#2507,#2522,$);
#2503=IFCCARTESIANPOINT((-10.772579771208697,31.58638256482385,0.));
#2504=IFCDIRECTION((0.,0.,1.));
#2505=IFCDIRECTION((0.6172579500812035,-0.7867608423539841,0.));
#2506=IFCAXIS2PLACEMENT3D(#2503,#2504,#2505);
#2507=IFCLOCALPLACEMENT(#134,#2506);
#2508=IFCCARTESIANPOINT((0.,0.));
#2509=IFCCARTESIANPOINT((0.,0.115));
#2510=IFCCARTESIANPOINT((3.6132013201320072,0.115));
#2511=IFCCARTESIANPOINT((3.6132013201320072,0.));
#2512=IFCCARTESIANPOINT((0.,0.));
#2513=IFCPOLYLINE((#2508,#2509,#2510,#2511,#2512));
#2514=IFCDIRECTION((0.,0.,1.));
#2515=IFCARBITRARYCLOSEDPROFILEDEF(.AREA.,$,#2513);
#2516=IFCCARTESIANPOINT((0.,-0.0575,0.));
#2517=IFCDIRECTION((0.,0.,1.));
#2518=IFCDIRECTION((1.,0.,0.));
#2519=IFCAXIS2PLACEMENT3D(#2516,#2517,#2518);
#2520=IFCEXTRUDEDAREASOLID(#2515,#2519,#2514,2.75);
#2521=IFCSHAPEREPRESENTATION(#20,'Body','SweptSolid',(#2520));
#2522=IFCPRODUCTDEFINITIONSHAPE($,$,(#2521,#2526));
#2523=IFCCARTESIANPOINT((0.,0.));
#2524=IFCCARTESIANPOINT((3.6132013201320072,0.));
#2525=IFCPOLYLINE((#2523,#2524));
#2526=IFCSHAPEREPRESENTATION(#21,'Axis','Curve2D',(#2525));
#2527=IFCMATERIALLAYERSETUSAGE(#283,.AXIS2.,.POSITIVE.,-0.0575);
#2528=IFCOWNERHISTORY(#3,#4,.READWRITE.,.ADDED.,1791469296,#3,#4,1791469296);
#2529=IFCRELASSOCIATESMATERIAL('0J1Wx2LSfBhRHnf6DN5dJJ',#2528,$,$,(#2502),#2527);
#2530=IFCPRESENTATIONSTYLEASSIGNMENT((#237));
#2531=IFCSTYLEDITEM(#2520,(#2530),'Au\X2\00DF\X0\enputz hell');
#2532=IFCOWNERHISTORY(#3,#4,.READWRITE.,.ADDED.,1791469296,#3,#4,1791469296);
#2533=IFCPROPERTYSET('0CxaowkbL8ZRXV$WKk7Ltz',#2532,'Pset_WallCommon',$,(#2536,#2537,#2538));
#2534=IFCOWNERHISTORY(#3,#4,.READWRITE.,.ADDED.,1791469296,#3,#4,1791469296);
#2535=IFCRELDEFINESBYPROPERTIES('0bo4oazpn8B9JyB$6IwTnZ',#2534,$,$,(#2502),#2533);
#2536=IFCPROPERTYSINGLEVALUE('IsExternal',$,IFCBOOLEAN(.F.),$);
#2537=IFCPROPERTYSINGLEVALUE('LoadBearing',$,IFCBOOLEAN(.F.),$);
#2538=IFCPROPERTYSINGLEVALUE('Reference',$,IFCIDENTIFIER('IW Neubau 11,5'),$);
#2539=IFCOWNERHISTORY(#3,#4,.READWRITE.,.ADDED.,1791469296,#3,#4,1791469296);
#2540=IFCPROPERTYSET('00TMnnHVT8oB$OHcJ34FNx',#2539,'Oberhofer_Info',$,(#2543,#2544));
#2541=IFCOWNERHISTORY(#3,#4,.READWRITE.,.ADDED.,1791469296,#3,#4,1791469296);
#2542=IFCRELDEFINESBYPROPERTIES('3yN9siAiD8GOdLmF3jWpzl',#2541,$,$,(#2502),#2540);
#2543=IFCPROPERTYSINGLEVALUE('Status',$,IFCLABEL('Neubau Vorentwurf V1'),$);
#2544=IFCPROPERTYSINGLEVALUE('Quelle',$,IFCLABEL('Lage aus \X2\201E\X0\_Neubau 0.1.5\X2\201C\X0\ skaliert; Dicke/Tragwerk Annahme (\X2\2265\X0\4 m = 17,5 tragend)'),$);
#2545=IFCOWNERHISTORY(#3,#4,.READWRITE.,.MODIFIED.,1791469296,#3,#4,1791469296);
#2546=IFCWALLSTANDARDCASE('3EXjM3lTf5kRPZ_rVn23DW',#2545,'IW 09',$,$,#2551,#2566,$);
#2547=IFCCARTESIANPOINT((-10.734695902546903,31.522140331470293,0.));
#2548=IFCDIRECTION((0.,0.,1.));
#2549=IFCDIRECTION((0.794233305602375,0.6076129164788423,0.));
#2550=IFCAXIS2PLACEMENT3D(#2547,#2548,#2549);
#2551=IFCLOCALPLACEMENT(#134,#2550);
#2552=IFCCARTESIANPOINT((0.,0.));
#2553=IFCCARTESIANPOINT((0.,0.175));
#2554=IFCCARTESIANPOINT((7.574048601510139,0.175));
#2555=IFCCARTESIANPOINT((7.574048601510139,0.));
#2556=IFCCARTESIANPOINT((0.,0.));
#2557=IFCPOLYLINE((#2552,#2553,#2554,#2555,#2556));
#2558=IFCDIRECTION((0.,0.,1.));
#2559=IFCARBITRARYCLOSEDPROFILEDEF(.AREA.,$,#2557);
#2560=IFCCARTESIANPOINT((0.,-0.0875,0.));
#2561=IFCDIRECTION((0.,0.,1.));
#2562=IFCDIRECTION((1.,0.,0.));
#2563=IFCAXIS2PLACEMENT3D(#2560,#2561,#2562);
#2564=IFCEXTRUDEDAREASOLID(#2559,#2563,#2558,2.75);
#2565=IFCSHAPEREPRESENTATION(#20,'Body','SweptSolid',(#2564));
#2566=IFCPRODUCTDEFINITIONSHAPE($,$,(#2565,#2570));
#2567=IFCCARTESIANPOINT((0.,0.));
#2568=IFCCARTESIANPOINT((7.574048601510139,0.));
#2569=IFCPOLYLINE((#2567,#2568));
#2570=IFCSHAPEREPRESENTATION(#21,'Axis','Curve2D',(#2569));
#2571=IFCMATERIALLAYERSETUSAGE(#267,.AXIS2.,.POSITIVE.,-0.0875);
#2572=IFCOWNERHISTORY(#3,#4,.READWRITE.,.ADDED.,1791469296,#3,#4,1791469296);
#2573=IFCRELASSOCIATESMATERIAL('2pIAddPdf71w58q8ujXJHL',#2572,$,$,(#2546),#2571);
#2574=IFCPRESENTATIONSTYLEASSIGNMENT((#237));
#2575=IFCSTYLEDITEM(#2564,(#2574),'Au\X2\00DF\X0\enputz hell');
#2576=IFCOWNERHISTORY(#3,#4,.READWRITE.,.ADDED.,1791469296,#3,#4,1791469296);
#2577=IFCPROPERTYSET('1mcTB3gq90rQk10jR4CQUW',#2576,'Pset_WallCommon',$,(#2580,#2581,#2582));
#2578=IFCOWNERHISTORY(#3,#4,.READWRITE.,.ADDED.,1791469296,#3,#4,1791469296);
#2579=IFCRELDEFINESBYPROPERTIES('1p6UODWkL6NgRLH0ihrRli',#2578,$,$,(#2546),#2577);
#2580=IFCPROPERTYSINGLEVALUE('IsExternal',$,IFCBOOLEAN(.F.),$);
#2581=IFCPROPERTYSINGLEVALUE('LoadBearing',$,IFCBOOLEAN(.T.),$);
#2582=IFCPROPERTYSINGLEVALUE('Reference',$,IFCIDENTIFIER('IW Neubau 17,5 tragend'),$);
#2583=IFCOWNERHISTORY(#3,#4,.READWRITE.,.ADDED.,1791469296,#3,#4,1791469296);
#2584=IFCPROPERTYSET('2RL8xRrCDBfubkf5DPserB',#2583,'Oberhofer_Info',$,(#2587,#2588));
#2585=IFCOWNERHISTORY(#3,#4,.READWRITE.,.ADDED.,1791469296,#3,#4,1791469296);
#2586=IFCRELDEFINESBYPROPERTIES('1PcgDO4Dv7zw8u6aBxGbRS',#2585,$,$,(#2546),#2584);
#2587=IFCPROPERTYSINGLEVALUE('Status',$,IFCLABEL('Neubau Vorentwurf V1'),$);
#2588=IFCPROPERTYSINGLEVALUE('Quelle',$,IFCLABEL('Lage aus \X2\201E\X0\_Neubau 0.1.5\X2\201C\X0\ skaliert; Dicke/Tragwerk Annahme (\X2\2265\X0\4 m = 17,5 tragend)'),$);
#2589=IFCOWNERHISTORY(#3,#4,.READWRITE.,.MODIFIED.,1791469296,#3,#4,1791469296);
#2590=IFCWALLSTANDARDCASE('2c0nfMpE5A6umFuSiYiJqX',#2589,'IW 10',$,$,#2595,#2610,$);
#2591=IFCCARTESIANPOINT((-12.595599652792062,29.921210728117003,0.));
#2592=IFCDIRECTION((0.,0.,1.));
#2593=IFCDIRECTION((0.6108858591311024,-0.7917186792754451,0.));
#2594=IFCAXIS2PLACEMENT3D(#2591,#2592,#2593);
#2595=IFCLOCALPLACEMENT(#134,#2594);
#2596=IFCCARTESIANPOINT((0.,0.));
#2597=IFCCARTESIANPOINT((0.,0.115));
#2598=IFCCARTESIANPOINT((2.4396834741816984,0.115));
#2599=IFCCARTESIANPOINT((2.4396834741816984,0.));
#2600=IFCCARTESIANPOINT((0.,0.));
#2601=IFCPOLYLINE((#2596,#2597,#2598,#2599,#2600));
#2602=IFCDIRECTION((0.,0.,1.));
#2603=IFCARBITRARYCLOSEDPROFILEDEF(.AREA.,$,#2601);
#2604=IFCCARTESIANPOINT((0.,-0.0575,0.));
#2605=IFCDIRECTION((0.,0.,1.));
#2606=IFCDIRECTION((1.,0.,0.));
#2607=IFCAXIS2PLACEMENT3D(#2604,#2605,#2606);
#2608=IFCEXTRUDEDAREASOLID(#2603,#2607,#2602,2.75);
#2609=IFCSHAPEREPRESENTATION(#20,'Body','SweptSolid',(#2608));
#2610=IFCPRODUCTDEFINITIONSHAPE($,$,(#2609,#2614));
#2611=IFCCARTESIANPOINT((0.,0.));
#2612=IFCCARTESIANPOINT((2.4396834741816984,0.));
#2613=IFCPOLYLINE((#2611,#2612));
#2614=IFCSHAPEREPRESENTATION(#21,'Axis','Curve2D',(#2613));
#2615=IFCMATERIALLAYERSETUSAGE(#283,.AXIS2.,.POSITIVE.,-0.0575);
#2616=IFCOWNERHISTORY(#3,#4,.READWRITE.,.ADDED.,1791469296,#3,#4,1791469296);
#2617=IFCRELASSOCIATESMATERIAL('0Iy2BKSdr8SePFuJE5fpk5',#2616,$,$,(#2590),#2615);
#2618=IFCPRESENTATIONSTYLEASSIGNMENT((#237));
#2619=IFCSTYLEDITEM(#2608,(#2618),'Au\X2\00DF\X0\enputz hell');
#2620=IFCOWNERHISTORY(#3,#4,.READWRITE.,.ADDED.,1791469296,#3,#4,1791469296);
#2621=IFCPROPERTYSET('1s5gOPD1v7ExLJAVeMoSgl',#2620,'Pset_WallCommon',$,(#2624,#2625,#2626));
#2622=IFCOWNERHISTORY(#3,#4,.READWRITE.,.ADDED.,1791469296,#3,#4,1791469296);
#2623=IFCRELDEFINESBYPROPERTIES('17CsO4mXj6VReivI3FFeEg',#2622,$,$,(#2590),#2621);
#2624=IFCPROPERTYSINGLEVALUE('IsExternal',$,IFCBOOLEAN(.F.),$);
#2625=IFCPROPERTYSINGLEVALUE('LoadBearing',$,IFCBOOLEAN(.F.),$);
#2626=IFCPROPERTYSINGLEVALUE('Reference',$,IFCIDENTIFIER('IW Neubau 11,5'),$);
#2627=IFCOWNERHISTORY(#3,#4,.READWRITE.,.ADDED.,1791469296,#3,#4,1791469296);
#2628=IFCPROPERTYSET('2dEbJQ6Sb748aPuT3TdEbe',#2627,'Oberhofer_Info',$,(#2631,#2632));
#2629=IFCOWNERHISTORY(#3,#4,.READWRITE.,.ADDED.,1791469296,#3,#4,1791469296);
#2630=IFCRELDEFINESBYPROPERTIES('3Sfqkvrsf90OOfUgdWLcqS',#2629,$,$,(#2590),#2628);
#2631=IFCPROPERTYSINGLEVALUE('Status',$,IFCLABEL('Neubau Vorentwurf V1'),$);
#2632=IFCPROPERTYSINGLEVALUE('Quelle',$,IFCLABEL('Lage aus \X2\201E\X0\_Neubau 0.1.5\X2\201C\X0\ skaliert; Dicke/Tragwerk Annahme (\X2\2265\X0\4 m = 17,5 tragend)'),$);
#2633=IFCOWNERHISTORY(#3,#4,.READWRITE.,.MODIFIED.,1791469296,#3,#4,1791469296);
#2634=IFCWALLSTANDARDCASE('1UuhhQWF99o9z2fYKc5EH6',#2633,'IW 11',$,$,#2639,#2654,$);
#2635=IFCCARTESIANPOINT((-12.596785878650492,30.002498786523432,0.));
#2636=IFCDIRECTION((0.,0.,1.));
#2637=IFCDIRECTION((0.7915433086688507,0.6111130750536831,0.));
#2638=IFCAXIS2PLACEMENT3D(#2635,#2636,#2637);
#2639=IFCLOCALPLACEMENT(#134,#2638);
#2640=IFCCARTESIANPOINT((0.,0.));
#2641=IFCCARTESIANPOINT((0.,0.115));
#2642=IFCCARTESIANPOINT((2.373556804607688,0.115));
#2643=IFCCARTESIANPOINT((2.373556804607688,0.));
#2644=IFCCARTESIANPOINT((0.,0.));
#2645=IFCPOLYLINE((#2640,#2641,#2642,#2643,#2644));
#2646=IFCDIRECTION((0.,0.,1.));
#2647=IFCARBITRARYCLOSEDPROFILEDEF(.AREA.,$,#2645);
#2648=IFCCARTESIANPOINT((0.,-0.0575,0.));
#2649=IFCDIRECTION((0.,0.,1.));
#2650=IFCDIRECTION((1.,0.,0.));
#2651=IFCAXIS2PLACEMENT3D(#2648,#2649,#2650);
#2652=IFCEXTRUDEDAREASOLID(#2647,#2651,#2646,2.75);
#2653=IFCSHAPEREPRESENTATION(#20,'Body','SweptSolid',(#2652));
#2654=IFCPRODUCTDEFINITIONSHAPE($,$,(#2653,#2658));
#2655=IFCCARTESIANPOINT((0.,0.));
#2656=IFCCARTESIANPOINT((2.373556804607688,0.));
#2657=IFCPOLYLINE((#2655,#2656));
#2658=IFCSHAPEREPRESENTATION(#21,'Axis','Curve2D',(#2657));
#2659=IFCMATERIALLAYERSETUSAGE(#283,.AXIS2.,.POSITIVE.,-0.0575);
#2660=IFCOWNERHISTORY(#3,#4,.READWRITE.,.ADDED.,1791469296,#3,#4,1791469296);
#2661=IFCRELASSOCIATESMATERIAL('1Ioyc3EQX9C9HeAUeRoldE',#2660,$,$,(#2634),#2659);
#2662=IFCPRESENTATIONSTYLEASSIGNMENT((#237));
#2663=IFCSTYLEDITEM(#2652,(#2662),'Au\X2\00DF\X0\enputz hell');
#2664=IFCOWNERHISTORY(#3,#4,.READWRITE.,.ADDED.,1791469296,#3,#4,1791469296);
#2665=IFCPROPERTYSET('329bEpXaLAB8cC_qarxCfA',#2664,'Pset_WallCommon',$,(#2668,#2669,#2670));
#2666=IFCOWNERHISTORY(#3,#4,.READWRITE.,.ADDED.,1791469296,#3,#4,1791469296);
#2667=IFCRELDEFINESBYPROPERTIES('0D1x2njY14TOejqblktg7M',#2666,$,$,(#2634),#2665);
#2668=IFCPROPERTYSINGLEVALUE('IsExternal',$,IFCBOOLEAN(.F.),$);
#2669=IFCPROPERTYSINGLEVALUE('LoadBearing',$,IFCBOOLEAN(.F.),$);
#2670=IFCPROPERTYSINGLEVALUE('Reference',$,IFCIDENTIFIER('IW Neubau 11,5'),$);
#2671=IFCOWNERHISTORY(#3,#4,.READWRITE.,.ADDED.,1791469296,#3,#4,1791469296);
#2672=IFCPROPERTYSET('0SmZFtde1FgOzZj_baOIQF',#2671,'Oberhofer_Info',$,(#2675,#2676));
#2673=IFCOWNERHISTORY(#3,#4,.READWRITE.,.ADDED.,1791469296,#3,#4,1791469296);
#2674=IFCRELDEFINESBYPROPERTIES('3GgiEfppH3uOPFCJIq2FrY',#2673,$,$,(#2634),#2672);
#2675=IFCPROPERTYSINGLEVALUE('Status',$,IFCLABEL('Neubau Vorentwurf V1'),$);
#2676=IFCPROPERTYSINGLEVALUE('Quelle',$,IFCLABEL('Lage aus \X2\201E\X0\_Neubau 0.1.5\X2\201C\X0\ skaliert; Dicke/Tragwerk Annahme (\X2\2265\X0\4 m = 17,5 tragend)'),$);
#2677=IFCOWNERHISTORY(#3,#4,.READWRITE.,.MODIFIED.,1791469296,#3,#4,1791469296);
#2678=IFCWALLSTANDARDCASE('2gGBJEOzHDkPbfWiMrrd7x',#2677,'IW 12',$,$,#2683,#2698,$);
#2679=IFCCARTESIANPOINT((-13.28450053633848,30.94288505890656,0.));
#2680=IFCDIRECTION((0.,0.,1.));
#2681=IFCDIRECTION((0.7867608423539841,0.6172579500812035,0.));
#2682=IFCAXIS2PLACEMENT3D(#2679,#2680,#2681);
#2683=IFCLOCALPLACEMENT(#134,#2682);
#2684=IFCCARTESIANPOINT((0.,0.));
#2685=IFCCARTESIANPOINT((0.,0.175));
#2686=IFCCARTESIANPOINT((6.135606060606063,0.175));
#2687=IFCCARTESIANPOINT((6.135606060606063,0.));
#2688=IFCCARTESIANPOINT((0.,0.));
#2689=IFCPOLYLINE((#2684,#2685,#2686,#2687,#2688));
#2690=IFCDIRECTION((0.,0.,1.));
#2691=IFCARBITRARYCLOSEDPROFILEDEF(.AREA.,$,#2689);
#2692=IFCCARTESIANPOINT((0.,-0.0875,0.));
#2693=IFCDIRECTION((0.,0.,1.));
#2694=IFCDIRECTION((1.,0.,0.));
#2695=IFCAXIS2PLACEMENT3D(#2692,#2693,#2694);
#2696=IFCEXTRUDEDAREASOLID(#2691,#2695,#2690,2.75);
#2697=IFCSHAPEREPRESENTATION(#20,'Body','SweptSolid',(#2696));
#2698=IFCPRODUCTDEFINITIONSHAPE($,$,(#2697,#2702));
#2699=IFCCARTESIANPOINT((0.,0.));
#2700=IFCCARTESIANPOINT((6.135606060606063,0.));
#2701=IFCPOLYLINE((#2699,#2700));
#2702=IFCSHAPEREPRESENTATION(#21,'Axis','Curve2D',(#2701));
#2703=IFCMATERIALLAYERSETUSAGE(#267,.AXIS2.,.POSITIVE.,-0.0875);
#2704=IFCOWNERHISTORY(#3,#4,.READWRITE.,.ADDED.,1791469296,#3,#4,1791469296);
#2705=IFCRELASSOCIATESMATERIAL('3IZN2zsUfCg8cy07XiMWqK',#2704,$,$,(#2678),#2703);
#2706=IFCPRESENTATIONSTYLEASSIGNMENT((#237));
#2707=IFCSTYLEDITEM(#2696,(#2706),'Au\X2\00DF\X0\enputz hell');
#2708=IFCOWNERHISTORY(#3,#4,.READWRITE.,.ADDED.,1791469296,#3,#4,1791469296);
#2709=IFCPROPERTYSET('3LeKMuUkb0IuHn0aVXpRlj',#2708,'Pset_WallCommon',$,(#2712,#2713,#2714));
#2710=IFCOWNERHISTORY(#3,#4,.READWRITE.,.ADDED.,1791469296,#3,#4,1791469296);
#2711=IFCRELDEFINESBYPROPERTIES('0qa$WbLmHC0eiYwaHZxiiS',#2710,$,$,(#2678),#2709);
#2712=IFCPROPERTYSINGLEVALUE('IsExternal',$,IFCBOOLEAN(.F.),$);
#2713=IFCPROPERTYSINGLEVALUE('LoadBearing',$,IFCBOOLEAN(.T.),$);
#2714=IFCPROPERTYSINGLEVALUE('Reference',$,IFCIDENTIFIER('IW Neubau 17,5 tragend'),$);
#2715=IFCOWNERHISTORY(#3,#4,.READWRITE.,.ADDED.,1791469296,#3,#4,1791469296);
#2716=IFCPROPERTYSET('01lP9V0_b6oxS5Fn1WfAM2',#2715,'Oberhofer_Info',$,(#2719,#2720));
#2717=IFCOWNERHISTORY(#3,#4,.READWRITE.,.ADDED.,1791469296,#3,#4,1791469296);
#2718=IFCRELDEFINESBYPROPERTIES('2MgzqAPaz5ARh$xVR1_xFm',#2717,$,$,(#2678),#2716);
#2719=IFCPROPERTYSINGLEVALUE('Status',$,IFCLABEL('Neubau Vorentwurf V1'),$);
#2720=IFCPROPERTYSINGLEVALUE('Quelle',$,IFCLABEL('Lage aus \X2\201E\X0\_Neubau 0.1.5\X2\201C\X0\ skaliert; Dicke/Tragwerk Annahme (\X2\2265\X0\4 m = 17,5 tragend)'),$);
#2721=IFCOWNERHISTORY(#3,#4,.READWRITE.,.MODIFIED.,1791469296,#3,#4,1791469296);
#2722=IFCWALLSTANDARDCASE('22NzLw7_H1FAt2dk9l2yex',#2721,'IW 13',$,$,#2727,#2742,$);
#2723=IFCCARTESIANPOINT((-14.44446377872536,32.40542624239836,0.));
#2724=IFCDIRECTION((0.,0.,1.));
#2725=IFCDIRECTION((0.6050337866283293,-0.7961997971854712,0.));
#2726=IFCAXIS2PLACEMENT3D(#2723,#2724,#2725);
#2727=IFCLOCALPLACEMENT(#134,#2726);
#2728=IFCCARTESIANPOINT((0.,0.));
#2729=IFCCARTESIANPOINT((0.,0.115));
#2730=IFCCARTESIANPOINT((1.9130994472336715,0.115));
#2731=IFCCARTESIANPOINT((1.9130994472336715,0.));
#2732=IFCCARTESIANPOINT((0.,0.));
#2733=IFCPOLYLINE((#2728,#2729,#2730,#2731,#2732));
#2734=IFCDIRECTION((0.,0.,1.));
#2735=IFCARBITRARYCLOSEDPROFILEDEF(.AREA.,$,#2733);
#2736=IFCCARTESIANPOINT((0.,-0.0575,0.));
#2737=IFCDIRECTION((0.,0.,1.));
#2738=IFCDIRECTION((1.,0.,0.));
#2739=IFCAXIS2PLACEMENT3D(#2736,#2737,#2738);
#2740=IFCEXTRUDEDAREASOLID(#2735,#2739,#2734,2.75);
#2741=IFCSHAPEREPRESENTATION(#20,'Body','SweptSolid',(#2740));
#2742=IFCPRODUCTDEFINITIONSHAPE($,$,(#2741,#2746));
#2743=IFCCARTESIANPOINT((0.,0.));
#2744=IFCCARTESIANPOINT((1.9130994472336715,0.));
#2745=IFCPOLYLINE((#2743,#2744));
#2746=IFCSHAPEREPRESENTATION(#21,'Axis','Curve2D',(#2745));
#2747=IFCMATERIALLAYERSETUSAGE(#283,.AXIS2.,.POSITIVE.,-0.0575);
#2748=IFCOWNERHISTORY(#3,#4,.READWRITE.,.ADDED.,1791469296,#3,#4,1791469296);
#2749=IFCRELASSOCIATESMATERIAL('3fLVwwYtvAVh0a2ObuwzFq',#2748,$,$,(#2722),#2747);
#2750=IFCPRESENTATIONSTYLEASSIGNMENT((#237));
#2751=IFCSTYLEDITEM(#2740,(#2750),'Au\X2\00DF\X0\enputz hell');
#2752=IFCOWNERHISTORY(#3,#4,.READWRITE.,.ADDED.,1791469296,#3,#4,1791469296);
#2753=IFCPROPERTYSET('0ze0CDbNz2AQf4chwuhyLH',#2752,'Pset_WallCommon',$,(#2756,#2757,#2758));
#2754=IFCOWNERHISTORY(#3,#4,.READWRITE.,.ADDED.,1791469296,#3,#4,1791469296);
#2755=IFCRELDEFINESBYPROPERTIES('10RYl969rDxxfxwx0t2nGJ',#2754,$,$,(#2722),#2753);
#2756=IFCPROPERTYSINGLEVALUE('IsExternal',$,IFCBOOLEAN(.F.),$);
#2757=IFCPROPERTYSINGLEVALUE('LoadBearing',$,IFCBOOLEAN(.F.),$);
#2758=IFCPROPERTYSINGLEVALUE('Reference',$,IFCIDENTIFIER('IW Neubau 11,5'),$);
#2759=IFCOWNERHISTORY(#3,#4,.READWRITE.,.ADDED.,1791469296,#3,#4,1791469296);
#2760=IFCPROPERTYSET('33qCI_KPX7Uf1JeGkSIiUI',#2759,'Oberhofer_Info',$,(#2763,#2764));
#2761=IFCOWNERHISTORY(#3,#4,.READWRITE.,.ADDED.,1791469296,#3,#4,1791469296);
#2762=IFCRELDEFINESBYPROPERTIES('3xWi34Mvv0DAM0FNNb_ZIz',#2761,$,$,(#2722),#2760);
#2763=IFCPROPERTYSINGLEVALUE('Status',$,IFCLABEL('Neubau Vorentwurf V1'),$);
#2764=IFCPROPERTYSINGLEVALUE('Quelle',$,IFCLABEL('Lage aus \X2\201E\X0\_Neubau 0.1.5\X2\201C\X0\ skaliert; Dicke/Tragwerk Annahme (\X2\2265\X0\4 m = 17,5 tragend)'),$);
#2765=IFCOWNERHISTORY(#3,#4,.READWRITE.,.MODIFIED.,1791469296,#3,#4,1791469296);
#2766=IFCWALLSTANDARDCASE('3J3tsMRPn9D9CaqoT2ZMko',#2765,'IW 14',$,$,#2771,#2786,$);
#2767=IFCCARTESIANPOINT((-9.59396397942482,36.21091502858081,0.));
#2768=IFCDIRECTION((0.,0.,1.));
#2769=IFCDIRECTION((0.6085318469809312,-0.7935294520116923,0.));
#2770=IFCAXIS2PLACEMENT3D(#2767,#2768,#2769);
#2771=IFCLOCALPLACEMENT(#134,#2770);
#2772=IFCCARTESIANPOINT((0.,0.));
#2773=IFCCARTESIANPOINT((0.,0.115));
#2774=IFCCARTESIANPOINT((1.7836071132621591,0.115));
#2775=IFCCARTESIANPOINT((1.7836071132621591,0.));
#2776=IFCCARTESIANPOINT((0.,0.));
#2777=IFCPOLYLINE((#2772,#2773,#2774,#2775,#2776));
#2778=IFCDIRECTION((0.,0.,1.));
#2779=IFCARBITRARYCLOSEDPROFILEDEF(.AREA.,$,#2777);
#2780=IFCCARTESIANPOINT((0.,-0.0575,0.));
#2781=IFCDIRECTION((0.,0.,1.));
#2782=IFCDIRECTION((1.,0.,0.));
#2783=IFCAXIS2PLACEMENT3D(#2780,#2781,#2782);
#2784=IFCEXTRUDEDAREASOLID(#2779,#2783,#2778,2.75);
#2785=IFCSHAPEREPRESENTATION(#20,'Body','SweptSolid',(#2784));
#2786=IFCPRODUCTDEFINITIONSHAPE($,$,(#2785,#2790));
#2787=IFCCARTESIANPOINT((0.,0.));
#2788=IFCCARTESIANPOINT((1.7836071132621591,0.));
#2789=IFCPOLYLINE((#2787,#2788));
#2790=IFCSHAPEREPRESENTATION(#21,'Axis','Curve2D',(#2789));
#2791=IFCMATERIALLAYERSETUSAGE(#283,.AXIS2.,.POSITIVE.,-0.0575);
#2792=IFCOWNERHISTORY(#3,#4,.READWRITE.,.ADDED.,1791469296,#3,#4,1791469296);
#2793=IFCRELASSOCIATESMATERIAL('3gjRhEffnB1PQjPiKo1kd5',#2792,$,$,(#2766),#2791);
#2794=IFCPRESENTATIONSTYLEASSIGNMENT((#237));
#2795=IFCSTYLEDITEM(#2784,(#2794),'Au\X2\00DF\X0\enputz hell');
#2796=IFCOWNERHISTORY(#3,#4,.READWRITE.,.ADDED.,1791469296,#3,#4,1791469296);
#2797=IFCPROPERTYSET('1HYuhWcY16oPJra1mp4l8x',#2796,'Pset_WallCommon',$,(#2800,#2801,#2802));
#2798=IFCOWNERHISTORY(#3,#4,.READWRITE.,.ADDED.,1791469296,#3,#4,1791469296);
#2799=IFCRELDEFINESBYPROPERTIES('0GCzhGecL7OPz1scYJeQvW',#2798,$,$,(#2766),#2797);
#2800=IFCPROPERTYSINGLEVALUE('IsExternal',$,IFCBOOLEAN(.F.),$);
#2801=IFCPROPERTYSINGLEVALUE('LoadBearing',$,IFCBOOLEAN(.F.),$);
#2802=IFCPROPERTYSINGLEVALUE('Reference',$,IFCIDENTIFIER('IW Neubau 11,5'),$);
#2803=IFCOWNERHISTORY(#3,#4,.READWRITE.,.ADDED.,1791469296,#3,#4,1791469296);
#2804=IFCPROPERTYSET('0ET7wzLNfCngXW4pKhryED',#2803,'Oberhofer_Info',$,(#2807,#2808));
#2805=IFCOWNERHISTORY(#3,#4,.READWRITE.,.ADDED.,1791469296,#3,#4,1791469296);
#2806=IFCRELDEFINESBYPROPERTIES('1DOyXO1cfDBAgiIfLTkoCe',#2805,$,$,(#2766),#2804);
#2807=IFCPROPERTYSINGLEVALUE('Status',$,IFCLABEL('Neubau Vorentwurf V1'),$);
#2808=IFCPROPERTYSINGLEVALUE('Quelle',$,IFCLABEL('Lage aus \X2\201E\X0\_Neubau 0.1.5\X2\201C\X0\ skaliert; Dicke/Tragwerk Annahme (\X2\2265\X0\4 m = 17,5 tragend)'),$);
#2809=IFCOWNERHISTORY(#3,#4,.READWRITE.,.MODIFIED.,1791469296,#3,#4,1791469296);
#2810=IFCOPENINGELEMENT('0c2o2BwzT17uK4rzNBv08d',#2809,'\X2\00D6\X0\ffnung Fenster Hauptbau 01',$,$,#2837,#2830,$);
#2816=IFCCARTESIANPOINT((0.,0.));
#2817=IFCCARTESIANPOINT((0.,0.565));
#2818=IFCCARTESIANPOINT((1.7299999999999998,0.565));
#2819=IFCCARTESIANPOINT((1.7299999999999998,0.));
#2820=IFCCARTESIANPOINT((0.,0.));
#2821=IFCPOLYLINE((#2816,#2817,#2818,#2819,#2820));
#2822=IFCDIRECTION((0.,0.,1.));
#2823=IFCARBITRARYCLOSEDPROFILEDEF(.AREA.,$,#2821);
#2824=IFCCARTESIANPOINT((0.,0.,0.));
#2825=IFCDIRECTION((0.,0.,1.));
#2826=IFCDIRECTION((1.,0.,0.));
#2827=IFCAXIS2PLACEMENT3D(#2824,#2825,#2826);
#2828=IFCEXTRUDEDAREASOLID(#2823,#2827,#2822,1.24);
#2829=IFCSHAPEREPRESENTATION(#20,'Body','SweptSolid',(#2828));
#2830=IFCPRODUCTDEFINITIONSHAPE($,$,(#2829));
#2831=IFCOWNERHISTORY(#3,#4,.READWRITE.,.ADDED.,1791469296,#3,#4,1791469296);
#2832=IFCRELVOIDSELEMENT('1qz9TYUH5DZPMgo9IcUeaO',#2831,$,$,#477,#2810);
#2833=IFCCARTESIANPOINT((1.53,-0.1,1.3));
#2834=IFCDIRECTION((0.,0.,1.));
#2835=IFCDIRECTION((1.,0.,0.));
#2836=IFCAXIS2PLACEMENT3D(#2833,#2834,#2835);
#2837=IFCLOCALPLACEMENT(#484,#2836);
#2838=IFCOWNERHISTORY(#3,#4,.READWRITE.,.MODIFIED.,1791469296,#3,#4,1791469296);
#2839=IFCWINDOW('2GcVXweNT98O1JZeS2qGlM',#2838,'Fenster Hauptbau 01',$,$,#2844,#2859,$,1.24,1.73);
#2840=IFCCARTESIANPOINT((1.53,0.06,0.8));
#2841=IFCDIRECTION((0.,0.,1.));
#2842=IFCDIRECTION((1.,0.,0.));
#2843=IFCAXIS2PLACEMENT3D(#2840,#2841,#2842);
#2844=IFCLOCALPLACEMENT(#95,#2843);
#2845=IFCCARTESIANPOINT((0.,0.));
#2846=IFCCARTESIANPOINT((0.,0.07));
#2847=IFCCARTESIANPOINT((1.7299999999999998,0.07));
#2848=IFCCARTESIANPOINT((1.7299999999999998,0.));
#2849=IFCCARTESIANPOINT((0.,0.));
#2850=IFCPOLYLINE((#2845,#2846,#2847,#2848,#2849));
#2851=IFCDIRECTION((0.,0.,1.));
#2852=IFCARBITRARYCLOSEDPROFILEDEF(.AREA.,$,#2850);
#2853=IFCCARTESIANPOINT((0.,0.,0.));
#2854=IFCDIRECTION((0.,0.,1.));
#2855=IFCDIRECTION((1.,0.,0.));
#2856=IFCAXIS2PLACEMENT3D(#2853,#2854,#2855);
#2857=IFCEXTRUDEDAREASOLID(#2852,#2856,#2851,1.24);
#2858=IFCSHAPEREPRESENTATION(#20,'Body','SweptSolid',(#2857));
#2859=IFCPRODUCTDEFINITIONSHAPE($,$,(#2858));
#2860=IFCPRESENTATIONSTYLEASSIGNMENT((#421));
#2861=IFCSTYLEDITEM(#2857,(#2860),'Fenster Kunststoff wei\X2\00DF\X0\');
#2862=IFCOWNERHISTORY(#3,#4,.READWRITE.,.MODIFIED.,1791469300,#3,#4,1791469296);
#2863=IFCRELASSOCIATESMATERIAL('3QdLXG2Fb6h8RbAfdd9dhT',#2862,$,$,(#3324,#2979,#4018,#4365,#3462,#3117,#3600,#3255,#2910,#3949,#4296,#2839,#3393,#3048,#3531,#3186),#420);
#2864=IFCRELFILLSELEMENT('2hAgSrBLT07Ot2evmuiA_I',#9585,$,$,#2810,#2839);
#2865=IFCOWNERHISTORY(#3,#4,.READWRITE.,.ADDED.,1791469296,#3,#4,1791469296);
#2866=IFCPROPERTYSET('3uwQeTfbf4n9nIu4bQcKmA',#2865,'Pset_WindowCommon',$,(#2869,#2870));
#2867=IFCOWNERHISTORY(#3,#4,.READWRITE.,.ADDED.,1791469296,#3,#4,1791469296);
#2868=IFCRELDEFINESBYPROPERTIES('3GboOj2Yr8lgX7SaRoSm36',#2867,$,$,(#2839),#2866);
#2869=IFCPROPERTYSINGLEVALUE('IsExternal',$,IFCBOOLEAN(.T.),$);
#2870=IFCPROPERTYSINGLEVALUE('Reference',$,IFCIDENTIFIER('Fenster Hauptbau 01'),$);
#2871=IFCOWNERHISTORY(#3,#4,.READWRITE.,.ADDED.,1791469296,#3,#4,1791469296);
#2872=IFCPROPERTYSET('3pYD2np7f1FuW29cmr$dKR',#2871,'Oberhofer_Info',$,(#2875,#2876,#2877,#2878,#2879));
#2873=IFCOWNERHISTORY(#3,#4,.READWRITE.,.ADDED.,1791469296,#3,#4,1791469296);
#2874=IFCRELDEFINESBYPROPERTIES('1dph1SwoL2Mgn8W_XNmD1X',#2873,$,$,(#2839),#2872);
#2875=IFCPROPERTYSINGLEVALUE('Status',$,IFCLABEL('Bestand'),$);
#2876=IFCPROPERTYSINGLEVALUE('Quelle',$,IFCLABEL('Lage/Gr\X2\00F600DF\X0\e aus Tektur-Ansichten bzw. Fotos (\X2\00B1\X0\5 cm)'),$);
#2877=IFCPROPERTYSINGLEVALUE('Bruestung_ueber_Gelaende_m',$,IFCREAL(1.3),$);
#2878=IFCPROPERTYSINGLEVALUE('Breite_m',$,IFCREAL(1.73),$);
#2879=IFCPROPERTYSINGLEVALUE('Hoehe_m',$,IFCREAL(1.24),$);
#2880=IFCOWNERHISTORY(#3,#4,.READWRITE.,.MODIFIED.,1791469296,#3,#4,1791469296);
#2881=IFCOPENINGELEMENT('3XoSWDsT56J94IwwYgb_gk',#2880,'\X2\00D6\X0\ffnung Fenster Hauptbau 02',$,$,#2908,#2901,$);
#2887=IFCCARTESIANPOINT((0.,0.));
#2888=IFCCARTESIANPOINT((0.,0.565));
#2889=IFCCARTESIANPOINT((1.7400000000000002,0.565));
#2890=IFCCARTESIANPOINT((1.7400000000000002,0.));
#2891=IFCCARTESIANPOINT((0.,0.));
#2892=IFCPOLYLINE((#2887,#2888,#2889,#2890,#2891));
#2893=IFCDIRECTION((0.,0.,1.));
#2894=IFCARBITRARYCLOSEDPROFILEDEF(.AREA.,$,#2892);
#2895=IFCCARTESIANPOINT((0.,0.,0.));
#2896=IFCDIRECTION((0.,0.,1.));
#2897=IFCDIRECTION((1.,0.,0.));
#2898=IFCAXIS2PLACEMENT3D(#2895,#2896,#2897);
#2899=IFCEXTRUDEDAREASOLID(#2894,#2898,#2893,1.24);
#2900=IFCSHAPEREPRESENTATION(#20,'Body','SweptSolid',(#2899));
#2901=IFCPRODUCTDEFINITIONSHAPE($,$,(#2900));
#2902=IFCOWNERHISTORY(#3,#4,.READWRITE.,.ADDED.,1791469296,#3,#4,1791469296);
#2903=IFCRELVOIDSELEMENT('0GgEk0QZDFaf99wNytVWRr',#2902,$,$,#618,#2881);
#2904=IFCCARTESIANPOINT((0.019999999999999574,-0.1,1.3));
#2905=IFCDIRECTION((0.,0.,1.));
#2906=IFCDIRECTION((1.,0.,0.));
#2907=IFCAXIS2PLACEMENT3D(#2904,#2905,#2906);
#2908=IFCLOCALPLACEMENT(#623,#2907);
#2909=IFCOWNERHISTORY(#3,#4,.READWRITE.,.MODIFIED.,1791469296,#3,#4,1791469296);
#2910=IFCWINDOW('1YOztnmcv3sQMJAqArF4L$',#2909,'Fenster Hauptbau 02',$,$,#2915,#2930,$,1.24,1.74);
#2911=IFCCARTESIANPOINT((8.25,0.06,0.8));
#2912=IFCDIRECTION((0.,0.,1.));
#2913=IFCDIRECTION((1.,0.,0.));
#2914=IFCAXIS2PLACEMENT3D(#2911,#2912,#2913);
#2915=IFCLOCALPLACEMENT(#95,#2914);
#2916=IFCCARTESIANPOINT((0.,0.));
#2917=IFCCARTESIANPOINT((0.,0.07));
#2918=IFCCARTESIANPOINT((1.7400000000000002,0.07));
#2919=IFCCARTESIANPOINT((1.7400000000000002,0.));
#2920=IFCCARTESIANPOINT((0.,0.));
#2921=IFCPOLYLINE((#2916,#2917,#2918,#2919,#2920));
#2922=IFCDIRECTION((0.,0.,1.));
#2923=IFCARBITRARYCLOSEDPROFILEDEF(.AREA.,$,#2921);
#2924=IFCCARTESIANPOINT((0.,0.,0.));
#2925=IFCDIRECTION((0.,0.,1.));
#2926=IFCDIRECTION((1.,0.,0.));
#2927=IFCAXIS2PLACEMENT3D(#2924,#2925,#2926);
#2928=IFCEXTRUDEDAREASOLID(#2923,#2927,#2922,1.24);
#2929=IFCSHAPEREPRESENTATION(#20,'Body','SweptSolid',(#2928));
#2930=IFCPRODUCTDEFINITIONSHAPE($,$,(#2929));
#2931=IFCPRESENTATIONSTYLEASSIGNMENT((#421));
#2932=IFCSTYLEDITEM(#2928,(#2931),'Fenster Kunststoff wei\X2\00DF\X0\');
#2933=IFCRELFILLSELEMENT('3ccezlH$f7MB2OgU26N1EE',#9585,$,$,#2881,#2910);
#2934=IFCOWNERHISTORY(#3,#4,.READWRITE.,.ADDED.,1791469296,#3,#4,1791469296);
#2935=IFCPROPERTYSET('16mxU88NXDPgBCe3zEDiFO',#2934,'Pset_WindowCommon',$,(#2938,#2939));
#2936=IFCOWNERHISTORY(#3,#4,.READWRITE.,.ADDED.,1791469296,#3,#4,1791469296);
#2937=IFCRELDEFINESBYPROPERTIES('2wHWN4NxTEnBwfS$Q4wglY',#2936,$,$,(#2910),#2935);
#2938=IFCPROPERTYSINGLEVALUE('IsExternal',$,IFCBOOLEAN(.T.),$);
#2939=IFCPROPERTYSINGLEVALUE('Reference',$,IFCIDENTIFIER('Fenster Hauptbau 02'),$);
#2940=IFCOWNERHISTORY(#3,#4,.READWRITE.,.ADDED.,1791469296,#3,#4,1791469296);
#2941=IFCPROPERTYSET('1h3PyO7If1PxVLSyffk4Ym',#2940,'Oberhofer_Info',$,(#2944,#2945,#2946,#2947,#2948));
#2942=IFCOWNERHISTORY(#3,#4,.READWRITE.,.ADDED.,1791469296,#3,#4,1791469296);
#2943=IFCRELDEFINESBYPROPERTIES('08jGSFaT953PoXXsgtd8wu',#2942,$,$,(#2910),#2941);
#2944=IFCPROPERTYSINGLEVALUE('Status',$,IFCLABEL('Bestand'),$);
#2945=IFCPROPERTYSINGLEVALUE('Quelle',$,IFCLABEL('Lage/Gr\X2\00F600DF\X0\e aus Tektur-Ansichten bzw. Fotos (\X2\00B1\X0\5 cm)'),$);
#2946=IFCPROPERTYSINGLEVALUE('Bruestung_ueber_Gelaende_m',$,IFCREAL(1.3),$);
#2947=IFCPROPERTYSINGLEVALUE('Breite_m',$,IFCREAL(1.74),$);
#2948=IFCPROPERTYSINGLEVALUE('Hoehe_m',$,IFCREAL(1.24),$);
#2949=IFCOWNERHISTORY(#3,#4,.READWRITE.,.MODIFIED.,1791469296,#3,#4,1791469296);
#2950=IFCOPENINGELEMENT('30fgwGcCLDcwYxLkRnBegI',#2949,'\X2\00D6\X0\ffnung Fenster Hauptbau 03',$,$,#2977,#2970,$);
#2956=IFCCARTESIANPOINT((0.,0.));
#2957=IFCCARTESIANPOINT((0.,0.565));
#2958=IFCCARTESIANPOINT((1.0899999999999999,0.565));
#2959=IFCCARTESIANPOINT((1.0899999999999999,0.));
#2960=IFCCARTESIANPOINT((0.,0.));
#2961=IFCPOLYLINE((#2956,#2957,#2958,#2959,#2960));
#2962=IFCDIRECTION((0.,0.,1.));
#2963=IFCARBITRARYCLOSEDPROFILEDEF(.AREA.,$,#2961);
#2964=IFCCARTESIANPOINT((0.,0.,0.));
#2965=IFCDIRECTION((0.,0.,1.));
#2966=IFCDIRECTION((1.,0.,0.));
#2967=IFCAXIS2PLACEMENT3D(#2964,#2965,#2966);
#2968=IFCEXTRUDEDAREASOLID(#2963,#2967,#2962,1.1799999999999997);
#2969=IFCSHAPEREPRESENTATION(#20,'Body','SweptSolid',(#2968));
#2970=IFCPRODUCTDEFINITIONSHAPE($,$,(#2969));
#2971=IFCOWNERHISTORY(#3,#4,.READWRITE.,.ADDED.,1791469296,#3,#4,1791469296);
#2972=IFCRELVOIDSELEMENT('0z9rZsD5P6wPNYCNhvV77C',#2971,$,$,#553,#2950);
#2973=IFCCARTESIANPOINT((0.6699999999999999,-0.1,4.24));
#2974=IFCDIRECTION((0.,0.,1.));
#2975=IFCDIRECTION((1.,0.,0.));
#2976=IFCAXIS2PLACEMENT3D(#2973,#2974,#2975);
#2977=IFCLOCALPLACEMENT(#558,#2976);
#2978=IFCOWNERHISTORY(#3,#4,.READWRITE.,.MODIFIED.,1791469296,#3,#4,1791469296);
#2979=IFCWINDOW('3ZX$$JcIj4$A7bKvaExAs$',#2978,'Fenster Hauptbau 03',$,$,#2984,#2999,$,1.18,1.09);
#2980=IFCCARTESIANPOINT((3.92,0.06,0.7400000000000002));
#2981=IFCDIRECTION((0.,0.,1.));
#2982=IFCDIRECTION((1.,0.,0.));
#2983=IFCAXIS2PLACEMENT3D(#2980,#2981,#2982);
#2984=IFCLOCALPLACEMENT(#102,#2983);
#2985=IFCCARTESIANPOINT((0.,0.));
#2986=IFCCARTESIANPOINT((0.,0.07));
#2987=IFCCARTESIANPOINT((1.0899999999999999,0.07));
#2988=IFCCARTESIANPOINT((1.0899999999999999,0.));
#2989=IFCCARTESIANPOINT((0.,0.));
#2990=IFCPOLYLINE((#2985,#2986,#2987,#2988,#2989));
#2991=IFCDIRECTION((0.,0.,1.));
#2992=IFCARBITRARYCLOSEDPROFILEDEF(.AREA.,$,#2990);
#2993=IFCCARTESIANPOINT((0.,0.,0.));
#2994=IFCDIRECTION((0.,0.,1.));
#2995=IFCDIRECTION((1.,0.,0.));
#2996=IFCAXIS2PLACEMENT3D(#2993,#2994,#2995);
#2997=IFCEXTRUDEDAREASOLID(#2992,#2996,#2991,1.1799999999999997);
#2998=IFCSHAPEREPRESENTATION(#20,'Body','SweptSolid',(#2997));
#2999=IFCPRODUCTDEFINITIONSHAPE($,$,(#2998));
#3000=IFCPRESENTATIONSTYLEASSIGNMENT((#421));
#3001=IFCSTYLEDITEM(#2997,(#3000),'Fenster Kunststoff wei\X2\00DF\X0\');
#3002=IFCRELFILLSELEMENT('264ZgD$h98j96GzCR6uJWR',#9585,$,$,#2950,#2979);
#3003=IFCOWNERHISTORY(#3,#4,.READWRITE.,.ADDED.,1791469296,#3,#4,1791469296);
#3004=IFCPROPERTYSET('153s$$r2XEVxqIQYq4fEmX',#3003,'Pset_WindowCommon',$,(#3007,#3008));
#3005=IFCOWNERHISTORY(#3,#4,.READWRITE.,.ADDED.,1791469296,#3,#4,1791469296);
#3006=IFCRELDEFINESBYPROPERTIES('1Wj_up0Kz6_8AHjrj6SOmc',#3005,$,$,(#2979),#3004);
#3007=IFCPROPERTYSINGLEVALUE('IsExternal',$,IFCBOOLEAN(.T.),$);
#3008=IFCPROPERTYSINGLEVALUE('Reference',$,IFCIDENTIFIER('Fenster Hauptbau 03'),$);
#3009=IFCOWNERHISTORY(#3,#4,.READWRITE.,.ADDED.,1791469296,#3,#4,1791469296);
#3010=IFCPROPERTYSET('1AA3nCxAr4S9QVbjf8c10r',#3009,'Oberhofer_Info',$,(#3013,#3014,#3015,#3016,#3017));
#3011=IFCOWNERHISTORY(#3,#4,.READWRITE.,.ADDED.,1791469296,#3,#4,1791469296);
#3012=IFCRELDEFINESBYPROPERTIES('0vetRDetX1QQGc1qV52mPk',#3011,$,$,(#2979),#3010);
#3013=IFCPROPERTYSINGLEVALUE('Status',$,IFCLABEL('Bestand'),$);
#3014=IFCPROPERTYSINGLEVALUE('Quelle',$,IFCLABEL('Lage/Gr\X2\00F600DF\X0\e aus Tektur-Ansichten bzw. Fotos (\X2\00B1\X0\5 cm)'),$);
#3015=IFCPROPERTYSINGLEVALUE('Bruestung_ueber_Gelaende_m',$,IFCREAL(4.24),$);
#3016=IFCPROPERTYSINGLEVALUE('Breite_m',$,IFCREAL(1.09),$);
#3017=IFCPROPERTYSINGLEVALUE('Hoehe_m',$,IFCREAL(1.18),$);
#3018=IFCOWNERHISTORY(#3,#4,.READWRITE.,.MODIFIED.,1791469296,#3,#4,1791469296);
#3019=IFCOPENINGELEMENT('2AeWjOyZ94jwpakjjpLVhg',#3018,'\X2\00D6\X0\ffnung Fenster Hauptbau 04',$,$,#3046,#3039,$);
#3025=IFCCARTESIANPOINT((0.,0.));
#3026=IFCCARTESIANPOINT((0.,0.565));
#3027=IFCCARTESIANPOINT((1.0999999999999996,0.565));
#3028=IFCCARTESIANPOINT((1.0999999999999996,0.));
#3029=IFCCARTESIANPOINT((0.,0.));
#3030=IFCPOLYLINE((#3025,#3026,#3027,#3028,#3029));
#3031=IFCDIRECTION((0.,0.,1.));
#3032=IFCARBITRARYCLOSEDPROFILEDEF(.AREA.,$,#3030);
#3033=IFCCARTESIANPOINT((0.,0.,0.));
#3034=IFCDIRECTION((0.,0.,1.));
#3035=IFCDIRECTION((1.,0.,0.));
#3036=IFCAXIS2PLACEMENT3D(#3033,#3034,#3035);
#3037=IFCEXTRUDEDAREASOLID(#3032,#3036,#3031,1.1799999999999997);
#3038=IFCSHAPEREPRESENTATION(#20,'Body','SweptSolid',(#3037));
#3039=IFCPRODUCTDEFINITIONSHAPE($,$,(#3038));
#3040=IFCOWNERHISTORY(#3,#4,.READWRITE.,.ADDED.,1791469296,#3,#4,1791469296);
#3041=IFCRELVOIDSELEMENT('0m0VKmtRP4G8jLQwdnD7hJ',#3040,$,$,#553,#3019);
#3042=IFCCARTESIANPOINT((3.16,-0.1,4.24));
#3043=IFCDIRECTION((0.,0.,1.));
#3044=IFCDIRECTION((1.,0.,0.));
#3045=IFCAXIS2PLACEMENT3D(#3042,#3043,#3044);
#3046=IFCLOCALPLACEMENT(#558,#3045);
#3047=IFCOWNERHISTORY(#3,#4,.READWRITE.,.MODIFIED.,1791469296,#3,#4,1791469296);
#3048=IFCWINDOW('0Rid$idJ55jfcv0RyNcGIB',#3047,'Fenster Hauptbau 04',$,$,#3053,#3068,$,1.18,1.1);
#3049=IFCCARTESIANPOINT((6.41,0.06,0.7400000000000002));
#3050=IFCDIRECTION((0.,0.,1.));
#3051=IFCDIRECTION((1.,0.,0.));
#3052=IFCAXIS2PLACEMENT3D(#3049,#3050,#3051);
#3053=IFCLOCALPLACEMENT(#102,#3052);
#3054=IFCCARTESIANPOINT((0.,0.));
#3055=IFCCARTESIANPOINT((0.,0.07));
#3056=IFCCARTESIANPOINT((1.0999999999999996,0.07));
#3057=IFCCARTESIANPOINT((1.0999999999999996,0.));
#3058=IFCCARTESIANPOINT((0.,0.));
#3059=IFCPOLYLINE((#3054,#3055,#3056,#3057,#3058));
#3060=IFCDIRECTION((0.,0.,1.));
#3061=IFCARBITRARYCLOSEDPROFILEDEF(.AREA.,$,#3059);
#3062=IFCCARTESIANPOINT((0.,0.,0.));
#3063=IFCDIRECTION((0.,0.,1.));
#3064=IFCDIRECTION((1.,0.,0.));
#3065=IFCAXIS2PLACEMENT3D(#3062,#3063,#3064);
#3066=IFCEXTRUDEDAREASOLID(#3061,#3065,#3060,1.1799999999999997);
#3067=IFCSHAPEREPRESENTATION(#20,'Body','SweptSolid',(#3066));
#3068=IFCPRODUCTDEFINITIONSHAPE($,$,(#3067));
#3069=IFCPRESENTATIONSTYLEASSIGNMENT((#421));
#3070=IFCSTYLEDITEM(#3066,(#3069),'Fenster Kunststoff wei\X2\00DF\X0\');
#3071=IFCRELFILLSELEMENT('2RejC77GX8QOimYgkmwVl4',#9585,$,$,#3019,#3048);
#3072=IFCOWNERHISTORY(#3,#4,.READWRITE.,.ADDED.,1791469296,#3,#4,1791469296);
#3073=IFCPROPERTYSET('34nLm2hub5kPe_ZMxUINgM',#3072,'Pset_WindowCommon',$,(#3076,#3077));
#3074=IFCOWNERHISTORY(#3,#4,.READWRITE.,.ADDED.,1791469296,#3,#4,1791469296);
#3075=IFCRELDEFINESBYPROPERTIES('2EVwdCeFv8yOYaq0sx7Fxy',#3074,$,$,(#3048),#3073);
#3076=IFCPROPERTYSINGLEVALUE('IsExternal',$,IFCBOOLEAN(.T.),$);
#3077=IFCPROPERTYSINGLEVALUE('Reference',$,IFCIDENTIFIER('Fenster Hauptbau 04'),$);
#3078=IFCOWNERHISTORY(#3,#4,.READWRITE.,.ADDED.,1791469296,#3,#4,1791469296);
#3079=IFCPROPERTYSET('3BkiMQHw1BqgbRIZAtjacO',#3078,'Oberhofer_Info',$,(#3082,#3083,#3084,#3085,#3086));
#3080=IFCOWNERHISTORY(#3,#4,.READWRITE.,.ADDED.,1791469296,#3,#4,1791469296);
#3081=IFCRELDEFINESBYPROPERTIES('2JFqZZHlf83Q0XHYGUnaTU',#3080,$,$,(#3048),#3079);
#3082=IFCPROPERTYSINGLEVALUE('Status',$,IFCLABEL('Bestand'),$);
#3083=IFCPROPERTYSINGLEVALUE('Quelle',$,IFCLABEL('Lage/Gr\X2\00F600DF\X0\e aus Tektur-Ansichten bzw. Fotos (\X2\00B1\X0\5 cm)'),$);
#3084=IFCPROPERTYSINGLEVALUE('Bruestung_ueber_Gelaende_m',$,IFCREAL(4.24),$);
#3085=IFCPROPERTYSINGLEVALUE('Breite_m',$,IFCREAL(1.1),$);
#3086=IFCPROPERTYSINGLEVALUE('Hoehe_m',$,IFCREAL(1.18),$);
#3087=IFCOWNERHISTORY(#3,#4,.READWRITE.,.MODIFIED.,1791469296,#3,#4,1791469296);
#3088=IFCOPENINGELEMENT('1k3W5NhbP47eKvbsPa_UOR',#3087,'\X2\00D6\X0\ffnung Fenster Hauptbau 05',$,$,#3115,#3108,$);
#3094=IFCCARTESIANPOINT((0.,0.));
#3095=IFCCARTESIANPOINT((0.,0.565));
#3096=IFCCARTESIANPOINT((1.9299999999999997,0.565));
#3097=IFCCARTESIANPOINT((1.9299999999999997,0.));
#3098=IFCCARTESIANPOINT((0.,0.));
#3099=IFCPOLYLINE((#3094,#3095,#3096,#3097,#3098));
#3100=IFCDIRECTION((0.,0.,1.));
#3101=IFCARBITRARYCLOSEDPROFILEDEF(.AREA.,$,#3099);
#3102=IFCCARTESIANPOINT((0.,0.,0.));
#3103=IFCDIRECTION((0.,0.,1.));
#3104=IFCDIRECTION((1.,0.,0.));
#3105=IFCAXIS2PLACEMENT3D(#3102,#3103,#3104);
#3106=IFCEXTRUDEDAREASOLID(#3101,#3105,#3100,1.23);
#3107=IFCSHAPEREPRESENTATION(#20,'Body','SweptSolid',(#3106));
#3108=IFCPRODUCTDEFINITIONSHAPE($,$,(#3107));
#3109=IFCOWNERHISTORY(#3,#4,.READWRITE.,.ADDED.,1791469296,#3,#4,1791469296);
#3110=IFCRELVOIDSELEMENT('0napAfCBn0hBC5ji5SUI4n',#3109,$,$,#834,#3088);
#3111=IFCCARTESIANPOINT((5.265,-0.09999999999999964,1.42));
#3112=IFCDIRECTION((0.,0.,1.));
#3113=IFCDIRECTION((1.,0.,0.));
#3114=IFCAXIS2PLACEMENT3D(#3111,#3112,#3113);
#3115=IFCLOCALPLACEMENT(#839,#3114);
#3116=IFCOWNERHISTORY(#3,#4,.READWRITE.,.MODIFIED.,1791469296,#3,#4,1791469296);
#3117=IFCWINDOW('1v0I3JD79CoxqZcAvVd78c',#3116,'Fenster Hauptbau 05',$,$,#3122,#3137,$,1.23,1.93);
#3118=IFCCARTESIANPOINT((11.42,5.63,0.9199999999999999));
#3119=IFCDIRECTION((0.,0.,1.));
#3120=IFCDIRECTION((0.,1.,0.));
#3121=IFCAXIS2PLACEMENT3D(#3118,#3119,#3120);
#3122=IFCLOCALPLACEMENT(#95,#3121);
#3123=IFCCARTESIANPOINT((0.,0.));
#3124=IFCCARTESIANPOINT((0.,0.07));
#3125=IFCCARTESIANPOINT((1.9299999999999997,0.07));
#3126=IFCCARTESIANPOINT((1.9299999999999997,0.));
#3127=IFCCARTESIANPOINT((0.,0.));
#3128=IFCPOLYLINE((#3123,#3124,#3125,#3126,#3127));
#3129=IFCDIRECTION((0.,0.,1.));
#3130=IFCARBITRARYCLOSEDPROFILEDEF(.AREA.,$,#3128);
#3131=IFCCARTESIANPOINT((0.,0.,0.));
#3132=IFCDIRECTION((0.,0.,1.));
#3133=IFCDIRECTION((1.,0.,0.));
#3134=IFCAXIS2PLACEMENT3D(#3131,#3132,#3133);
#3135=IFCEXTRUDEDAREASOLID(#3130,#3134,#3129,1.23);
#3136=IFCSHAPEREPRESENTATION(#20,'Body','SweptSolid',(#3135));
#3137=IFCPRODUCTDEFINITIONSHAPE($,$,(#3136));
#3138=IFCPRESENTATIONSTYLEASSIGNMENT((#421));
#3139=IFCSTYLEDITEM(#3135,(#3138),'Fenster Kunststoff wei\X2\00DF\X0\');
#3140=IFCRELFILLSELEMENT('1wr6Spo119PRhNgjXdWkPF',#9585,$,$,#3088,#3117);
#3141=IFCOWNERHISTORY(#3,#4,.READWRITE.,.ADDED.,1791469296,#3,#4,1791469296);
#3142=IFCPROPERTYSET('0baok88kfA5x7yhLig7AX6',#3141,'Pset_WindowCommon',$,(#3145,#3146));
#3143=IFCOWNERHISTORY(#3,#4,.READWRITE.,.ADDED.,1791469296,#3,#4,1791469296);
#3144=IFCRELDEFINESBYPROPERTIES('0QzL91X_fAofVM4iaecpVY',#3143,$,$,(#3117),#3142);
#3145=IFCPROPERTYSINGLEVALUE('IsExternal',$,IFCBOOLEAN(.T.),$);
#3146=IFCPROPERTYSINGLEVALUE('Reference',$,IFCIDENTIFIER('Fenster Hauptbau 05'),$);
#3147=IFCOWNERHISTORY(#3,#4,.READWRITE.,.ADDED.,1791469296,#3,#4,1791469296);
#3148=IFCPROPERTYSET('0XgTudA619bv5HSRjK6epb',#3147,'Oberhofer_Info',$,(#3151,#3152,#3153,#3154,#3155));
#3149=IFCOWNERHISTORY(#3,#4,.READWRITE.,.ADDED.,1791469296,#3,#4,1791469296);
#3150=IFCRELDEFINESBYPROPERTIES('27lNs7CgXEVQhuaAjt_VU$',#3149,$,$,(#3117),#3148);
#3151=IFCPROPERTYSINGLEVALUE('Status',$,IFCLABEL('Bestand'),$);
#3152=IFCPROPERTYSINGLEVALUE('Quelle',$,IFCLABEL('Lage/Gr\X2\00F600DF\X0\e aus Tektur-Ansichten bzw. Fotos (\X2\00B1\X0\5 cm)'),$);
#3153=IFCPROPERTYSINGLEVALUE('Bruestung_ueber_Gelaende_m',$,IFCREAL(1.42),$);
#3154=IFCPROPERTYSINGLEVALUE('Breite_m',$,IFCREAL(1.93),$);
#3155=IFCPROPERTYSINGLEVALUE('Hoehe_m',$,IFCREAL(1.23),$);
#3156=IFCOWNERHISTORY(#3,#4,.READWRITE.,.MODIFIED.,1791469296,#3,#4,1791469296);
#3157=IFCOPENINGELEMENT('1$6$CDyor51RWHM4WBF7rT',#3156,'\X2\00D6\X0\ffnung Fenster Hauptbau 06',$,$,#3184,#3177,$);
#3163=IFCCARTESIANPOINT((0.,0.));
#3164=IFCCARTESIANPOINT((0.,0.565));
#3165=IFCCARTESIANPOINT((2.1899999999999995,0.565));
#3166=IFCCARTESIANPOINT((2.1899999999999995,0.));
#3167=IFCCARTESIANPOINT((0.,0.));
#3168=IFCPOLYLINE((#3163,#3164,#3165,#3166,#3167));
#3169=IFCDIRECTION((0.,0.,1.));
#3170=IFCARBITRARYCLOSEDPROFILEDEF(.AREA.,$,#3168);
#3171=IFCCARTESIANPOINT((0.,0.,0.));
#3172=IFCDIRECTION((0.,0.,1.));
#3173=IFCDIRECTION((1.,0.,0.));
#3174=IFCAXIS2PLACEMENT3D(#3171,#3172,#3173);
#3175=IFCEXTRUDEDAREASOLID(#3170,#3174,#3169,1.1600000000000001);
#3176=IFCSHAPEREPRESENTATION(#20,'Body','SweptSolid',(#3175));
#3177=IFCPRODUCTDEFINITIONSHAPE($,$,(#3176));
#3178=IFCOWNERHISTORY(#3,#4,.READWRITE.,.ADDED.,1791469296,#3,#4,1791469296);
#3179=IFCRELVOIDSELEMENT('16_2WyLTT7nvwd9GqCcOCB',#3178,$,$,#834,#3157);
#3180=IFCCARTESIANPOINT((2.785,-0.09999999999999964,4.24));
#3181=IFCDIRECTION((0.,0.,1.));
#3182=IFCDIRECTION((1.,0.,0.));
#3183=IFCAXIS2PLACEMENT3D(#3180,#3181,#3182);
#3184=IFCLOCALPLACEMENT(#839,#3183);
#3185=IFCOWNERHISTORY(#3,#4,.READWRITE.,.MODIFIED.,1791469296,#3,#4,1791469296);
#3186=IFCWINDOW('3$ccN47qjC7A49uHlCiUyk',#3185,'Fenster Hauptbau 06',$,$,#3191,#3206,$,1.16,2.19);
#3187=IFCCARTESIANPOINT((11.42,3.1500000000000004,0.7400000000000002));
#3188=IFCDIRECTION((0.,0.,1.));
#3189=IFCDIRECTION((0.,1.,0.));
#3190=IFCAXIS2PLACEMENT3D(#3187,#3188,#3189);
#3191=IFCLOCALPLACEMENT(#102,#3190);
#3192=IFCCARTESIANPOINT((0.,0.));
#3193=IFCCARTESIANPOINT((0.,0.07));
#3194=IFCCARTESIANPOINT((2.1899999999999995,0.07));
#3195=IFCCARTESIANPOINT((2.1899999999999995,0.));
#3196=IFCCARTESIANPOINT((0.,0.));
#3197=IFCPOLYLINE((#3192,#3193,#3194,#3195,#3196));
#3198=IFCDIRECTION((0.,0.,1.));
#3199=IFCARBITRARYCLOSEDPROFILEDEF(.AREA.,$,#3197);
#3200=IFCCARTESIANPOINT((0.,0.,0.));
#3201=IFCDIRECTION((0.,0.,1.));
#3202=IFCDIRECTION((1.,0.,0.));
#3203=IFCAXIS2PLACEMENT3D(#3200,#3201,#3202);
#3204=IFCEXTRUDEDAREASOLID(#3199,#3203,#3198,1.1600000000000001);
#3205=IFCSHAPEREPRESENTATION(#20,'Body','SweptSolid',(#3204));
#3206=IFCPRODUCTDEFINITIONSHAPE($,$,(#3205));
#3207=IFCPRESENTATIONSTYLEASSIGNMENT((#421));
#3208=IFCSTYLEDITEM(#3204,(#3207),'Fenster Kunststoff wei\X2\00DF\X0\');
#3209=IFCRELFILLSELEMENT('2qW0$f59nCgvTp$Y3Z1EUh',#9585,$,$,#3157,#3186);
#3210=IFCOWNERHISTORY(#3,#4,.READWRITE.,.ADDED.,1791469296,#3,#4,1791469296);
#3211=IFCPROPERTYSET('1hFakkHxb7uAu6juQW5KxG',#3210,'Pset_WindowCommon',$,(#3214,#3215));
#3212=IFCOWNERHISTORY(#3,#4,.READWRITE.,.ADDED.,1791469296,#3,#4,1791469296);
#3213=IFCRELDEFINESBYPROPERTIES('3QJnrwzyX7Bx2P2gvQa0eD',#3212,$,$,(#3186),#3211);
#3214=IFCPROPERTYSINGLEVALUE('IsExternal',$,IFCBOOLEAN(.T.),$);
#3215=IFCPROPERTYSINGLEVALUE('Reference',$,IFCIDENTIFIER('Fenster Hauptbau 06'),$);
#3216=IFCOWNERHISTORY(#3,#4,.READWRITE.,.ADDED.,1791469297,#3,#4,1791469297);
#3217=IFCPROPERTYSET('3E7858QG99pxPvz7dEv3Bf',#3216,'Oberhofer_Info',$,(#3220,#3221,#3222,#3223,#3224));
#3218=IFCOWNERHISTORY(#3,#4,.READWRITE.,.ADDED.,1791469297,#3,#4,1791469297);
#3219=IFCRELDEFINESBYPROPERTIES('0bdAAswc98TPQVbNUsAKFT',#3218,$,$,(#3186),#3217);
#3220=IFCPROPERTYSINGLEVALUE('Status',$,IFCLABEL('Bestand'),$);
#3221=IFCPROPERTYSINGLEVALUE('Quelle',$,IFCLABEL('Lage/Gr\X2\00F600DF\X0\e aus Tektur-Ansichten bzw. Fotos (\X2\00B1\X0\5 cm)'),$);
#3222=IFCPROPERTYSINGLEVALUE('Bruestung_ueber_Gelaende_m',$,IFCREAL(4.24),$);
#3223=IFCPROPERTYSINGLEVALUE('Breite_m',$,IFCREAL(2.19),$);
#3224=IFCPROPERTYSINGLEVALUE('Hoehe_m',$,IFCREAL(1.16),$);
#3225=IFCOWNERHISTORY(#3,#4,.READWRITE.,.MODIFIED.,1791469297,#3,#4,1791469297);
#3226=IFCOPENINGELEMENT('2hWu7WaUbEeu$G2npMs8gD',#3225,'\X2\00D6\X0\ffnung Fenster Hauptbau 07',$,$,#3253,#3246,$);
#3232=IFCCARTESIANPOINT((0.,0.));
#3233=IFCCARTESIANPOINT((0.,0.565));
#3234=IFCCARTESIANPOINT((0.7999999999999998,0.565));
#3235=IFCCARTESIANPOINT((0.7999999999999998,0.));
#3236=IFCCARTESIANPOINT((0.,0.));
#3237=IFCPOLYLINE((#3232,#3233,#3234,#3235,#3236));
#3238=IFCDIRECTION((0.,0.,1.));
#3239=IFCARBITRARYCLOSEDPROFILEDEF(.AREA.,$,#3237);
#3240=IFCCARTESIANPOINT((0.,0.,0.));
#3241=IFCDIRECTION((0.,0.,1.));
#3242=IFCDIRECTION((1.,0.,0.));
#3243=IFCAXIS2PLACEMENT3D(#3240,#3241,#3242);
#3244=IFCEXTRUDEDAREASOLID(#3239,#3243,#3238,1.0999999999999999);
#3245=IFCSHAPEREPRESENTATION(#20,'Body','SweptSolid',(#3244));
#3246=IFCPRODUCTDEFINITIONSHAPE($,$,(#3245));
#3247=IFCOWNERHISTORY(#3,#4,.READWRITE.,.ADDED.,1791469297,#3,#4,1791469297);
#3248=IFCRELVOIDSELEMENT('0gtGBgepH4hevm7$2T_Gcb',#3247,$,$,#762,#3226);
#3249=IFCCARTESIANPOINT((0.41500000000000004,-0.1,1.3));
#3250=IFCDIRECTION((0.,0.,1.));
#3251=IFCDIRECTION((1.,0.,0.));
#3252=IFCAXIS2PLACEMENT3D(#3249,#3250,#3251);
#3253=IFCLOCALPLACEMENT(#767,#3252);
#3254=IFCOWNERHISTORY(#3,#4,.READWRITE.,.MODIFIED.,1791469297,#3,#4,1791469297);
#3255=IFCWINDOW('1QnsHvoI1BkAXn4QPh_$h1',#3254,'Fenster Hauptbau 07',$,$,#3260,#3275,$,1.1,0.8);
#3256=IFCCARTESIANPOINT((0.06,7.8,0.8));
#3257=IFCDIRECTION((0.,0.,1.));
#3258=IFCDIRECTION((0.,-1.,0.));
#3259=IFCAXIS2PLACEMENT3D(#3256,#3257,#3258);
#3260=IFCLOCALPLACEMENT(#95,#3259);
#3261=IFCCARTESIANPOINT((0.,0.));
#3262=IFCCARTESIANPOINT((0.,0.07));
#3263=IFCCARTESIANPOINT((0.7999999999999998,0.07));
#3264=IFCCARTESIANPOINT((0.7999999999999998,0.));
#3265=IFCCARTESIANPOINT((0.,0.));
#3266=IFCPOLYLINE((#3261,#3262,#3263,#3264,#3265));
#3267=IFCDIRECTION((0.,0.,1.));
#3268=IFCARBITRARYCLOSEDPROFILEDEF(.AREA.,$,#3266);
#3269=IFCCARTESIANPOINT((0.,0.,0.));
#3270=IFCDIRECTION((0.,0.,1.));
#3271=IFCDIRECTION((1.,0.,0.));
#3272=IFCAXIS2PLACEMENT3D(#3269,#3270,#3271);
#3273=IFCEXTRUDEDAREASOLID(#3268,#3272,#3267,1.0999999999999999);
#3274=IFCSHAPEREPRESENTATION(#20,'Body','SweptSolid',(#3273));
#3275=IFCPRODUCTDEFINITIONSHAPE($,$,(#3274));
#3276=IFCPRESENTATIONSTYLEASSIGNMENT((#421));
#3277=IFCSTYLEDITEM(#3273,(#3276),'Fenster Kunststoff wei\X2\00DF\X0\');
#3278=IFCRELFILLSELEMENT('0p_fToxT1Bjv_IQ8geviaT',#9585,$,$,#3226,#3255);
#3279=IFCOWNERHISTORY(#3,#4,.READWRITE.,.ADDED.,1791469297,#3,#4,1791469297);
#3280=IFCPROPERTYSET('2oQnfBOvT2AhgCMEyeqfL7',#3279,'Pset_WindowCommon',$,(#3283,#3284));
#3281=IFCOWNERHISTORY(#3,#4,.READWRITE.,.ADDED.,1791469297,#3,#4,1791469297);
#3282=IFCRELDEFINESBYPROPERTIES('1cYkunYJ1D4uPlRdShWFv6',#3281,$,$,(#3255),#3280);
#3283=IFCPROPERTYSINGLEVALUE('IsExternal',$,IFCBOOLEAN(.T.),$);
#3284=IFCPROPERTYSINGLEVALUE('Reference',$,IFCIDENTIFIER('Fenster Hauptbau 07'),$);
#3285=IFCOWNERHISTORY(#3,#4,.READWRITE.,.ADDED.,1791469297,#3,#4,1791469297);
#3286=IFCPROPERTYSET('1492lOIaX9QO3PKw8iYUtp',#3285,'Oberhofer_Info',$,(#3289,#3290,#3291,#3292,#3293));
#3287=IFCOWNERHISTORY(#3,#4,.READWRITE.,.ADDED.,1791469297,#3,#4,1791469297);
#3288=IFCRELDEFINESBYPROPERTIES('0KH8lOKgLA1QM7YSgqBR_i',#3287,$,$,(#3255),#3286);
#3289=IFCPROPERTYSINGLEVALUE('Status',$,IFCLABEL('Bestand'),$);
#3290=IFCPROPERTYSINGLEVALUE('Quelle',$,IFCLABEL('Lage/Gr\X2\00F600DF\X0\e aus Tektur-Ansichten bzw. Fotos (\X2\00B1\X0\5 cm)'),$);
#3291=IFCPROPERTYSINGLEVALUE('Bruestung_ueber_Gelaende_m',$,IFCREAL(1.3),$);
#3292=IFCPROPERTYSINGLEVALUE('Breite_m',$,IFCREAL(0.8),$);
#3293=IFCPROPERTYSINGLEVALUE('Hoehe_m',$,IFCREAL(1.1),$);
#3294=IFCOWNERHISTORY(#3,#4,.READWRITE.,.MODIFIED.,1791469297,#3,#4,1791469297);
#3295=IFCOPENINGELEMENT('3lbr1lSETEpRRVo7u6rHBD',#3294,'\X2\00D6\X0\ffnung Fenster Hauptbau 08',$,$,#3322,#3315,$);
#3301=IFCCARTESIANPOINT((0.,0.));
#3302=IFCCARTESIANPOINT((0.,0.565));
#3303=IFCCARTESIANPOINT((1.1999999999999993,0.565));
#3304=IFCCARTESIANPOINT((1.1999999999999993,0.));
#3305=IFCCARTESIANPOINT((0.,0.));
#3306=IFCPOLYLINE((#3301,#3302,#3303,#3304,#3305));
#3307=IFCDIRECTION((0.,0.,1.));
#3308=IFCARBITRARYCLOSEDPROFILEDEF(.AREA.,$,#3306);
#3309=IFCCARTESIANPOINT((0.,0.,0.));
#3310=IFCDIRECTION((0.,0.,1.));
#3311=IFCDIRECTION((1.,0.,0.));
#3312=IFCAXIS2PLACEMENT3D(#3309,#3310,#3311);
#3313=IFCEXTRUDEDAREASOLID(#3308,#3312,#3307,1.24);
#3314=IFCSHAPEREPRESENTATION(#20,'Body','SweptSolid',(#3313));
#3315=IFCPRODUCTDEFINITIONSHAPE($,$,(#3314));
#3316=IFCOWNERHISTORY(#3,#4,.READWRITE.,.ADDED.,1791469297,#3,#4,1791469297);
#3317=IFCRELVOIDSELEMENT('0j9H4cOybAU9M7ov4gJPUs',#3316,$,$,#762,#3295);
#3318=IFCCARTESIANPOINT((1.6150000000000002,-0.1,1.3));
#3319=IFCDIRECTION((0.,0.,1.));
#3320=IFCDIRECTION((1.,0.,0.));
#3321=IFCAXIS2PLACEMENT3D(#3318,#3319,#3320);
#3322=IFCLOCALPLACEMENT(#767,#3321);
#3323=IFCOWNERHISTORY(#3,#4,.READWRITE.,.MODIFIED.,1791469297,#3,#4,1791469297);
#3324=IFCWINDOW('3Uu_bakrb7Qe$3YSTKC78a',#3323,'Fenster Hauptbau 08',$,$,#3329,#3344,$,1.24,1.2);
#3325=IFCCARTESIANPOINT((0.06,6.6,0.8));
#3326=IFCDIRECTION((0.,0.,1.));
#3327=IFCDIRECTION((0.,-1.,0.));
#3328=IFCAXIS2PLACEMENT3D(#3325,#3326,#3327);
#3329=IFCLOCALPLACEMENT(#95,#3328);
#3330=IFCCARTESIANPOINT((0.,0.));
#3331=IFCCARTESIANPOINT((0.,0.07));
#3332=IFCCARTESIANPOINT((1.1999999999999993,0.07));
#3333=IFCCARTESIANPOINT((1.1999999999999993,0.));
#3334=IFCCARTESIANPOINT((0.,0.));
#3335=IFCPOLYLINE((#3330,#3331,#3332,#3333,#3334));
#3336=IFCDIRECTION((0.,0.,1.));
#3337=IFCARBITRARYCLOSEDPROFILEDEF(.AREA.,$,#3335);
#3338=IFCCARTESIANPOINT((0.,0.,0.));
#3339=IFCDIRECTION((0.,0.,1.));
#3340=IFCDIRECTION((1.,0.,0.));
#3341=IFCAXIS2PLACEMENT3D(#3338,#3339,#3340);
#3342=IFCEXTRUDEDAREASOLID(#3337,#3341,#3336,1.24);
#3343=IFCSHAPEREPRESENTATION(#20,'Body','SweptSolid',(#3342));
#3344=IFCPRODUCTDEFINITIONSHAPE($,$,(#3343));
#3345=IFCPRESENTATIONSTYLEASSIGNMENT((#421));
#3346=IFCSTYLEDITEM(#3342,(#3345),'Fenster Kunststoff wei\X2\00DF\X0\');
#3347=IFCRELFILLSELEMENT('269fwOgWb9cPgaDm9xoAPp',#9585,$,$,#3295,#3324);
#3348=IFCOWNERHISTORY(#3,#4,.READWRITE.,.ADDED.,1791469297,#3,#4,1791469297);
#3349=IFCPROPERTYSET('3TSRzP$ETDJxqNLVNfO_ti',#3348,'Pset_WindowCommon',$,(#3352,#3353));
#3350=IFCOWNERHISTORY(#3,#4,.READWRITE.,.ADDED.,1791469297,#3,#4,1791469297);
#3351=IFCRELDEFINESBYPROPERTIES('0N$bFPljLA0eHiBfhdk0sA',#3350,$,$,(#3324),#3349);
#3352=IFCPROPERTYSINGLEVALUE('IsExternal',$,IFCBOOLEAN(.T.),$);
#3353=IFCPROPERTYSINGLEVALUE('Reference',$,IFCIDENTIFIER('Fenster Hauptbau 08'),$);
#3354=IFCOWNERHISTORY(#3,#4,.READWRITE.,.ADDED.,1791469297,#3,#4,1791469297);
#3355=IFCPROPERTYSET('3aAXsf7Mf8gQ07gnxeGvcG',#3354,'Oberhofer_Info',$,(#3358,#3359,#3360,#3361,#3362));
#3356=IFCOWNERHISTORY(#3,#4,.READWRITE.,.ADDED.,1791469297,#3,#4,1791469297);
#3357=IFCRELDEFINESBYPROPERTIES('3y7qX7z418pQEQ01Er2mvj',#3356,$,$,(#3324),#3355);
#3358=IFCPROPERTYSINGLEVALUE('Status',$,IFCLABEL('Bestand'),$);
#3359=IFCPROPERTYSINGLEVALUE('Quelle',$,IFCLABEL('Lage/Gr\X2\00F600DF\X0\e aus Tektur-Ansichten bzw. Fotos (\X2\00B1\X0\5 cm)'),$);
#3360=IFCPROPERTYSINGLEVALUE('Bruestung_ueber_Gelaende_m',$,IFCREAL(1.3),$);
#3361=IFCPROPERTYSINGLEVALUE('Breite_m',$,IFCREAL(1.2),$);
#3362=IFCPROPERTYSINGLEVALUE('Hoehe_m',$,IFCREAL(1.24),$);
#3363=IFCOWNERHISTORY(#3,#4,.READWRITE.,.MODIFIED.,1791469297,#3,#4,1791469297);
#3364=IFCOPENINGELEMENT('1I0rXZGgf72hfzWEiGWCe4',#3363,'\X2\00D6\X0\ffnung Fenster Hauptbau 09',$,$,#3391,#3384,$);
#3370=IFCCARTESIANPOINT((0.,0.));
#3371=IFCCARTESIANPOINT((0.,0.565));
#3372=IFCCARTESIANPOINT((0.7000000000000002,0.565));
#3373=IFCCARTESIANPOINT((0.7000000000000002,0.));
#3374=IFCCARTESIANPOINT((0.,0.));
#3375=IFCPOLYLINE((#3370,#3371,#3372,#3373,#3374));
#3376=IFCDIRECTION((0.,0.,1.));
#3377=IFCARBITRARYCLOSEDPROFILEDEF(.AREA.,$,#3375);
#3378=IFCCARTESIANPOINT((0.,0.,0.));
#3379=IFCDIRECTION((0.,0.,1.));
#3380=IFCDIRECTION((1.,0.,0.));
#3381=IFCAXIS2PLACEMENT3D(#3378,#3379,#3380);
#3382=IFCEXTRUDEDAREASOLID(#3377,#3381,#3376,1.);
#3383=IFCSHAPEREPRESENTATION(#20,'Body','SweptSolid',(#3382));
#3384=IFCPRODUCTDEFINITIONSHAPE($,$,(#3383));
#3385=IFCOWNERHISTORY(#3,#4,.READWRITE.,.ADDED.,1791469297,#3,#4,1791469297);
#3386=IFCRELVOIDSELEMENT('2jG77bbOv9n97JPx5ZdV8v',#3385,$,$,#762,#3364);
#3387=IFCCARTESIANPOINT((1.2649999999999997,-0.1,4.3));
#3388=IFCDIRECTION((0.,0.,1.));
#3389=IFCDIRECTION((1.,0.,0.));
#3390=IFCAXIS2PLACEMENT3D(#3387,#3388,#3389);
#3391=IFCLOCALPLACEMENT(#767,#3390);
#3392=IFCOWNERHISTORY(#3,#4,.READWRITE.,.MODIFIED.,1791469297,#3,#4,1791469297);
#3393=IFCWINDOW('2v1$yaLGXAOxRHMlgXh2GY',#3392,'Fenster Hauptbau 09',$,$,#3398,#3413,$,1.,0.7);
#3394=IFCCARTESIANPOINT((0.06,6.95,0.7999999999999998));
#3395=IFCDIRECTION((0.,0.,1.));
#3396=IFCDIRECTION((0.,-1.,0.));
#3397=IFCAXIS2PLACEMENT3D(#3394,#3395,#3396);
#3398=IFCLOCALPLACEMENT(#102,#3397);
#3399=IFCCARTESIANPOINT((0.,0.));
#3400=IFCCARTESIANPOINT((0.,0.07));
#3401=IFCCARTESIANPOINT((0.7000000000000002,0.07));
#3402=IFCCARTESIANPOINT((0.7000000000000002,0.));
#3403=IFCCARTESIANPOINT((0.,0.));
#3404=IFCPOLYLINE((#3399,#3400,#3401,#3402,#3403));
#3405=IFCDIRECTION((0.,0.,1.));
#3406=IFCARBITRARYCLOSEDPROFILEDEF(.AREA.,$,#3404);
#3407=IFCCARTESIANPOINT((0.,0.,0.));
#3408=IFCDIRECTION((0.,0.,1.));
#3409=IFCDIRECTION((1.,0.,0.));
#3410=IFCAXIS2PLACEMENT3D(#3407,#3408,#3409);
#3411=IFCEXTRUDEDAREASOLID(#3406,#3410,#3405,1.);
#3412=IFCSHAPEREPRESENTATION(#20,'Body','SweptSolid',(#3411));
#3413=IFCPRODUCTDEFINITIONSHAPE($,$,(#3412));
#3414=IFCPRESENTATIONSTYLEASSIGNMENT((#421));
#3415=IFCSTYLEDITEM(#3411,(#3414),'Fenster Kunststoff wei\X2\00DF\X0\');
#3416=IFCRELFILLSELEMENT('1Bsbq_b0L19gKf2B_ugbvK',#9585,$,$,#3364,#3393);
#3417=IFCOWNERHISTORY(#3,#4,.READWRITE.,.ADDED.,1791469297,#3,#4,1791469297);
#3418=IFCPROPERTYSET('1Fz89_jZTCCQzaxg64TCBh',#3417,'Pset_WindowCommon',$,(#3421,#3422));
#3419=IFCOWNERHISTORY(#3,#4,.READWRITE.,.ADDED.,1791469297,#3,#4,1791469297);
#3420=IFCRELDEFINESBYPROPERTIES('3gNnI6Y7fBUueN3BL0e0vQ',#3419,$,$,(#3393),#3418);
#3421=IFCPROPERTYSINGLEVALUE('IsExternal',$,IFCBOOLEAN(.T.),$);
#3422=IFCPROPERTYSINGLEVALUE('Reference',$,IFCIDENTIFIER('Fenster Hauptbau 09'),$);
#3423=IFCOWNERHISTORY(#3,#4,.READWRITE.,.ADDED.,1791469297,#3,#4,1791469297);
#3424=IFCPROPERTYSET('2CtqOwJOvF1Acwb7_EqkRB',#3423,'Oberhofer_Info',$,(#3427,#3428,#3429,#3430,#3431));
#3425=IFCOWNERHISTORY(#3,#4,.READWRITE.,.ADDED.,1791469297,#3,#4,1791469297);
#3426=IFCRELDEFINESBYPROPERTIES('0leJ1weHX2eAYbGuUV1u$v',#3425,$,$,(#3393),#3424);
#3427=IFCPROPERTYSINGLEVALUE('Status',$,IFCLABEL('Bestand'),$);
#3428=IFCPROPERTYSINGLEVALUE('Quelle',$,IFCLABEL('Lage/Gr\X2\00F600DF\X0\e aus Tektur-Ansichten bzw. Fotos (\X2\00B1\X0\5 cm)'),$);
#3429=IFCPROPERTYSINGLEVALUE('Bruestung_ueber_Gelaende_m',$,IFCREAL(4.3),$);
#3430=IFCPROPERTYSINGLEVALUE('Breite_m',$,IFCREAL(0.7),$);
#3431=IFCPROPERTYSINGLEVALUE('Hoehe_m',$,IFCREAL(1.),$);
#3432=IFCOWNERHISTORY(#3,#4,.READWRITE.,.MODIFIED.,1791469297,#3,#4,1791469297);
#3433=IFCOPENINGELEMENT('1PEAR4iQ9ATxFYBVTQBJE8',#3432,'\X2\00D6\X0\ffnung Fenster Hauptbau 10',$,$,#3460,#3453,$);
#3439=IFCCARTESIANPOINT((0.,0.));
#3440=IFCCARTESIANPOINT((0.,0.565));
#3441=IFCCARTESIANPOINT((0.9000000000000004,0.565));
#3442=IFCCARTESIANPOINT((0.9000000000000004,0.));
#3443=IFCCARTESIANPOINT((0.,0.));
#3444=IFCPOLYLINE((#3439,#3440,#3441,#3442,#3443));
#3445=IFCDIRECTION((0.,0.,1.));
#3446=IFCARBITRARYCLOSEDPROFILEDEF(.AREA.,$,#3444);
#3447=IFCCARTESIANPOINT((0.,0.,0.));
#3448=IFCDIRECTION((0.,0.,1.));
#3449=IFCDIRECTION((1.,0.,0.));
#3450=IFCAXIS2PLACEMENT3D(#3447,#3448,#3449);
#3451=IFCEXTRUDEDAREASOLID(#3446,#3450,#3445,1.1000000000000005);
#3452=IFCSHAPEREPRESENTATION(#20,'Body','SweptSolid',(#3451));
#3453=IFCPRODUCTDEFINITIONSHAPE($,$,(#3452));
#3454=IFCOWNERHISTORY(#3,#4,.READWRITE.,.ADDED.,1791469297,#3,#4,1791469297);
#3455=IFCRELVOIDSELEMENT('3XeYJtP$jDDuXNrXsXNlNS',#3454,$,$,#762,#3433);
#3456=IFCCARTESIANPOINT((3.5149999999999997,-0.1,4.3));
#3457=IFCDIRECTION((0.,0.,1.));
#3458=IFCDIRECTION((1.,0.,0.));
#3459=IFCAXIS2PLACEMENT3D(#3456,#3457,#3458);
#3460=IFCLOCALPLACEMENT(#767,#3459);
#3461=IFCOWNERHISTORY(#3,#4,.READWRITE.,.MODIFIED.,1791469297,#3,#4,1791469297);
#3462=IFCWINDOW('32fNst4Gv5Uwv54pRBEXU7',#3461,'Fenster Hauptbau 10',$,$,#3467,#3482,$,1.1,0.9);
#3463=IFCCARTESIANPOINT((0.06,4.7,0.7999999999999998));
#3464=IFCDIRECTION((0.,0.,1.));
#3465=IFCDIRECTION((0.,-1.,0.));
#3466=IFCAXIS2PLACEMENT3D(#3463,#3464,#3465);
#3467=IFCLOCALPLACEMENT(#102,#3466);
#3468=IFCCARTESIANPOINT((0.,0.));
#3469=IFCCARTESIANPOINT((0.,0.07));
#3470=IFCCARTESIANPOINT((0.9000000000000004,0.07));
#3471=IFCCARTESIANPOINT((0.9000000000000004,0.));
#3472=IFCCARTESIANPOINT((0.,0.));
#3473=IFCPOLYLINE((#3468,#3469,#3470,#3471,#3472));
#3474=IFCDIRECTION((0.,0.,1.));
#3475=IFCARBITRARYCLOSEDPROFILEDEF(.AREA.,$,#3473);
#3476=IFCCARTESIANPOINT((0.,0.,0.));
#3477=IFCDIRECTION((0.,0.,1.));
#3478=IFCDIRECTION((1.,0.,0.));
#3479=IFCAXIS2PLACEMENT3D(#3476,#3477,#3478);
#3480=IFCEXTRUDEDAREASOLID(#3475,#3479,#3474,1.1000000000000005);
#3481=IFCSHAPEREPRESENTATION(#20,'Body','SweptSolid',(#3480));
#3482=IFCPRODUCTDEFINITIONSHAPE($,$,(#3481));
#3483=IFCPRESENTATIONSTYLEASSIGNMENT((#421));
#3484=IFCSTYLEDITEM(#3480,(#3483),'Fenster Kunststoff wei\X2\00DF\X0\');
#3485=IFCRELFILLSELEMENT('19AKzyXaf8r9z70sDqVpM4',#9585,$,$,#3433,#3462);
#3486=IFCOWNERHISTORY(#3,#4,.READWRITE.,.ADDED.,1791469297,#3,#4,1791469297);
#3487=IFCPROPERTYSET('0shZkLrTrBGOmenJ0I39Ol',#3486,'Pset_WindowCommon',$,(#3490,#3491));
#3488=IFCOWNERHISTORY(#3,#4,.READWRITE.,.ADDED.,1791469297,#3,#4,1791469297);
#3489=IFCRELDEFINESBYPROPERTIES('0lT5_QKqb02ukMTVZ4dolO',#3488,$,$,(#3462),#3487);
#3490=IFCPROPERTYSINGLEVALUE('IsExternal',$,IFCBOOLEAN(.T.),$);
#3491=IFCPROPERTYSINGLEVALUE('Reference',$,IFCIDENTIFIER('Fenster Hauptbau 10'),$);
#3492=IFCOWNERHISTORY(#3,#4,.READWRITE.,.ADDED.,1791469297,#3,#4,1791469297);
#3493=IFCPROPERTYSET('1OhpSI$t5DaPfhV$8_1uDg',#3492,'Oberhofer_Info',$,(#3496,#3497,#3498,#3499,#3500));
#3494=IFCOWNERHISTORY(#3,#4,.READWRITE.,.ADDED.,1791469297,#3,#4,1791469297);
#3495=IFCRELDEFINESBYPROPERTIES('3oY0zvJ6zF$f3o9V0$XrBD',#3494,$,$,(#3462),#3493);
#3496=IFCPROPERTYSINGLEVALUE('Status',$,IFCLABEL('Bestand'),$);
#3497=IFCPROPERTYSINGLEVALUE('Quelle',$,IFCLABEL('Lage/Gr\X2\00F600DF\X0\e aus Tektur-Ansichten bzw. Fotos (\X2\00B1\X0\5 cm)'),$);
#3498=IFCPROPERTYSINGLEVALUE('Bruestung_ueber_Gelaende_m',$,IFCREAL(4.3),$);
#3499=IFCPROPERTYSINGLEVALUE('Breite_m',$,IFCREAL(0.9),$);
#3500=IFCPROPERTYSINGLEVALUE('Hoehe_m',$,IFCREAL(1.1),$);
#3501=IFCOWNERHISTORY(#3,#4,.READWRITE.,.MODIFIED.,1791469297,#3,#4,1791469297);
#3502=IFCOPENINGELEMENT('2NgKIz6AH2z8Zrf84I1J36',#3501,'\X2\00D6\X0\ffnung Fenster Hauptbau 11',$,$,#3529,#3522,$);
#3508=IFCCARTESIANPOINT((0.,0.));
#3509=IFCCARTESIANPOINT((0.,0.565));
#3510=IFCCARTESIANPOINT((1.1999999999999993,0.565));
#3511=IFCCARTESIANPOINT((1.1999999999999993,0.));
#3512=IFCCARTESIANPOINT((0.,0.));
#3513=IFCPOLYLINE((#3508,#3509,#3510,#3511,#3512));
#3514=IFCDIRECTION((0.,0.,1.));
#3515=IFCARBITRARYCLOSEDPROFILEDEF(.AREA.,$,#3513);
#3516=IFCCARTESIANPOINT((0.,0.,0.));
#3517=IFCDIRECTION((0.,0.,1.));
#3518=IFCDIRECTION((1.,0.,0.));
#3519=IFCAXIS2PLACEMENT3D(#3516,#3517,#3518);
#3520=IFCEXTRUDEDAREASOLID(#3515,#3519,#3514,1.1400000000000001);
#3521=IFCSHAPEREPRESENTATION(#20,'Body','SweptSolid',(#3520));
#3522=IFCPRODUCTDEFINITIONSHAPE($,$,(#3521));
#3523=IFCOWNERHISTORY(#3,#4,.READWRITE.,.ADDED.,1791469297,#3,#4,1791469297);
#3524=IFCRELVOIDSELEMENT('0aRi6_deT9a9NELyF5an0_',#3523,$,$,#690,#3502);
#3525=IFCCARTESIANPOINT((5.880000000000001,-0.09999999999999964,1.4));
#3526=IFCDIRECTION((0.,0.,1.));
#3527=IFCDIRECTION((1.,0.,0.));
#3528=IFCAXIS2PLACEMENT3D(#3525,#3526,#3527);
#3529=IFCLOCALPLACEMENT(#695,#3528);
#3530=IFCOWNERHISTORY(#3,#4,.READWRITE.,.MODIFIED.,1791469297,#3,#4,1791469297);
#3531=IFCWINDOW('2xCTBYWGD1BAb2ILNwu$1a',#3530,'Fenster Hauptbau 11',$,$,#3536,#3551,$,1.14,1.2);
#3532=IFCCARTESIANPOINT((5.6,8.52,0.8999999999999999));
#3533=IFCDIRECTION((0.,0.,1.));
#3534=IFCDIRECTION((-1.,0.,0.));
#3535=IFCAXIS2PLACEMENT3D(#3532,#3533,#3534);
#3536=IFCLOCALPLACEMENT(#95,#3535);
#3537=IFCCARTESIANPOINT((0.,0.));
#3538=IFCCARTESIANPOINT((0.,0.07));
#3539=IFCCARTESIANPOINT((1.1999999999999993,0.07));
#3540=IFCCARTESIANPOINT((1.1999999999999993,0.));
#3541=IFCCARTESIANPOINT((0.,0.));
#3542=IFCPOLYLINE((#3537,#3538,#3539,#3540,#3541));
#3543=IFCDIRECTION((0.,0.,1.));
#3544=IFCARBITRARYCLOSEDPROFILEDEF(.AREA.,$,#3542);
#3545=IFCCARTESIANPOINT((0.,0.,0.));
#3546=IFCDIRECTION((0.,0.,1.));
#3547=IFCDIRECTION((1.,0.,0.));
#3548=IFCAXIS2PLACEMENT3D(#3545,#3546,#3547);
#3549=IFCEXTRUDEDAREASOLID(#3544,#3548,#3543,1.1400000000000001);
#3550=IFCSHAPEREPRESENTATION(#20,'Body','SweptSolid',(#3549));
#3551=IFCPRODUCTDEFINITIONSHAPE($,$,(#3550));
#3552=IFCPRESENTATIONSTYLEASSIGNMENT((#421));
#3553=IFCSTYLEDITEM(#3549,(#3552),'Fenster Kunststoff wei\X2\00DF\X0\');
#3554=IFCRELFILLSELEMENT('05Ci6JMLr4qeaW7Ze5WlLQ',#9585,$,$,#3502,#3531);
#3555=IFCOWNERHISTORY(#3,#4,.READWRITE.,.ADDED.,1791469297,#3,#4,1791469297);
#3556=IFCPROPERTYSET('0chcDZ9mbFPPShpGE87Z3H',#3555,'Pset_WindowCommon',$,(#3559,#3560));
#3557=IFCOWNERHISTORY(#3,#4,.READWRITE.,.ADDED.,1791469297,#3,#4,1791469297);
#3558=IFCRELDEFINESBYPROPERTIES('0X$8c6Bs174uzJ2UlYYS3n',#3557,$,$,(#3531),#3556);
#3559=IFCPROPERTYSINGLEVALUE('IsExternal',$,IFCBOOLEAN(.T.),$);
#3560=IFCPROPERTYSINGLEVALUE('Reference',$,IFCIDENTIFIER('Fenster Hauptbau 11'),$);
#3561=IFCOWNERHISTORY(#3,#4,.READWRITE.,.ADDED.,1791469297,#3,#4,1791469297);
#3562=IFCPROPERTYSET('0g9pxhx_L2Z9JJoH1wkSqI',#3561,'Oberhofer_Info',$,(#3565,#3566,#3567,#3568,#3569));
#3563=IFCOWNERHISTORY(#3,#4,.READWRITE.,.ADDED.,1791469297,#3,#4,1791469297);
#3564=IFCRELDEFINESBYPROPERTIES('3nriHqRyf9FOb7ZVAkMdG0',#3563,$,$,(#3531),#3562);
#3565=IFCPROPERTYSINGLEVALUE('Status',$,IFCLABEL('Bestand'),$);
#3566=IFCPROPERTYSINGLEVALUE('Quelle',$,IFCLABEL('Lage/Gr\X2\00F600DF\X0\e aus Tektur-Ansichten bzw. Fotos (\X2\00B1\X0\5 cm)'),$);
#3567=IFCPROPERTYSINGLEVALUE('Bruestung_ueber_Gelaende_m',$,IFCREAL(1.4),$);
#3568=IFCPROPERTYSINGLEVALUE('Breite_m',$,IFCREAL(1.2),$);
#3569=IFCPROPERTYSINGLEVALUE('Hoehe_m',$,IFCREAL(1.14),$);
#3570=IFCOWNERHISTORY(#3,#4,.READWRITE.,.MODIFIED.,1791469297,#3,#4,1791469297);
#3571=IFCOPENINGELEMENT('047EzX3OH7cfhlvOLbcSRu',#3570,'\X2\00D6\X0\ffnung Fenster Hauptbau 12',$,$,#3598,#3591,$);
#3577=IFCCARTESIANPOINT((0.,0.));
#3578=IFCCARTESIANPOINT((0.,0.565));
#3579=IFCCARTESIANPOINT((2.,0.565));
#3580=IFCCARTESIANPOINT((2.,0.));
#3581=IFCCARTESIANPOINT((0.,0.));
#3582=IFCPOLYLINE((#3577,#3578,#3579,#3580,#3581));
#3583=IFCDIRECTION((0.,0.,1.));
#3584=IFCARBITRARYCLOSEDPROFILEDEF(.AREA.,$,#3582);
#3585=IFCCARTESIANPOINT((0.,0.,0.));
#3586=IFCDIRECTION((0.,0.,1.));
#3587=IFCDIRECTION((1.,0.,0.));
#3588=IFCAXIS2PLACEMENT3D(#3585,#3586,#3587);
#3589=IFCEXTRUDEDAREASOLID(#3584,#3588,#3583,1.24);
#3590=IFCSHAPEREPRESENTATION(#20,'Body','SweptSolid',(#3589));
#3591=IFCPRODUCTDEFINITIONSHAPE($,$,(#3590));
#3592=IFCOWNERHISTORY(#3,#4,.READWRITE.,.ADDED.,1791469297,#3,#4,1791469297);
#3593=IFCRELVOIDSELEMENT('2Pwrak0j51WgpbUv347J4a',#3592,$,$,#690,#3571);
#3594=IFCCARTESIANPOINT((1.58,-0.09999999999999964,1.3));
#3595=IFCDIRECTION((0.,0.,1.));
#3596=IFCDIRECTION((1.,0.,0.));
#3597=IFCAXIS2PLACEMENT3D(#3594,#3595,#3596);
#3598=IFCLOCALPLACEMENT(#695,#3597);
#3599=IFCOWNERHISTORY(#3,#4,.READWRITE.,.MODIFIED.,1791469297,#3,#4,1791469297);
#3600=IFCWINDOW('1MQkRweHz0lhc4Ar6Y_Xzl',#3599,'Fenster Hauptbau 12',$,$,#3605,#3620,$,1.24,2.);
#3601=IFCCARTESIANPOINT((9.9,8.52,0.8));
#3602=IFCDIRECTION((0.,0.,1.));
#3603=IFCDIRECTION((-1.,0.,0.));
#3604=IFCAXIS2PLACEMENT3D(#3601,#3602,#3603);
#3605=IFCLOCALPLACEMENT(#95,#3604);
#3606=IFCCARTESIANPOINT((0.,0.));
#3607=IFCCARTESIANPOINT((0.,0.07));
#3608=IFCCARTESIANPOINT((2.,0.07));
#3609=IFCCARTESIANPOINT((2.,0.));
#3610=IFCCARTESIANPOINT((0.,0.));
#3611=IFCPOLYLINE((#3606,#3607,#3608,#3609,#3610));
#3612=IFCDIRECTION((0.,0.,1.));
#3613=IFCARBITRARYCLOSEDPROFILEDEF(.AREA.,$,#3611);
#3614=IFCCARTESIANPOINT((0.,0.,0.));
#3615=IFCDIRECTION((0.,0.,1.));
#3616=IFCDIRECTION((1.,0.,0.));
#3617=IFCAXIS2PLACEMENT3D(#3614,#3615,#3616);
#3618=IFCEXTRUDEDAREASOLID(#3613,#3617,#3612,1.24);
#3619=IFCSHAPEREPRESENTATION(#20,'Body','SweptSolid',(#3618));
#3620=IFCPRODUCTDEFINITIONSHAPE($,$,(#3619));
#3621=IFCPRESENTATIONSTYLEASSIGNMENT((#421));
#3622=IFCSTYLEDITEM(#3618,(#3621),'Fenster Kunststoff wei\X2\00DF\X0\');
#3623=IFCRELFILLSELEMENT('30ClBDesL9VP8Eb8SXdAPg',#9585,$,$,#3571,#3600);
#3624=IFCOWNERHISTORY(#3,#4,.READWRITE.,.ADDED.,1791469297,#3,#4,1791469297);
#3625=IFCPROPERTYSET('3nLUuXnZX5q9ebUNsQaFMX',#3624,'Pset_WindowCommon',$,(#3628,#3629));
#3626=IFCOWNERHISTORY(#3,#4,.READWRITE.,.ADDED.,1791469297,#3,#4,1791469297);
#3627=IFCRELDEFINESBYPROPERTIES('3EIfOcm_P6Zf18qDguzCh5',#3626,$,$,(#3600),#3625);
#3628=IFCPROPERTYSINGLEVALUE('IsExternal',$,IFCBOOLEAN(.T.),$);
#3629=IFCPROPERTYSINGLEVALUE('Reference',$,IFCIDENTIFIER('Fenster Hauptbau 12'),$);
#3630=IFCOWNERHISTORY(#3,#4,.READWRITE.,.ADDED.,1791469297,#3,#4,1791469297);
#3631=IFCPROPERTYSET('2eqYGrb$jBvhQ$QWBq54VB',#3630,'Oberhofer_Info',$,(#3634,#3635,#3636,#3637,#3638));
#3632=IFCOWNERHISTORY(#3,#4,.READWRITE.,.ADDED.,1791469297,#3,#4,1791469297);
#3633=IFCRELDEFINESBYPROPERTIES('2ZKiPb4J9EBRiakdnEA2tB',#3632,$,$,(#3600),#3631);
#3634=IFCPROPERTYSINGLEVALUE('Status',$,IFCLABEL('Bestand'),$);
#3635=IFCPROPERTYSINGLEVALUE('Quelle',$,IFCLABEL('Lage/Gr\X2\00F600DF\X0\e aus Tektur-Ansichten bzw. Fotos (\X2\00B1\X0\5 cm)'),$);
#3636=IFCPROPERTYSINGLEVALUE('Bruestung_ueber_Gelaende_m',$,IFCREAL(1.3),$);
#3637=IFCPROPERTYSINGLEVALUE('Breite_m',$,IFCREAL(2.),$);
#3638=IFCPROPERTYSINGLEVALUE('Hoehe_m',$,IFCREAL(1.24),$);
#3639=IFCOWNERHISTORY(#3,#4,.READWRITE.,.MODIFIED.,1791469298,#3,#4,1791469298);
#3640=IFCOPENINGELEMENT('3KtAPBhUD5TuhjAIeiuE4l',#3639,'\X2\00D6\X0\ffnung Fenster Erker 01',$,$,#3667,#3660,$);
#3646=IFCCARTESIANPOINT((0.,0.));
#3647=IFCCARTESIANPOINT((0.,0.5));
#3648=IFCCARTESIANPOINT((1.75,0.5));
#3649=IFCCARTESIANPOINT((1.75,0.));
#3650=IFCCARTESIANPOINT((0.,0.));
#3651=IFCPOLYLINE((#3646,#3647,#3648,#3649,#3650));
#3652=IFCDIRECTION((0.,0.,1.));
#3653=IFCARBITRARYCLOSEDPROFILEDEF(.AREA.,$,#3651);
#3654=IFCCARTESIANPOINT((0.,0.,0.));
#3655=IFCDIRECTION((0.,0.,1.));
#3656=IFCDIRECTION((1.,0.,0.));
#3657=IFCAXIS2PLACEMENT3D(#3654,#3655,#3656);
#3658=IFCEXTRUDEDAREASOLID(#3653,#3657,#3652,1.44);
#3659=IFCSHAPEREPRESENTATION(#20,'Body','SweptSolid',(#3658));
#3660=IFCPRODUCTDEFINITIONSHAPE($,$,(#3659));
#3661=IFCOWNERHISTORY(#3,#4,.READWRITE.,.ADDED.,1791469298,#3,#4,1791469298);
#3662=IFCRELVOIDSELEMENT('317XMpR6r8BeMtO6ceJF90',#3661,$,$,#1230,#3640);
#3663=IFCCARTESIANPOINT((0.2699999999999996,-0.10000000000000009,1.37));
#3664=IFCDIRECTION((0.,0.,1.));
#3665=IFCDIRECTION((1.,0.,0.));
#3666=IFCAXIS2PLACEMENT3D(#3663,#3664,#3665);
#3667=IFCLOCALPLACEMENT(#1235,#3666);
#3668=IFCOWNERHISTORY(#3,#4,.READWRITE.,.MODIFIED.,1791469298,#3,#4,1791469298);
#3669=IFCWINDOW('0HBYDvxq56$e$7FgFnpg97',#3668,'Fenster Erker 01',$,$,#3674,#3689,$,1.44,1.75);
#3670=IFCCARTESIANPOINT((4.01,-1.9400000000000002,0.8700000000000001));
#3671=IFCDIRECTION((0.,0.,1.));
#3672=IFCDIRECTION((1.,0.,0.));
#3673=IFCAXIS2PLACEMENT3D(#3670,#3671,#3672);
#3674=IFCLOCALPLACEMENT(#95,#3673);
#3675=IFCCARTESIANPOINT((0.,0.));
#3676=IFCCARTESIANPOINT((0.,0.07));
#3677=IFCCARTESIANPOINT((1.75,0.07));
#3678=IFCCARTESIANPOINT((1.75,0.));
#3679=IFCCARTESIANPOINT((0.,0.));
#3680=IFCPOLYLINE((#3675,#3676,#3677,#3678,#3679));
#3681=IFCDIRECTION((0.,0.,1.));
#3682=IFCARBITRARYCLOSEDPROFILEDEF(.AREA.,$,#3680);
#3683=IFCCARTESIANPOINT((0.,0.,0.));
#3684=IFCDIRECTION((0.,0.,1.));
#3685=IFCDIRECTION((1.,0.,0.));
#3686=IFCAXIS2PLACEMENT3D(#3683,#3684,#3685);
#3687=IFCEXTRUDEDAREASOLID(#3682,#3686,#3681,1.44);
#3688=IFCSHAPEREPRESENTATION(#20,'Body','SweptSolid',(#3687));
#3689=IFCPRODUCTDEFINITIONSHAPE($,$,(#3688));
#3690=IFCPRESENTATIONSTYLEASSIGNMENT((#429));
#3691=IFCSTYLEDITEM(#3687,(#3690),'Fenster braun');
#3692=IFCOWNERHISTORY(#3,#4,.READWRITE.,.MODIFIED.,1791469299,#3,#4,1791469298);
#3693=IFCRELASSOCIATESMATERIAL('3elY7XKmb86ggKuG2PpG27',#3692,$,$,(#3740,#3669,#3809),#428);
#3694=IFCRELFILLSELEMENT('255_0vC3PBjAX6hxAfXusO',#9585,$,$,#3640,#3669);
#3695=IFCOWNERHISTORY(#3,#4,.READWRITE.,.ADDED.,1791469298,#3,#4,1791469298);
#3696=IFCPROPERTYSET('0KqWGhyJrASwzwfDFPxWdk',#3695,'Pset_WindowCommon',$,(#3699,#3700));
#3697=IFCOWNERHISTORY(#3,#4,.READWRITE.,.ADDED.,1791469298,#3,#4,1791469298);
#3698=IFCRELDEFINESBYPROPERTIES('000yCuLlDEXOV$t_kTl7NM',#3697,$,$,(#3669),#3696);
#3699=IFCPROPERTYSINGLEVALUE('IsExternal',$,IFCBOOLEAN(.T.),$);
#3700=IFCPROPERTYSINGLEVALUE('Reference',$,IFCIDENTIFIER('Fenster Erker 01'),$);
#3701=IFCOWNERHISTORY(#3,#4,.READWRITE.,.ADDED.,1791469298,#3,#4,1791469298);
#3702=IFCPROPERTYSET('13RhDZZX5098LYggb8QvCG',#3701,'Oberhofer_Info',$,(#3705,#3706,#3707,#3708,#3709));
#3703=IFCOWNERHISTORY(#3,#4,.READWRITE.,.ADDED.,1791469298,#3,#4,1791469298);
#3704=IFCRELDEFINESBYPROPERTIES('3KrHDJSVj8aOxbEKfaw2$l',#3703,$,$,(#3669),#3702);
#3705=IFCPROPERTYSINGLEVALUE('Status',$,IFCLABEL('Bestand'),$);
#3706=IFCPROPERTYSINGLEVALUE('Quelle',$,IFCLABEL('Lage/Gr\X2\00F600DF\X0\e aus Tektur-Ansichten bzw. Fotos (\X2\00B1\X0\5 cm)'),$);
#3707=IFCPROPERTYSINGLEVALUE('Bruestung_ueber_Gelaende_m',$,IFCREAL(1.37),$);
#3708=IFCPROPERTYSINGLEVALUE('Breite_m',$,IFCREAL(1.75),$);
#3709=IFCPROPERTYSINGLEVALUE('Hoehe_m',$,IFCREAL(1.44),$);
#3710=IFCOWNERHISTORY(#3,#4,.READWRITE.,.MODIFIED.,1791469298,#3,#4,1791469298);
#3711=IFCOPENINGELEMENT('2yM3hUIBvALO07XkCO9SR0',#3710,'\X2\00D6\X0\ffnung Fenster Erker 02',$,$,#3738,#3731,$);
#3717=IFCCARTESIANPOINT((0.,0.));
#3718=IFCCARTESIANPOINT((0.,0.5));
#3719=IFCCARTESIANPOINT((1.5599999999999996,0.5));
#3720=IFCCARTESIANPOINT((1.5599999999999996,0.));
#3721=IFCCARTESIANPOINT((0.,0.));
#3722=IFCPOLYLINE((#3717,#3718,#3719,#3720,#3721));
#3723=IFCDIRECTION((0.,0.,1.));
#3724=IFCARBITRARYCLOSEDPROFILEDEF(.AREA.,$,#3722);
#3725=IFCCARTESIANPOINT((0.,0.,0.));
#3726=IFCDIRECTION((0.,0.,1.));
#3727=IFCDIRECTION((1.,0.,0.));
#3728=IFCAXIS2PLACEMENT3D(#3725,#3726,#3727);
#3729=IFCEXTRUDEDAREASOLID(#3724,#3728,#3723,1.44);
#3730=IFCSHAPEREPRESENTATION(#20,'Body','SweptSolid',(#3729));
#3731=IFCPRODUCTDEFINITIONSHAPE($,$,(#3730));
#3732=IFCOWNERHISTORY(#3,#4,.READWRITE.,.ADDED.,1791469298,#3,#4,1791469298);
#3733=IFCRELVOIDSELEMENT('0HsK4jZNDELeblFrcefEml',#3732,$,$,#1230,#3711);
#3734=IFCCARTESIANPOINT((2.25,-0.10000000000000009,1.37));
#3735=IFCDIRECTION((0.,0.,1.));
#3736=IFCDIRECTION((1.,0.,0.));
#3737=IFCAXIS2PLACEMENT3D(#3734,#3735,#3736);
#3738=IFCLOCALPLACEMENT(#1235,#3737);
#3739=IFCOWNERHISTORY(#3,#4,.READWRITE.,.MODIFIED.,1791469298,#3,#4,1791469298);
#3740=IFCWINDOW('1vYs7oi6v5rxe1Zib_X$uM',#3739,'Fenster Erker 02',$,$,#3745,#3760,$,1.44,1.56);
#3741=IFCCARTESIANPOINT((5.99,-1.9400000000000002,0.8700000000000001));
#3742=IFCDIRECTION((0.,0.,1.));
#3743=IFCDIRECTION((1.,0.,0.));
#3744=IFCAXIS2PLACEMENT3D(#3741,#3742,#3743);
#3745=IFCLOCALPLACEMENT(#95,#3744);
#3746=IFCCARTESIANPOINT((0.,0.));
#3747=IFCCARTESIANPOINT((0.,0.07));
#3748=IFCCARTESIANPOINT((1.5599999999999996,0.07));
#3749=IFCCARTESIANPOINT((1.5599999999999996,0.));
#3750=IFCCARTESIANPOINT((0.,0.));
#3751=IFCPOLYLINE((#3746,#3747,#3748,#3749,#3750));
#3752=IFCDIRECTION((0.,0.,1.));
#3753=IFCARBITRARYCLOSEDPROFILEDEF(.AREA.,$,#3751);
#3754=IFCCARTESIANPOINT((0.,0.,0.));
#3755=IFCDIRECTION((0.,0.,1.));
#3756=IFCDIRECTION((1.,0.,0.));
#3757=IFCAXIS2PLACEMENT3D(#3754,#3755,#3756);
#3758=IFCEXTRUDEDAREASOLID(#3753,#3757,#3752,1.44);
#3759=IFCSHAPEREPRESENTATION(#20,'Body','SweptSolid',(#3758));
#3760=IFCPRODUCTDEFINITIONSHAPE($,$,(#3759));
#3761=IFCPRESENTATIONSTYLEASSIGNMENT((#429));
#3762=IFCSTYLEDITEM(#3758,(#3761),'Fenster braun');
#3763=IFCRELFILLSELEMENT('06sobt7Ff9y9vK3bXzZdwm',#9585,$,$,#3711,#3740);
#3764=IFCOWNERHISTORY(#3,#4,.READWRITE.,.ADDED.,1791469298,#3,#4,1791469298);
#3765=IFCPROPERTYSET('36ZN4f0EH5YARyeCdM_lZB',#3764,'Pset_WindowCommon',$,(#3768,#3769));
#3766=IFCOWNERHISTORY(#3,#4,.READWRITE.,.ADDED.,1791469299,#3,#4,1791469299);
#3767=IFCRELDEFINESBYPROPERTIES('1fguOJVvb8BP21rRMLf_xe',#3766,$,$,(#3740),#3765);
#3768=IFCPROPERTYSINGLEVALUE('IsExternal',$,IFCBOOLEAN(.T.),$);
#3769=IFCPROPERTYSINGLEVALUE('Reference',$,IFCIDENTIFIER('Fenster Erker 02'),$);
#3770=IFCOWNERHISTORY(#3,#4,.READWRITE.,.ADDED.,1791469299,#3,#4,1791469299);
#3771=IFCPROPERTYSET('2LLEN1cgr8wuw190lCsc2y',#3770,'Oberhofer_Info',$,(#3774,#3775,#3776,#3777,#3778));
#3772=IFCOWNERHISTORY(#3,#4,.READWRITE.,.ADDED.,1791469299,#3,#4,1791469299);
#3773=IFCRELDEFINESBYPROPERTIES('1nE9i1yAz0w9juj0Qr$Xvw',#3772,$,$,(#3740),#3771);
#3774=IFCPROPERTYSINGLEVALUE('Status',$,IFCLABEL('Bestand'),$);
#3775=IFCPROPERTYSINGLEVALUE('Quelle',$,IFCLABEL('Lage/Gr\X2\00F600DF\X0\e aus Tektur-Ansichten bzw. Fotos (\X2\00B1\X0\5 cm)'),$);
#3776=IFCPROPERTYSINGLEVALUE('Bruestung_ueber_Gelaende_m',$,IFCREAL(1.37),$);
#3777=IFCPROPERTYSINGLEVALUE('Breite_m',$,IFCREAL(1.56),$);
#3778=IFCPROPERTYSINGLEVALUE('Hoehe_m',$,IFCREAL(1.44),$);
#3779=IFCOWNERHISTORY(#3,#4,.READWRITE.,.MODIFIED.,1791469299,#3,#4,1791469299);
#3780=IFCOPENINGELEMENT('2C2geso_fFs9_75l_2mWlx',#3779,'\X2\00D6\X0\ffnung Fenster Erker 03',$,$,#3807,#3800,$);
#3786=IFCCARTESIANPOINT((0.,0.));
#3787=IFCCARTESIANPOINT((0.,0.5));
#3788=IFCCARTESIANPOINT((1.72,0.5));
#3789=IFCCARTESIANPOINT((1.72,0.));
#3790=IFCCARTESIANPOINT((0.,0.));
#3791=IFCPOLYLINE((#3786,#3787,#3788,#3789,#3790));
#3792=IFCDIRECTION((0.,0.,1.));
#3793=IFCARBITRARYCLOSEDPROFILEDEF(.AREA.,$,#3791);
#3794=IFCCARTESIANPOINT((0.,0.,0.));
#3795=IFCDIRECTION((0.,0.,1.));
#3796=IFCDIRECTION((1.,0.,0.));
#3797=IFCAXIS2PLACEMENT3D(#3794,#3795,#3796);
#3798=IFCEXTRUDEDAREASOLID(#3793,#3797,#3792,1.4800000000000002);
#3799=IFCSHAPEREPRESENTATION(#20,'Body','SweptSolid',(#3798));
#3800=IFCPRODUCTDEFINITIONSHAPE($,$,(#3799));
#3801=IFCOWNERHISTORY(#3,#4,.READWRITE.,.ADDED.,1791469299,#3,#4,1791469299);
#3802=IFCRELVOIDSELEMENT('0Qps3ieXv3F8khvJVUpiWP',#3801,$,$,#1318,#3780);
#3803=IFCCARTESIANPOINT((-0.17999999999999994,-0.09999999999999964,1.39));
#3804=IFCDIRECTION((0.,0.,1.));
#3805=IFCDIRECTION((1.,0.,0.));
#3806=IFCAXIS2PLACEMENT3D(#3803,#3804,#3805);
#3807=IFCLOCALPLACEMENT(#1323,#3806);
#3808=IFCOWNERHISTORY(#3,#4,.READWRITE.,.MODIFIED.,1791469299,#3,#4,1791469299);
#3809=IFCWINDOW('3fwaZ0VqD92un7eyzvURNR',#3808,'Fenster Erker 03',$,$,#3814,#3829,$,1.48,1.72);
#3810=IFCCARTESIANPOINT((7.68,-1.88,0.8899999999999999));
#3811=IFCDIRECTION((0.,0.,1.));
#3812=IFCDIRECTION((0.,1.,0.));
#3813=IFCAXIS2PLACEMENT3D(#3810,#3811,#3812);
#3814=IFCLOCALPLACEMENT(#95,#3813);
#3815=IFCCARTESIANPOINT((0.,0.));
#3816=IFCCARTESIANPOINT((0.,0.07));
#3817=IFCCARTESIANPOINT((1.72,0.07));
#3818=IFCCARTESIANPOINT((1.72,0.));
#3819=IFCCARTESIANPOINT((0.,0.));
#3820=IFCPOLYLINE((#3815,#3816,#3817,#3818,#3819));
#3821=IFCDIRECTION((0.,0.,1.));
#3822=IFCARBITRARYCLOSEDPROFILEDEF(.AREA.,$,#3820);
#3823=IFCCARTESIANPOINT((0.,0.,0.));
#3824=IFCDIRECTION((0.,0.,1.));
#3825=IFCDIRECTION((1.,0.,0.));
#3826=IFCAXIS2PLACEMENT3D(#3823,#3824,#3825);
#3827=IFCEXTRUDEDAREASOLID(#3822,#3826,#3821,1.4800000000000002);
#3828=IFCSHAPEREPRESENTATION(#20,'Body','SweptSolid',(#3827));
#3829=IFCPRODUCTDEFINITIONSHAPE($,$,(#3828));
#3830=IFCPRESENTATIONSTYLEASSIGNMENT((#429));
#3831=IFCSTYLEDITEM(#3827,(#3830),'Fenster braun');
#3832=IFCRELFILLSELEMENT('3oMW6pzJr9dujSNovfPIxN',#9585,$,$,#3780,#3809);
#3833=IFCOWNERHISTORY(#3,#4,.READWRITE.,.ADDED.,1791469299,#3,#4,1791469299);
#3834=IFCPROPERTYSET('2XG$oJ4Qz1DgeS8HIQHa0q',#3833,'Pset_WindowCommon',$,(#3837,#3838));
#3835=IFCOWNERHISTORY(#3,#4,.READWRITE.,.ADDED.,1791469299,#3,#4,1791469299);
#3836=IFCRELDEFINESBYPROPERTIES('2WGrDQMXL9v8Z5$pRUIFEV',#3835,$,$,(#3809),#3834);
#3837=IFCPROPERTYSINGLEVALUE('IsExternal',$,IFCBOOLEAN(.T.),$);
#3838=IFCPROPERTYSINGLEVALUE('Reference',$,IFCIDENTIFIER('Fenster Erker 03'),$);
#3839=IFCOWNERHISTORY(#3,#4,.READWRITE.,.ADDED.,1791469299,#3,#4,1791469299);
#3840=IFCPROPERTYSET('1XRv$gF85CVxAbMnKTL4nk',#3839,'Oberhofer_Info',$,(#3843,#3844,#3845,#3846,#3847));
#3841=IFCOWNERHISTORY(#3,#4,.READWRITE.,.ADDED.,1791469299,#3,#4,1791469299);
#3842=IFCRELDEFINESBYPROPERTIES('1B0KyE3YL0$vDT3rs9waUW',#3841,$,$,(#3809),#3840);
#3843=IFCPROPERTYSINGLEVALUE('Status',$,IFCLABEL('Bestand'),$);
#3844=IFCPROPERTYSINGLEVALUE('Quelle',$,IFCLABEL('Lage/Gr\X2\00F600DF\X0\e aus Tektur-Ansichten bzw. Fotos (\X2\00B1\X0\5 cm)'),$);
#3845=IFCPROPERTYSINGLEVALUE('Bruestung_ueber_Gelaende_m',$,IFCREAL(1.39),$);
#3846=IFCPROPERTYSINGLEVALUE('Breite_m',$,IFCREAL(1.72),$);
#3847=IFCPROPERTYSINGLEVALUE('Hoehe_m',$,IFCREAL(1.48),$);
#3848=IFCOWNERHISTORY(#3,#4,.READWRITE.,.MODIFIED.,1791469299,#3,#4,1791469299);
#3849=IFCOPENINGELEMENT('0aE2GOP3j4oQzyG3aYn$6r',#3848,'\X2\00D6\X0\ffnung T\X2\00FC\X0\r Erker 04',$,$,#3876,#3869,$);
#3855=IFCCARTESIANPOINT((0.,0.));
#3856=IFCCARTESIANPOINT((0.,0.5));
#3857=IFCCARTESIANPOINT((1.,0.5));
#3858=IFCCARTESIANPOINT((1.,0.));
#3859=IFCCARTESIANPOINT((0.,0.));
#3860=IFCPOLYLINE((#3855,#3856,#3857,#3858,#3859));
#3861=IFCDIRECTION((0.,0.,1.));
#3862=IFCARBITRARYCLOSEDPROFILEDEF(.AREA.,$,#3860);
#3863=IFCCARTESIANPOINT((0.,0.,0.));
#3864=IFCDIRECTION((0.,0.,1.));
#3865=IFCDIRECTION((1.,0.,0.));
#3866=IFCAXIS2PLACEMENT3D(#3863,#3864,#3865);
#3867=IFCEXTRUDEDAREASOLID(#3862,#3866,#3861,2.1);
#3868=IFCSHAPEREPRESENTATION(#20,'Body','SweptSolid',(#3867));
#3869=IFCPRODUCTDEFINITIONSHAPE($,$,(#3868));
#3870=IFCOWNERHISTORY(#3,#4,.READWRITE.,.ADDED.,1791469299,#3,#4,1791469299);
#3871=IFCRELVOIDSELEMENT('0Jt8DEizX2outzILk3OrWd',#3870,$,$,#1274,#3849);
#3872=IFCCARTESIANPOINT((0.55,-0.10000000000000009,0.15));
#3873=IFCDIRECTION((0.,0.,1.));
#3874=IFCDIRECTION((1.,0.,0.));
#3875=IFCAXIS2PLACEMENT3D(#3872,#3873,#3874);
#3876=IFCLOCALPLACEMENT(#1279,#3875);
#3877=IFCOWNERHISTORY(#3,#4,.READWRITE.,.MODIFIED.,1791469299,#3,#4,1791469299);
#3878=IFCDOOR('33hPGIwkP42gWQYOzcAxif',#3877,'T\X2\00FC\X0\r Erker 04',$,$,#3883,#3898,$,2.1,1.);
#3879=IFCCARTESIANPOINT((3.7800000000000002,-0.55,-0.35));
#3880=IFCDIRECTION((0.,0.,1.));
#3881=IFCDIRECTION((0.,-1.,0.));
#3882=IFCAXIS2PLACEMENT3D(#3879,#3880,#3881);
#3883=IFCLOCALPLACEMENT(#95,#3882);
#3884=IFCCARTESIANPOINT((0.,0.));
#3885=IFCCARTESIANPOINT((0.,0.05));
#3886=IFCCARTESIANPOINT((1.,0.05));
#3887=IFCCARTESIANPOINT((1.,0.));
#3888=IFCCARTESIANPOINT((0.,0.));
#3889=IFCPOLYLINE((#3884,#3885,#3886,#3887,#3888));
#3890=IFCDIRECTION((0.,0.,1.));
#3891=IFCARBITRARYCLOSEDPROFILEDEF(.AREA.,$,#3889);
#3892=IFCCARTESIANPOINT((0.,0.,0.));
#3893=IFCDIRECTION((0.,0.,1.));
#3894=IFCDIRECTION((1.,0.,0.));
#3895=IFCAXIS2PLACEMENT3D(#3892,#3893,#3894);
#3896=IFCEXTRUDEDAREASOLID(#3891,#3895,#3890,2.1);
#3897=IFCSHAPEREPRESENTATION(#20,'Body','SweptSolid',(#3896));
#3898=IFCPRODUCTDEFINITIONSHAPE($,$,(#3897));
#3899=IFCPRESENTATIONSTYLEASSIGNMENT((#445));
#3900=IFCSTYLEDITEM(#3896,(#3899),'Holzt\X2\00FC\X0\r');
#3901=IFCOWNERHISTORY(#3,#4,.READWRITE.,.MODIFIED.,1791469320,#3,#4,1791469299);
#3902=IFCRELASSOCIATESMATERIAL('2N7FC4mcr9lQbmNaXSPtgB',#3901,$,$,(#6458,#4227,#6941,#6596,#7148,#7079,#6734,#6389,#4158,#6872,#6527,#7010,#6665,#3878,#6803),#444);
#3903=IFCRELFILLSELEMENT('0$xHg8MMPCG9IWJPTtnSEn',#9585,$,$,#3849,#3878);
#3904=IFCOWNERHISTORY(#3,#4,.READWRITE.,.ADDED.,1791469299,#3,#4,1791469299);
#3905=IFCPROPERTYSET('0D3$QRoWL38OPiHmcqD13u',#3904,'Pset_DoorCommon',$,(#3908,#3909));
#3906=IFCOWNERHISTORY(#3,#4,.READWRITE.,.ADDED.,1791469299,#3,#4,1791469299);
#3907=IFCRELDEFINESBYPROPERTIES('15vR7jsYn7oPK0zQDFHqB9',#3906,$,$,(#3878),#3905);
#3908=IFCPROPERTYSINGLEVALUE('IsExternal',$,IFCBOOLEAN(.T.),$);
#3909=IFCPROPERTYSINGLEVALUE('Reference',$,IFCIDENTIFIER('T\X2\00FC\X0\r Erker 04'),$);
#3910=IFCOWNERHISTORY(#3,#4,.READWRITE.,.ADDED.,1791469299,#3,#4,1791469299);
#3911=IFCPROPERTYSET('1l8gfzRtfC1B8Vf7jdzzM0',#3910,'Oberhofer_Info',$,(#3914,#3915,#3916,#3917,#3918));
#3912=IFCOWNERHISTORY(#3,#4,.READWRITE.,.ADDED.,1791469299,#3,#4,1791469299);
#3913=IFCRELDEFINESBYPROPERTIES('3RnMaQwdj8NPin_0F5jdjv',#3912,$,$,(#3878),#3911);
#3914=IFCPROPERTYSINGLEVALUE('Status',$,IFCLABEL('Bestand'),$);
#3915=IFCPROPERTYSINGLEVALUE('Quelle',$,IFCLABEL('Lage/Gr\X2\00F600DF\X0\e aus Tektur-Ansichten bzw. Fotos (\X2\00B1\X0\5 cm)'),$);
#3916=IFCPROPERTYSINGLEVALUE('Bruestung_ueber_Gelaende_m',$,IFCREAL(0.15),$);
#3917=IFCPROPERTYSINGLEVALUE('Breite_m',$,IFCREAL(1.),$);
#3918=IFCPROPERTYSINGLEVALUE('Hoehe_m',$,IFCREAL(2.1),$);
#3919=IFCOWNERHISTORY(#3,#4,.READWRITE.,.MODIFIED.,1791469299,#3,#4,1791469299);
#3920=IFCOPENINGELEMENT('3Vsv2mEC1BjPwAvFXlGpZC',#3919,'\X2\00D6\X0\ffnung Fenster Anbau 01',$,$,#3947,#3940,$);
#3926=IFCCARTESIANPOINT((0.,0.));
#3927=IFCCARTESIANPOINT((0.,0.5));
#3928=IFCCARTESIANPOINT((1.,0.5));
#3929=IFCCARTESIANPOINT((1.,0.));
#3930=IFCCARTESIANPOINT((0.,0.));
#3931=IFCPOLYLINE((#3926,#3927,#3928,#3929,#3930));
#3932=IFCDIRECTION((0.,0.,1.));
#3933=IFCARBITRARYCLOSEDPROFILEDEF(.AREA.,$,#3931);
#3934=IFCCARTESIANPOINT((0.,0.,0.));
#3935=IFCDIRECTION((0.,0.,1.));
#3936=IFCDIRECTION((1.,0.,0.));
#3937=IFCAXIS2PLACEMENT3D(#3934,#3935,#3936);
#3938=IFCEXTRUDEDAREASOLID(#3933,#3937,#3932,1.0999999999999999);
#3939=IFCSHAPEREPRESENTATION(#20,'Body','SweptSolid',(#3938));
#3940=IFCPRODUCTDEFINITIONSHAPE($,$,(#3939));
#3941=IFCOWNERHISTORY(#3,#4,.READWRITE.,.ADDED.,1791469299,#3,#4,1791469299);
#3942=IFCRELVOIDSELEMENT('2FB6ArI95AWR$aL9QFX4hN',#3941,$,$,#1114,#3920);
#3943=IFCCARTESIANPOINT((2.7799999999999976,-0.1,1.3));
#3944=IFCDIRECTION((0.,0.,1.));
#3945=IFCDIRECTION((1.,0.,0.));
#3946=IFCAXIS2PLACEMENT3D(#3943,#3944,#3945);
#3947=IFCLOCALPLACEMENT(#1119,#3946);
#3948=IFCOWNERHISTORY(#3,#4,.READWRITE.,.MODIFIED.,1791469299,#3,#4,1791469299);
#3949=IFCWINDOW('3lMK7YHG59eulMEGziduic',#3948,'Fenster Anbau 01',$,$,#3954,#3969,$,1.1,1.);
#3950=IFCCARTESIANPOINT((0.06,10.3,0.8));
#3951=IFCDIRECTION((0.,0.,1.));
#3952=IFCDIRECTION((0.,-1.,0.));
#3953=IFCAXIS2PLACEMENT3D(#3950,#3951,#3952);
#3954=IFCLOCALPLACEMENT(#95,#3953);
#3955=IFCCARTESIANPOINT((0.,0.));
#3956=IFCCARTESIANPOINT((0.,0.07));
#3957=IFCCARTESIANPOINT((1.,0.07));
#3958=IFCCARTESIANPOINT((1.,0.));
#3959=IFCCARTESIANPOINT((0.,0.));
#3960=IFCPOLYLINE((#3955,#3956,#3957,#3958,#3959));
#3961=IFCDIRECTION((0.,0.,1.));
#3962=IFCARBITRARYCLOSEDPROFILEDEF(.AREA.,$,#3960);
#3963=IFCCARTESIANPOINT((0.,0.,0.));
#3964=IFCDIRECTION((0.,0.,1.));
#3965=IFCDIRECTION((1.,0.,0.));
#3966=IFCAXIS2PLACEMENT3D(#3963,#3964,#3965);
#3967=IFCEXTRUDEDAREASOLID(#3962,#3966,#3961,1.0999999999999999);
#3968=IFCSHAPEREPRESENTATION(#20,'Body','SweptSolid',(#3967));
#3969=IFCPRODUCTDEFINITIONSHAPE($,$,(#3968));
#3970=IFCPRESENTATIONSTYLEASSIGNMENT((#421));
#3971=IFCSTYLEDITEM(#3967,(#3970),'Fenster Kunststoff wei\X2\00DF\X0\');
#3972=IFCRELFILLSELEMENT('18_w$11yrFQ9jXCmdWGWuQ',#9585,$,$,#3920,#3949);
#3973=IFCOWNERHISTORY(#3,#4,.READWRITE.,.ADDED.,1791469299,#3,#4,1791469299);
#3974=IFCPROPERTYSET('0Ch8roBZfBIxaOe3AiiJ$x',#3973,'Pset_WindowCommon',$,(#3977,#3978));
#3975=IFCOWNERHISTORY(#3,#4,.READWRITE.,.ADDED.,1791469299,#3,#4,1791469299);
#3976=IFCRELDEFINESBYPROPERTIES('31ngDnLUDBiAtyBud8NzQd',#3975,$,$,(#3949),#3974);
#3977=IFCPROPERTYSINGLEVALUE('IsExternal',$,IFCBOOLEAN(.T.),$);
#3978=IFCPROPERTYSINGLEVALUE('Reference',$,IFCIDENTIFIER('Fenster Anbau 01'),$);
#3979=IFCOWNERHISTORY(#3,#4,.READWRITE.,.ADDED.,1791469299,#3,#4,1791469299);
#3980=IFCPROPERTYSET('3f9clImrX1$eSD9xuYh7cD',#3979,'Oberhofer_Info',$,(#3983,#3984,#3985,#3986,#3987));
#3981=IFCOWNERHISTORY(#3,#4,.READWRITE.,.ADDED.,1791469299,#3,#4,1791469299);
#3982=IFCRELDEFINESBYPROPERTIES('0Ep_O_TeX4AhQywBCqfKjr',#3981,$,$,(#3949),#3980);
#3983=IFCPROPERTYSINGLEVALUE('Status',$,IFCLABEL('Bestand'),$);
#3984=IFCPROPERTYSINGLEVALUE('Quelle',$,IFCLABEL('Lage/Gr\X2\00F600DF\X0\e aus Tektur-Ansichten bzw. Fotos (\X2\00B1\X0\5 cm)'),$);
#3985=IFCPROPERTYSINGLEVALUE('Bruestung_ueber_Gelaende_m',$,IFCREAL(1.3),$);
#3986=IFCPROPERTYSINGLEVALUE('Breite_m',$,IFCREAL(1.),$);
#3987=IFCPROPERTYSINGLEVALUE('Hoehe_m',$,IFCREAL(1.1),$);
#3988=IFCOWNERHISTORY(#3,#4,.READWRITE.,.MODIFIED.,1791469299,#3,#4,1791469299);
#3989=IFCOPENINGELEMENT('365cl2odT1XvWUKLu20m8f',#3988,'\X2\00D6\X0\ffnung Fenster Anbau 02',$,$,#4016,#4009,$);
#3995=IFCCARTESIANPOINT((0.,0.));
#3996=IFCCARTESIANPOINT((0.,0.5));
#3997=IFCCARTESIANPOINT((1.,0.5));
#3998=IFCCARTESIANPOINT((1.,0.));
#3999=IFCCARTESIANPOINT((0.,0.));
#4000=IFCPOLYLINE((#3995,#3996,#3997,#3998,#3999));
#4001=IFCDIRECTION((0.,0.,1.));
#4002=IFCARBITRARYCLOSEDPROFILEDEF(.AREA.,$,#4000);
#4003=IFCCARTESIANPOINT((0.,0.,0.));
#4004=IFCDIRECTION((0.,0.,1.));
#4005=IFCDIRECTION((1.,0.,0.));
#4006=IFCAXIS2PLACEMENT3D(#4003,#4004,#4005);
#4007=IFCEXTRUDEDAREASOLID(#4002,#4006,#4001,1.0999999999999999);
#4008=IFCSHAPEREPRESENTATION(#20,'Body','SweptSolid',(#4007));
#4009=IFCPRODUCTDEFINITIONSHAPE($,$,(#4008));
#4010=IFCOWNERHISTORY(#3,#4,.READWRITE.,.ADDED.,1791469299,#3,#4,1791469299);
#4011=IFCRELVOIDSELEMENT('3X3KCGDUb6oxBNKwWBK8Lv',#4010,$,$,#1114,#3989);
#4012=IFCCARTESIANPOINT((0.6799999999999979,-0.1,1.3));
#4013=IFCDIRECTION((0.,0.,1.));
#4014=IFCDIRECTION((1.,0.,0.));
#4015=IFCAXIS2PLACEMENT3D(#4012,#4013,#4014);
#4016=IFCLOCALPLACEMENT(#1119,#4015);
#4017=IFCOWNERHISTORY(#3,#4,.READWRITE.,.MODIFIED.,1791469299,#3,#4,1791469299);
#4018=IFCWINDOW('20GxoqssXEkfh2oCECbFn6',#4017,'Fenster Anbau 02',$,$,#4023,#4038,$,1.1,1.);
#4019=IFCCARTESIANPOINT((0.06,12.4,0.8));
#4020=IFCDIRECTION((0.,0.,1.));
#4021=IFCDIRECTION((0.,-1.,0.));
#4022=IFCAXIS2PLACEMENT3D(#4019,#4020,#4021);
#4023=IFCLOCALPLACEMENT(#95,#4022);
#4024=IFCCARTESIANPOINT((0.,0.));
#4025=IFCCARTESIANPOINT((0.,0.07));
#4026=IFCCARTESIANPOINT((1.,0.07));
#4027=IFCCARTESIANPOINT((1.,0.));
#4028=IFCCARTESIANPOINT((0.,0.));
#4029=IFCPOLYLINE((#4024,#4025,#4026,#4027,#4028));
#4030=IFCDIRECTION((0.,0.,1.));
#4031=IFCARBITRARYCLOSEDPROFILEDEF(.AREA.,$,#4029);
#4032=IFCCARTESIANPOINT((0.,0.,0.));
#4033=IFCDIRECTION((0.,0.,1.));
#4034=IFCDIRECTION((1.,0.,0.));
#4035=IFCAXIS2PLACEMENT3D(#4032,#4033,#4034);
#4036=IFCEXTRUDEDAREASOLID(#4031,#4035,#4030,1.0999999999999999);
#4037=IFCSHAPEREPRESENTATION(#20,'Body','SweptSolid',(#4036));
#4038=IFCPRODUCTDEFINITIONSHAPE($,$,(#4037));
#4039=IFCPRESENTATIONSTYLEASSIGNMENT((#421));
#4040=IFCSTYLEDITEM(#4036,(#4039),'Fenster Kunststoff wei\X2\00DF\X0\');
#4041=IFCRELFILLSELEMENT('2lnoMy8gz5PPwwbylZLaT6',#9585,$,$,#3989,#4018);
#4042=IFCOWNERHISTORY(#3,#4,.READWRITE.,.ADDED.,1791469299,#3,#4,1791469299);
#4043=IFCPROPERTYSET('3ZtI3047z1ZugRiu9xsFgf',#4042,'Pset_WindowCommon',$,(#4046,#4047));
#4044=IFCOWNERHISTORY(#3,#4,.READWRITE.,.ADDED.,1791469299,#3,#4,1791469299);
#4045=IFCRELDEFINESBYPROPERTIES('0v4rDVGMj2EBrt9PeGLx99',#4044,$,$,(#4018),#4043);
#4046=IFCPROPERTYSINGLEVALUE('IsExternal',$,IFCBOOLEAN(.T.),$);
#4047=IFCPROPERTYSINGLEVALUE('Reference',$,IFCIDENTIFIER('Fenster Anbau 02'),$);
#4048=IFCOWNERHISTORY(#3,#4,.READWRITE.,.ADDED.,1791469299,#3,#4,1791469299);
#4049=IFCPROPERTYSET('2Vnx$_hBD7DwGO3PSST1xY',#4048,'Oberhofer_Info',$,(#4052,#4053,#4054,#4055,#4056));
#4050=IFCOWNERHISTORY(#3,#4,.READWRITE.,.ADDED.,1791469299,#3,#4,1791469299);
#4051=IFCRELDEFINESBYPROPERTIES('0HXMkC23L78B$N7tL9JDWs',#4050,$,$,(#4018),#4049);
#4052=IFCPROPERTYSINGLEVALUE('Status',$,IFCLABEL('Bestand'),$);
#4053=IFCPROPERTYSINGLEVALUE('Quelle',$,IFCLABEL('Lage/Gr\X2\00F600DF\X0\e aus Tektur-Ansichten bzw. Fotos (\X2\00B1\X0\5 cm)'),$);
#4054=IFCPROPERTYSINGLEVALUE('Bruestung_ueber_Gelaende_m',$,IFCREAL(1.3),$);
#4055=IFCPROPERTYSINGLEVALUE('Breite_m',$,IFCREAL(1.),$);
#4056=IFCPROPERTYSINGLEVALUE('Hoehe_m',$,IFCREAL(1.1),$);
#4057=IFCOWNERHISTORY(#3,#4,.READWRITE.,.MODIFIED.,1791469299,#3,#4,1791469299);
#4058=IFCOPENINGELEMENT('2i3yx9U2zFC97c8mHBoLDY',#4057,'\X2\00D6\X0\ffnung Garagentor Riegel 01',$,$,#4085,#4078,$);
#4064=IFCCARTESIANPOINT((0.,0.));
#4065=IFCCARTESIANPOINT((0.,0.45));
#4066=IFCCARTESIANPOINT((2.300000002875001,0.45));
#4067=IFCCARTESIANPOINT((2.300000002875001,0.));
#4068=IFCCARTESIANPOINT((0.,0.));
#4069=IFCPOLYLINE((#4064,#4065,#4066,#4067,#4068));
#4070=IFCDIRECTION((0.,0.,1.));
#4071=IFCARBITRARYCLOSEDPROFILEDEF(.AREA.,$,#4069);
#4072=IFCCARTESIANPOINT((0.,0.,0.));
#4073=IFCDIRECTION((0.,0.,1.));
#4074=IFCDIRECTION((1.,0.,0.));
#4075=IFCAXIS2PLACEMENT3D(#4072,#4073,#4074);
#4076=IFCEXTRUDEDAREASOLID(#4071,#4075,#4070,2.05);
#4077=IFCSHAPEREPRESENTATION(#20,'Body','SweptSolid',(#4076));
#4078=IFCPRODUCTDEFINITIONSHAPE($,$,(#4077));
#4079=IFCOWNERHISTORY(#3,#4,.READWRITE.,.ADDED.,1791469299,#3,#4,1791469299);
#4080=IFCRELVOIDSELEMENT('3w1Fn59j97dxqkr0koLV0H',#4079,$,$,#1662,#4058);
#4081=IFCCARTESIANPOINT((0.22500000028124845,-0.09999999999999787,0.));
#4082=IFCDIRECTION((0.,0.,1.));
#4083=IFCDIRECTION((1.,5.903001893901028E-17,0.));
#4084=IFCAXIS2PLACEMENT3D(#4081,#4082,#4083);
#4085=IFCLOCALPLACEMENT(#1667,#4084);
#4086=IFCOWNERHISTORY(#3,#4,.READWRITE.,.MODIFIED.,1791469299,#3,#4,1791469299);
#4087=IFCDOOR('1$g_Fgbvr95RCpI_ua35cO',#4086,'Garagentor Riegel 01',$,$,#4092,#4107,$,2.05,2.3);
#4088=IFCCARTESIANPOINT((9.401937025030396,20.418570874960302,0.));
#4089=IFCDIRECTION((0.,0.,1.));
#4090=IFCDIRECTION((0.7939599990075501,0.6079699992400376,0.));
#4091=IFCAXIS2PLACEMENT3D(#4088,#4089,#4090);
#4092=IFCLOCALPLACEMENT(#118,#4091);
#4093=IFCCARTESIANPOINT((0.,0.));
#4094=IFCCARTESIANPOINT((0.,0.05));
#4095=IFCCARTESIANPOINT((2.300000002875001,0.05));
#4096=IFCCARTESIANPOINT((2.300000002875001,0.));
#4097=IFCCARTESIANPOINT((0.,0.));
#4098=IFCPOLYLINE((#4093,#4094,#4095,#4096,#4097));
#4099=IFCDIRECTION((0.,0.,1.));
#4100=IFCARBITRARYCLOSEDPROFILEDEF(.AREA.,$,#4098);
#4101=IFCCARTESIANPOINT((0.,0.,0.));
#4102=IFCDIRECTION((0.,0.,1.));
#4103=IFCDIRECTION((1.,0.,0.));
#4104=IFCAXIS2PLACEMENT3D(#4101,#4102,#4103);
#4105=IFCEXTRUDEDAREASOLID(#4100,#4104,#4099,2.05);
#4106=IFCSHAPEREPRESENTATION(#20,'Body','SweptSolid',(#4105));
#4107=IFCPRODUCTDEFINITIONSHAPE($,$,(#4106));
#4108=IFCPRESENTATIONSTYLEASSIGNMENT((#453));
#4109=IFCSTYLEDITEM(#4105,(#4108),'Garagentor hell');
#4110=IFCOWNERHISTORY(#3,#4,.READWRITE.,.ADDED.,1791469299,#3,#4,1791469299);
#4111=IFCRELASSOCIATESMATERIAL('3BKmTzcov9xewVj5wAlaPo',#4110,$,$,(#4087),#452);
#4112=IFCRELFILLSELEMENT('1QqjggvoD8wuuvPpaGZy$R',#9585,$,$,#4058,#4087);
#4113=IFCOWNERHISTORY(#3,#4,.READWRITE.,.ADDED.,1791469299,#3,#4,1791469299);
#4114=IFCPROPERTYSET('1CrI207vnC5RaoUkv$GnV4',#4113,'Pset_DoorCommon',$,(#4117,#4118));
#4115=IFCOWNERHISTORY(#3,#4,.READWRITE.,.ADDED.,1791469299,#3,#4,1791469299);
#4116=IFCRELDEFINESBYPROPERTIES('2HIsj_Upj8Ae1mk8vQH4RB',#4115,$,$,(#4087),#4114);
#4117=IFCPROPERTYSINGLEVALUE('IsExternal',$,IFCBOOLEAN(.T.),$);
#4118=IFCPROPERTYSINGLEVALUE('Reference',$,IFCIDENTIFIER('Garagentor Riegel 01'),$);
#4119=IFCOWNERHISTORY(#3,#4,.READWRITE.,.ADDED.,1791469299,#3,#4,1791469299);
#4120=IFCPROPERTYSET('3hMgs1Ps97vPL7C_KcLbyF',#4119,'Oberhofer_Info',$,(#4123,#4124,#4125,#4126,#4127));
#4121=IFCOWNERHISTORY(#3,#4,.READWRITE.,.ADDED.,1791469299,#3,#4,1791469299);
#4122=IFCRELDEFINESBYPROPERTIES('1Fhsbe8en23gBXhtMq5z_Y',#4121,$,$,(#4087),#4120);
#4123=IFCPROPERTYSINGLEVALUE('Status',$,IFCLABEL('Bestand'),$);
#4124=IFCPROPERTYSINGLEVALUE('Quelle',$,IFCLABEL('Lage/Gr\X2\00F600DF\X0\e aus Tektur-Ansichten bzw. Fotos (\X2\00B1\X0\5 cm)'),$);
#4125=IFCPROPERTYSINGLEVALUE('Bruestung_ueber_Gelaende_m',$,IFCREAL(0.),$);
#4126=IFCPROPERTYSINGLEVALUE('Breite_m',$,IFCREAL(2.3),$);
#4127=IFCPROPERTYSINGLEVALUE('Hoehe_m',$,IFCREAL(2.05),$);
#4128=IFCOWNERHISTORY(#3,#4,.READWRITE.,.MODIFIED.,1791469299,#3,#4,1791469299);
#4129=IFCOPENINGELEMENT('2r1U5mMqf10wDj0P7MnqEA',#4128,'\X2\00D6\X0\ffnung T\X2\00FC\X0\r Ger\X2\00E4\X0\tehaus 01',$,$,#4156,#4149,$);
#4135=IFCCARTESIANPOINT((0.,0.));
#4136=IFCCARTESIANPOINT((0.,0.45));
#4137=IFCCARTESIANPOINT((2.0000000025000007,0.45));
#4138=IFCCARTESIANPOINT((2.0000000025000007,0.));
#4139=IFCCARTESIANPOINT((0.,0.));
#4140=IFCPOLYLINE((#4135,#4136,#4137,#4138,#4139));
#4141=IFCDIRECTION((0.,0.,1.));
#4142=IFCARBITRARYCLOSEDPROFILEDEF(.AREA.,$,#4140);
#4143=IFCCARTESIANPOINT((0.,0.,0.));
#4144=IFCDIRECTION((0.,0.,1.));
#4145=IFCDIRECTION((1.,0.,0.));
#4146=IFCAXIS2PLACEMENT3D(#4143,#4144,#4145);
#4147=IFCEXTRUDEDAREASOLID(#4142,#4146,#4141,2.);
#4148=IFCSHAPEREPRESENTATION(#20,'Body','SweptSolid',(#4147));
#4149=IFCPRODUCTDEFINITIONSHAPE($,$,(#4148));
#4150=IFCOWNERHISTORY(#3,#4,.READWRITE.,.ADDED.,1791469299,#3,#4,1791469299);
#4151=IFCRELVOIDSELEMENT('3MMLlnzg9DZwzVqUgILw9k',#4150,$,$,#1894,#4129);
#4152=IFCCARTESIANPOINT((1.4500000018124997,-0.09999999999999964,0.));
#4153=IFCDIRECTION((0.,0.,1.));
#4154=IFCDIRECTION((1.,5.903001893901028E-17,0.));
#4155=IFCAXIS2PLACEMENT3D(#4152,#4153,#4154);
#4156=IFCLOCALPLACEMENT(#1899,#4155);
#4157=IFCOWNERHISTORY(#3,#4,.READWRITE.,.MODIFIED.,1791469299,#3,#4,1791469299);
#4158=IFCDOOR('3lfQvQfuT12OTLXXPAu_xj',#4157,'T\X2\00FC\X0\r Ger\X2\00E4\X0\tehaus 01',$,$,#4163,#4178,$,2.,2.);
#4159=IFCCARTESIANPOINT((3.762812700030398,21.579313899960304,0.));
#4160=IFCDIRECTION((0.,0.,1.));
#4161=IFCDIRECTION((0.7939599990075501,0.6079699992400376,0.));
#4162=IFCAXIS2PLACEMENT3D(#4159,#4160,#4161);
#4163=IFCLOCALPLACEMENT(#118,#4162);
#4164=IFCCARTESIANPOINT((0.,0.));
#4165=IFCCARTESIANPOINT((0.,0.05));
#4166=IFCCARTESIANPOINT((2.0000000025000007,0.05));
#4167=IFCCARTESIANPOINT((2.0000000025000007,0.));
#4168=IFCCARTESIANPOINT((0.,0.));
#4169=IFCPOLYLINE((#4164,#4165,#4166,#4167,#4168));
#4170=IFCDIRECTION((0.,0.,1.));
#4171=IFCARBITRARYCLOSEDPROFILEDEF(.AREA.,$,#4169);
#4172=IFCCARTESIANPOINT((0.,0.,0.));
#4173=IFCDIRECTION((0.,0.,1.));
#4174=IFCDIRECTION((1.,0.,0.));
#4175=IFCAXIS2PLACEMENT3D(#4172,#4173,#4174);
#4176=IFCEXTRUDEDAREASOLID(#4171,#4175,#4170,2.);
#4177=IFCSHAPEREPRESENTATION(#20,'Body','SweptSolid',(#4176));
#4178=IFCPRODUCTDEFINITIONSHAPE($,$,(#4177));
#4179=IFCPRESENTATIONSTYLEASSIGNMENT((#445));
#4180=IFCSTYLEDITEM(#4176,(#4179),'Holzt\X2\00FC\X0\r');
#4181=IFCRELFILLSELEMENT('1vuD5SmKL3hRNqNPOj0KgQ',#9585,$,$,#4129,#4158);
#4182=IFCOWNERHISTORY(#3,#4,.READWRITE.,.ADDED.,1791469300,#3,#4,1791469300);
#4183=IFCPROPERTYSET('0JES$OOYTBrRIfS8SPwZUV',#4182,'Pset_DoorCommon',$,(#4186,#4187));
#4184=IFCOWNERHISTORY(#3,#4,.READWRITE.,.ADDED.,1791469300,#3,#4,1791469300);
#4185=IFCRELDEFINESBYPROPERTIES('1TYhGh6$jElhXFjdKMVByx',#4184,$,$,(#4158),#4183);
#4186=IFCPROPERTYSINGLEVALUE('IsExternal',$,IFCBOOLEAN(.T.),$);
#4187=IFCPROPERTYSINGLEVALUE('Reference',$,IFCIDENTIFIER('T\X2\00FC\X0\r Ger\X2\00E4\X0\tehaus 01'),$);
#4188=IFCOWNERHISTORY(#3,#4,.READWRITE.,.ADDED.,1791469300,#3,#4,1791469300);
#4189=IFCPROPERTYSET('1z4Qn57iv0LhImfZtZZmBX',#4188,'Oberhofer_Info',$,(#4192,#4193,#4194,#4195,#4196));
#4190=IFCOWNERHISTORY(#3,#4,.READWRITE.,.ADDED.,1791469300,#3,#4,1791469300);
#4191=IFCRELDEFINESBYPROPERTIES('1gyxKvDzv6RRQwqr1j_qwe',#4190,$,$,(#4158),#4189);
#4192=IFCPROPERTYSINGLEVALUE('Status',$,IFCLABEL('Bestand'),$);
#4193=IFCPROPERTYSINGLEVALUE('Quelle',$,IFCLABEL('Lage/Gr\X2\00F600DF\X0\e aus Tektur-Ansichten bzw. Fotos (\X2\00B1\X0\5 cm)'),$);
#4194=IFCPROPERTYSINGLEVALUE('Bruestung_ueber_Gelaende_m',$,IFCREAL(0.),$);
#4195=IFCPROPERTYSINGLEVALUE('Breite_m',$,IFCREAL(2.),$);
#4196=IFCPROPERTYSINGLEVALUE('Hoehe_m',$,IFCREAL(2.),$);
#4197=IFCOWNERHISTORY(#3,#4,.READWRITE.,.MODIFIED.,1791469300,#3,#4,1791469300);
#4198=IFCOPENINGELEMENT('26ATb$yqrDXgaFcNOn_EHI',#4197,'\X2\00D6\X0\ffnung T\X2\00FC\X0\r Ger\X2\00E4\X0\tehaus 02',$,$,#4225,#4218,$);
#4204=IFCCARTESIANPOINT((0.,0.));
#4205=IFCCARTESIANPOINT((0.,0.45));
#4206=IFCCARTESIANPOINT((0.9000000011250004,0.45));
#4207=IFCCARTESIANPOINT((0.9000000011250004,0.));
#4208=IFCCARTESIANPOINT((0.,0.));
#4209=IFCPOLYLINE((#4204,#4205,#4206,#4207,#4208));
#4210=IFCDIRECTION((0.,0.,1.));
#4211=IFCARBITRARYCLOSEDPROFILEDEF(.AREA.,$,#4209);
#4212=IFCCARTESIANPOINT((0.,0.,0.));
#4213=IFCDIRECTION((0.,0.,1.));
#4214=IFCDIRECTION((1.,0.,0.));
#4215=IFCAXIS2PLACEMENT3D(#4212,#4213,#4214);
#4216=IFCEXTRUDEDAREASOLID(#4211,#4215,#4210,2.);
#4217=IFCSHAPEREPRESENTATION(#20,'Body','SweptSolid',(#4216));
#4218=IFCPRODUCTDEFINITIONSHAPE($,$,(#4217));
#4219=IFCOWNERHISTORY(#3,#4,.READWRITE.,.ADDED.,1791469300,#3,#4,1791469300);
#4220=IFCRELVOIDSELEMENT('2Uur74$_57xwFaXH_weopq',#4219,$,$,#1894,#4198);
#4221=IFCCARTESIANPOINT((0.25000000031249847,-0.09999999999999964,0.));
#4222=IFCDIRECTION((0.,0.,1.));
#4223=IFCDIRECTION((1.,5.903001893901028E-17,0.));
#4224=IFCAXIS2PLACEMENT3D(#4221,#4222,#4223);
#4225=IFCLOCALPLACEMENT(#1899,#4224);
#4226=IFCOWNERHISTORY(#3,#4,.READWRITE.,.MODIFIED.,1791469300,#3,#4,1791469300);
#4227=IFCDOOR('0zUY5FgPLBPQt5ASAUtp3t',#4226,'T\X2\00FC\X0\r Ger\X2\00E4\X0\tehaus 02',$,$,#4232,#4247,$,2.,0.9);
#4228=IFCCARTESIANPOINT((2.8100607000303977,20.849749899960305,0.));
#4229=IFCDIRECTION((0.,0.,1.));
#4230=IFCDIRECTION((0.7939599990075501,0.6079699992400376,0.));
#4231=IFCAXIS2PLACEMENT3D(#4228,#4229,#4230);
#4232=IFCLOCALPLACEMENT(#118,#4231);
#4233=IFCCARTESIANPOINT((0.,0.));
#4234=IFCCARTESIANPOINT((0.,0.05));
#4235=IFCCARTESIANPOINT((0.9000000011250004,0.05));
#4236=IFCCARTESIANPOINT((0.9000000011250004,0.));
#4237=IFCCARTESIANPOINT((0.,0.));
#4238=IFCPOLYLINE((#4233,#4234,#4235,#4236,#4237));
#4239=IFCDIRECTION((0.,0.,1.));
#4240=IFCARBITRARYCLOSEDPROFILEDEF(.AREA.,$,#4238);
#4241=IFCCARTESIANPOINT((0.,0.,0.));
#4242=IFCDIRECTION((0.,0.,1.));
#4243=IFCDIRECTION((1.,0.,0.));
#4244=IFCAXIS2PLACEMENT3D(#4241,#4242,#4243);
#4245=IFCEXTRUDEDAREASOLID(#4240,#4244,#4239,2.);
#4246=IFCSHAPEREPRESENTATION(#20,'Body','SweptSolid',(#4245));
#4247=IFCPRODUCTDEFINITIONSHAPE($,$,(#4246));
#4248=IFCPRESENTATIONSTYLEASSIGNMENT((#445));
#4249=IFCSTYLEDITEM(#4245,(#4248),'Holzt\X2\00FC\X0\r');
#4250=IFCRELFILLSELEMENT('1LnCGPyPf0beO3iCy2lWPT',#9585,$,$,#4198,#4227);
#4251=IFCOWNERHISTORY(#3,#4,.READWRITE.,.ADDED.,1791469300,#3,#4,1791469300);
#4252=IFCPROPERTYSET('0JM7YD0YT8iBEQPL$dg4oe',#4251,'Pset_DoorCommon',$,(#4255,#4256));
#4253=IFCOWNERHISTORY(#3,#4,.READWRITE.,.ADDED.,1791469300,#3,#4,1791469300);
#4254=IFCRELDEFINESBYPROPERTIES('3cD_p5gQv60QJCMtRs6ph7',#4253,$,$,(#4227),#4252);
#4255=IFCPROPERTYSINGLEVALUE('IsExternal',$,IFCBOOLEAN(.T.),$);
#4256=IFCPROPERTYSINGLEVALUE('Reference',$,IFCIDENTIFIER('T\X2\00FC\X0\r Ger\X2\00E4\X0\tehaus 02'),$);
#4257=IFCOWNERHISTORY(#3,#4,.READWRITE.,.ADDED.,1791469300,#3,#4,1791469300);
#4258=IFCPROPERTYSET('2pm3pV62f4MPMPoLZLevJ$',#4257,'Oberhofer_Info',$,(#4261,#4262,#4263,#4264,#4265));
#4259=IFCOWNERHISTORY(#3,#4,.READWRITE.,.ADDED.,1791469300,#3,#4,1791469300);
#4260=IFCRELDEFINESBYPROPERTIES('1lRd9Uuk1638DfcAGWubBD',#4259,$,$,(#4227),#4258);
#4261=IFCPROPERTYSINGLEVALUE('Status',$,IFCLABEL('Bestand'),$);
#4262=IFCPROPERTYSINGLEVALUE('Quelle',$,IFCLABEL('Lage/Gr\X2\00F600DF\X0\e aus Tektur-Ansichten bzw. Fotos (\X2\00B1\X0\5 cm)'),$);
#4263=IFCPROPERTYSINGLEVALUE('Bruestung_ueber_Gelaende_m',$,IFCREAL(0.),$);
#4264=IFCPROPERTYSINGLEVALUE('Breite_m',$,IFCREAL(0.9),$);
#4265=IFCPROPERTYSINGLEVALUE('Hoehe_m',$,IFCREAL(2.),$);
#4266=IFCOWNERHISTORY(#3,#4,.READWRITE.,.MODIFIED.,1791469300,#3,#4,1791469300);
#4267=IFCOPENINGELEMENT('2V1BpkyAbEoRMRMcZLostj',#4266,'\X2\00D6\X0\ffnung Fenster Ger\X2\00E4\X0\tehaus 03',$,$,#4294,#4287,$);
#4273=IFCCARTESIANPOINT((0.,0.));
#4274=IFCCARTESIANPOINT((0.,0.45));
#4275=IFCCARTESIANPOINT((1.000000001249999,0.45));
#4276=IFCCARTESIANPOINT((1.000000001249999,0.));
#4277=IFCCARTESIANPOINT((0.,0.));
#4278=IFCPOLYLINE((#4273,#4274,#4275,#4276,#4277));
#4279=IFCDIRECTION((0.,0.,1.));
#4280=IFCARBITRARYCLOSEDPROFILEDEF(.AREA.,$,#4278);
#4281=IFCCARTESIANPOINT((0.,0.,0.));
#4282=IFCDIRECTION((0.,0.,1.));
#4283=IFCDIRECTION((1.,0.,0.));
#4284=IFCAXIS2PLACEMENT3D(#4281,#4282,#4283);
#4285=IFCEXTRUDEDAREASOLID(#4280,#4284,#4279,0.6000000000000001);
#4286=IFCSHAPEREPRESENTATION(#20,'Body','SweptSolid',(#4285));
#4287=IFCPRODUCTDEFINITIONSHAPE($,$,(#4286));
#4288=IFCOWNERHISTORY(#3,#4,.READWRITE.,.ADDED.,1791469300,#3,#4,1791469300);
#4289=IFCRELVOIDSELEMENT('0qUXvs_kn0YAp$sNf3L21H',#4288,$,$,#1952,#4267);
#4290=IFCCARTESIANPOINT((0.6500000008125006,-0.09999999999999787,1.2));
#4291=IFCDIRECTION((0.,0.,1.));
#4292=IFCDIRECTION((1.,5.903001893901028E-17,0.));
#4293=IFCAXIS2PLACEMENT3D(#4290,#4291,#4292);
#4294=IFCLOCALPLACEMENT(#1957,#4293);
#4295=IFCOWNERHISTORY(#3,#4,.READWRITE.,.MODIFIED.,1791469300,#3,#4,1791469300);
#4296=IFCWINDOW('1_cyZcRmLBb9mbFHLoK9vD',#4295,'Fenster Ger\X2\00E4\X0\tehaus 03',$,$,#4301,#4316,$,0.6,1.);
#4297=IFCCARTESIANPOINT((2.692418699954403,26.931260900059545,1.2));
#4298=IFCDIRECTION((0.,0.,1.));
#4299=IFCDIRECTION((-0.7939599990075501,-0.6079699992400376,0.));
#4300=IFCAXIS2PLACEMENT3D(#4297,#4298,#4299);
#4301=IFCLOCALPLACEMENT(#118,#4300);
#4302=IFCCARTESIANPOINT((0.,0.));
#4303=IFCCARTESIANPOINT((0.,0.07));
#4304=IFCCARTESIANPOINT((1.000000001249999,0.07));
#4305=IFCCARTESIANPOINT((1.000000001249999,0.));
#4306=IFCCARTESIANPOINT((0.,0.));
#4307=IFCPOLYLINE((#4302,#4303,#4304,#4305,#4306));
#4308=IFCDIRECTION((0.,0.,1.));
#4309=IFCARBITRARYCLOSEDPROFILEDEF(.AREA.,$,#4307);
#4310=IFCCARTESIANPOINT((0.,0.,0.));
#4311=IFCDIRECTION((0.,0.,1.));
#4312=IFCDIRECTION((1.,0.,0.));
#4313=IFCAXIS2PLACEMENT3D(#4310,#4311,#4312);
#4314=IFCEXTRUDEDAREASOLID(#4309,#4313,#4308,0.6000000000000001);
#4315=IFCSHAPEREPRESENTATION(#20,'Body','SweptSolid',(#4314));
#4316=IFCPRODUCTDEFINITIONSHAPE($,$,(#4315));
#4317=IFCPRESENTATIONSTYLEASSIGNMENT((#421));
#4318=IFCSTYLEDITEM(#4314,(#4317),'Fenster Kunststoff wei\X2\00DF\X0\');
#4319=IFCRELFILLSELEMENT('0cW9BYwDz1jQjj1m96vE2E',#9585,$,$,#4267,#4296);
#4320=IFCOWNERHISTORY(#3,#4,.READWRITE.,.ADDED.,1791469300,#3,#4,1791469300);
#4321=IFCPROPERTYSET('0oxcJ_9UfCCgFuv4Rea0xG',#4320,'Pset_WindowCommon',$,(#4324,#4325));
#4322=IFCOWNERHISTORY(#3,#4,.READWRITE.,.ADDED.,1791469300,#3,#4,1791469300);
#4323=IFCRELDEFINESBYPROPERTIES('1ovEXfrRv5qOG4f6uux3yu',#4322,$,$,(#4296),#4321);
#4324=IFCPROPERTYSINGLEVALUE('IsExternal',$,IFCBOOLEAN(.T.),$);
#4325=IFCPROPERTYSINGLEVALUE('Reference',$,IFCIDENTIFIER('Fenster Ger\X2\00E4\X0\tehaus 03'),$);
#4326=IFCOWNERHISTORY(#3,#4,.READWRITE.,.ADDED.,1791469300,#3,#4,1791469300);
#4327=IFCPROPERTYSET('0TVpCUibfEWwo2Q9ZSb3Sn',#4326,'Oberhofer_Info',$,(#4330,#4331,#4332,#4333,#4334));
#4328=IFCOWNERHISTORY(#3,#4,.READWRITE.,.ADDED.,1791469300,#3,#4,1791469300);
#4329=IFCRELDEFINESBYPROPERTIES('1o5HT1Gkb7ovIKevPLP1Tp',#4328,$,$,(#4296),#4327);
#4330=IFCPROPERTYSINGLEVALUE('Status',$,IFCLABEL('Bestand'),$);
#4331=IFCPROPERTYSINGLEVALUE('Quelle',$,IFCLABEL('Lage/Gr\X2\00F600DF\X0\e aus Tektur-Ansichten bzw. Fotos (\X2\00B1\X0\5 cm)'),$);
#4332=IFCPROPERTYSINGLEVALUE('Bruestung_ueber_Gelaende_m',$,IFCREAL(1.2),$);
#4333=IFCPROPERTYSINGLEVALUE('Breite_m',$,IFCREAL(1.),$);
#4334=IFCPROPERTYSINGLEVALUE('Hoehe_m',$,IFCREAL(0.6),$);
#4335=IFCOWNERHISTORY(#3,#4,.READWRITE.,.MODIFIED.,1791469300,#3,#4,1791469300);
#4336=IFCOPENINGELEMENT('1ORre8he55DxLvIY3Zdgdh',#4335,'\X2\00D6\X0\ffnung Fenster Ger\X2\00E4\X0\tehaus 04',$,$,#4363,#4356,$);
#4342=IFCCARTESIANPOINT((0.,0.));
#4343=IFCCARTESIANPOINT((0.,0.45));
#4344=IFCCARTESIANPOINT((1.0000000012499992,0.45));
#4345=IFCCARTESIANPOINT((1.0000000012499992,0.));
#4346=IFCCARTESIANPOINT((0.,0.));
#4347=IFCPOLYLINE((#4342,#4343,#4344,#4345,#4346));
#4348=IFCDIRECTION((0.,0.,1.));
#4349=IFCARBITRARYCLOSEDPROFILEDEF(.AREA.,$,#4347);
#4350=IFCCARTESIANPOINT((0.,0.,0.));
#4351=IFCDIRECTION((0.,0.,1.));
#4352=IFCDIRECTION((1.,0.,0.));
#4353=IFCAXIS2PLACEMENT3D(#4350,#4351,#4352);
#4354=IFCEXTRUDEDAREASOLID(#4349,#4353,#4348,0.6000000000000001);
#4355=IFCSHAPEREPRESENTATION(#20,'Body','SweptSolid',(#4354));
#4356=IFCPRODUCTDEFINITIONSHAPE($,$,(#4355));
#4357=IFCOWNERHISTORY(#3,#4,.READWRITE.,.ADDED.,1791469300,#3,#4,1791469300);
#4358=IFCRELVOIDSELEMENT('2LtFYfSq53K8kiT29T0UnS',#4357,$,$,#1952,#4336);
#4359=IFCCARTESIANPOINT((2.850000003562503,-0.09999999999999787,1.2));
#4360=IFCDIRECTION((0.,0.,1.));
#4361=IFCDIRECTION((1.,5.903001893901028E-17,0.));
#4362=IFCAXIS2PLACEMENT3D(#4359,#4360,#4361);
#4363=IFCLOCALPLACEMENT(#1957,#4362);
#4364=IFCOWNERHISTORY(#3,#4,.READWRITE.,.MODIFIED.,1791469300,#3,#4,1791469300);
#4365=IFCWINDOW('1ScQoTpNH5Sg8mjBQne5br',#4364,'Fenster Ger\X2\00E4\X0\tehaus 04',$,$,#4370,#4385,$,0.6,1.);
#4366=IFCCARTESIANPOINT((0.945706699954402,25.593726900059544,1.2));
#4367=IFCDIRECTION((0.,0.,1.));
#4368=IFCDIRECTION((-0.7939599990075501,-0.6079699992400376,0.));
#4369=IFCAXIS2PLACEMENT3D(#4366,#4367,#4368);
#4370=IFCLOCALPLACEMENT(#118,#4369);
#4371=IFCCARTESIANPOINT((0.,0.));
#4372=IFCCARTESIANPOINT((0.,0.07));
#4373=IFCCARTESIANPOINT((1.0000000012499992,0.07));
#4374=IFCCARTESIANPOINT((1.0000000012499992,0.));
#4375=IFCCARTESIANPOINT((0.,0.));
#4376=IFCPOLYLINE((#4371,#4372,#4373,#4374,#4375));
#4377=IFCDIRECTION((0.,0.,1.));
#4378=IFCARBITRARYCLOSEDPROFILEDEF(.AREA.,$,#4376);
#4379=IFCCARTESIANPOINT((0.,0.,0.));
#4380=IFCDIRECTION((0.,0.,1.));
#4381=IFCDIRECTION((1.,0.,0.));
#4382=IFCAXIS2PLACEMENT3D(#4379,#4380,#4381);
#4383=IFCEXTRUDEDAREASOLID(#4378,#4382,#4377,0.6000000000000001);
#4384=IFCSHAPEREPRESENTATION(#20,'Body','SweptSolid',(#4383));
#4385=IFCPRODUCTDEFINITIONSHAPE($,$,(#4384));
#4386=IFCPRESENTATIONSTYLEASSIGNMENT((#421));
#4387=IFCSTYLEDITEM(#4383,(#4386),'Fenster Kunststoff wei\X2\00DF\X0\');
#4388=IFCRELFILLSELEMENT('2UQgu0EPPA0BZEYfDvP__Y',#9585,$,$,#4336,#4365);
#4389=IFCOWNERHISTORY(#3,#4,.READWRITE.,.ADDED.,1791469300,#3,#4,1791469300);
#4390=IFCPROPERTYSET('0HNuO6QxjCA87KFiMUn3ff',#4389,'Pset_WindowCommon',$,(#4393,#4394));
#4391=IFCOWNERHISTORY(#3,#4,.READWRITE.,.ADDED.,1791469300,#3,#4,1791469300);
#4392=IFCRELDEFINESBYPROPERTIES('24AvbE0nr2fB9PjuZPbba9',#4391,$,$,(#4365),#4390);
#4393=IFCPROPERTYSINGLEVALUE('IsExternal',$,IFCBOOLEAN(.T.),$);
#4394=IFCPROPERTYSINGLEVALUE('Reference',$,IFCIDENTIFIER('Fenster Ger\X2\00E4\X0\tehaus 04'),$);
#4395=IFCOWNERHISTORY(#3,#4,.READWRITE.,.ADDED.,1791469300,#3,#4,1791469300);
#4396=IFCPROPERTYSET('3j1zwr1ufA5guSmm0h6Wsr',#4395,'Oberhofer_Info',$,(#4399,#4400,#4401,#4402,#4403));
#4397=IFCOWNERHISTORY(#3,#4,.READWRITE.,.ADDED.,1791469300,#3,#4,1791469300);
#4398=IFCRELDEFINESBYPROPERTIES('2YvI_hOxD0w8AyfhsNhUbi',#4397,$,$,(#4365),#4396);
#4399=IFCPROPERTYSINGLEVALUE('Status',$,IFCLABEL('Bestand'),$);
#4400=IFCPROPERTYSINGLEVALUE('Quelle',$,IFCLABEL('Lage/Gr\X2\00F600DF\X0\e aus Tektur-Ansichten bzw. Fotos (\X2\00B1\X0\5 cm)'),$);
#4401=IFCPROPERTYSINGLEVALUE('Bruestung_ueber_Gelaende_m',$,IFCREAL(1.2),$);
#4402=IFCPROPERTYSINGLEVALUE('Breite_m',$,IFCREAL(1.),$);
#4403=IFCPROPERTYSINGLEVALUE('Hoehe_m',$,IFCREAL(0.6),$);
#4404=IFCOWNERHISTORY(#3,#4,.READWRITE.,.MODIFIED.,1791469300,#3,#4,1791469300);
#4405=IFCOPENINGELEMENT('3gq0nPbf14MOcfsC9kwkN6',#4404,'\X2\00D6\X0\ffnung Hebe-Schiebe-Element S 01',$,$,#4432,#4425,$);
#4411=IFCCARTESIANPOINT((0.,0.));
#4412=IFCCARTESIANPOINT((0.,0.6));
#4413=IFCCARTESIANPOINT((2.400000000000001,0.6));
#4414=IFCCARTESIANPOINT((2.400000000000001,0.));
#4415=IFCCARTESIANPOINT((0.,0.));
#4416=IFCPOLYLINE((#4411,#4412,#4413,#4414,#4415));
#4417=IFCDIRECTION((0.,0.,1.));
#4418=IFCARBITRARYCLOSEDPROFILEDEF(.AREA.,$,#4416);
#4419=IFCCARTESIANPOINT((0.,0.,0.));
#4420=IFCDIRECTION((0.,0.,1.));
#4421=IFCDIRECTION((1.,0.,0.));
#4422=IFCAXIS2PLACEMENT3D(#4419,#4420,#4421);
#4423=IFCEXTRUDEDAREASOLID(#4418,#4422,#4417,2.3);
#4424=IFCSHAPEREPRESENTATION(#20,'Body','SweptSolid',(#4423));
#4425=IFCPRODUCTDEFINITIONSHAPE($,$,(#4424));
#4426=IFCOWNERHISTORY(#3,#4,.READWRITE.,.ADDED.,1791469300,#3,#4,1791469300);
#4427=IFCRELVOIDSELEMENT('1kkPtNuE10WuoVtxTUdnsA',#4426,$,$,#2010,#4405);
#4428=IFCCARTESIANPOINT((0.9500000000000011,-0.09999999999999787,0.));
#4429=IFCDIRECTION((0.,0.,1.));
#4430=IFCDIRECTION((1.,-6.053968852789902E-18,0.));
#4431=IFCAXIS2PLACEMENT3D(#4428,#4429,#4430);
#4432=IFCLOCALPLACEMENT(#2017,#4431);
#4433=IFCOWNERHISTORY(#3,#4,.READWRITE.,.MODIFIED.,1791469300,#3,#4,1791469300);
#4434=IFCWINDOW('1vEkMd41nCzRMyLpaIP2Yt',#4433,'Hebe-Schiebe-Element S 01',$,$,#4439,#4454,$,2.3,2.4);
#4435=IFCCARTESIANPOINT((-12.444621535961328,22.865574901692312,0.));
#4436=IFCDIRECTION((0.,0.,1.));
#4437=IFCDIRECTION((0.7867608423539841,0.6172579500812035,0.));
#4438=IFCAXIS2PLACEMENT3D(#4435,#4436,#4437);
#4439=IFCLOCALPLACEMENT(#134,#4438);
#4440=IFCCARTESIANPOINT((0.,0.));
#4441=IFCCARTESIANPOINT((0.,0.07));
#4442=IFCCARTESIANPOINT((2.400000000000001,0.07));
#4443=IFCCARTESIANPOINT((2.400000000000001,0.));
#4444=IFCCARTESIANPOINT((0.,0.));
#4445=IFCPOLYLINE((#4440,#4441,#4442,#4443,#4444));
#4446=IFCDIRECTION((0.,0.,1.));
#4447=IFCARBITRARYCLOSEDPROFILEDEF(.AREA.,$,#4445);
#4448=IFCCARTESIANPOINT((0.,0.,0.));
#4449=IFCDIRECTION((0.,0.,1.));
#4450=IFCDIRECTION((1.,0.,0.));
#4451=IFCAXIS2PLACEMENT3D(#4448,#4449,#4450);
#4452=IFCEXTRUDEDAREASOLID(#4447,#4451,#4446,2.3);
#4453=IFCSHAPEREPRESENTATION(#20,'Body','SweptSolid',(#4452));
#4454=IFCPRODUCTDEFINITIONSHAPE($,$,(#4453));
#4455=IFCPRESENTATIONSTYLEASSIGNMENT((#437));
#4456=IFCSTYLEDITEM(#4452,(#4455),'Fenster/T\X2\00FC\X0\r anthrazit');
#4457=IFCOWNERHISTORY(#3,#4,.READWRITE.,.MODIFIED.,1791469320,#3,#4,1791469300);
#4458=IFCRELASSOCIATESMATERIAL('2v416xcUHEahtdDWWwkknO',#4457,$,$,(#5264,#4919,#4574,#5057,#4712,#5195,#4850,#4505,#5333,#4988,#4643,#5126,#4781,#4434),#436);
#4459=IFCRELFILLSELEMENT('1DZHkPX15ADOIbwxJrTpMY',#9585,$,$,#4405,#4434);
#4460=IFCOWNERHISTORY(#3,#4,.READWRITE.,.ADDED.,1791469300,#3,#4,1791469300);
#4461=IFCPROPERTYSET('0i5dUTG9D13glEapaZe_QP',#4460,'Pset_WindowCommon',$,(#4464,#4465));
#4462=IFCOWNERHISTORY(#3,#4,.READWRITE.,.ADDED.,1791469300,#3,#4,1791469300);
#4463=IFCRELDEFINESBYPROPERTIES('2ZnVVCZ0bBQhgTggEczLA9',#4462,$,$,(#4434),#4461);
#4464=IFCPROPERTYSINGLEVALUE('IsExternal',$,IFCBOOLEAN(.T.),$);
#4465=IFCPROPERTYSINGLEVALUE('Reference',$,IFCIDENTIFIER('Hebe-Schiebe-Element S 01'),$);
#4466=IFCOWNERHISTORY(#3,#4,.READWRITE.,.ADDED.,1791469300,#3,#4,1791469300);
#4467=IFCPROPERTYSET('3E1BFUgw97kfc4vQnM866T',#4466,'Oberhofer_Info',$,(#4470,#4471,#4472,#4473,#4474));
#4468=IFCOWNERHISTORY(#3,#4,.READWRITE.,.ADDED.,1791469300,#3,#4,1791469300);
#4469=IFCRELDEFINESBYPROPERTIES('1QyTcftA59rv1q9uUSlCSN',#4468,$,$,(#4434),#4467);
#4470=IFCPROPERTYSINGLEVALUE('Status',$,IFCLABEL('Neubau Vorentwurf V1'),$);
#4471=IFCPROPERTYSINGLEVALUE('Quelle',$,IFCLABEL('Annahme: Fensteranordnung (0.1.5 zeigt keine Fensterma\X2\00DF\X0\e)'),$);
#4472=IFCPROPERTYSINGLEVALUE('Bruestung_ueber_Gelaende_m',$,IFCREAL(0.),$);
#4473=IFCPROPERTYSINGLEVALUE('Breite_m',$,IFCREAL(2.4),$);
#4474=IFCPROPERTYSINGLEVALUE('Hoehe_m',$,IFCREAL(2.3),$);
#4475=IFCOWNERHISTORY(#3,#4,.READWRITE.,.MODIFIED.,1791469300,#3,#4,1791469300);
#4476=IFCOPENINGELEMENT('1zkMS1U3z5Luunm4pBP39Z',#4475,'\X2\00D6\X0\ffnung Hebe-Schiebe-Element S 02',$,$,#4503,#4496,$);
#4482=IFCCARTESIANPOINT((0.,0.));
#4483=IFCCARTESIANPOINT((0.,0.6));
#4484=IFCCARTESIANPOINT((2.6999999999999984,0.6));
#4485=IFCCARTESIANPOINT((2.6999999999999984,0.));
#4486=IFCCARTESIANPOINT((0.,0.));
#4487=IFCPOLYLINE((#4482,#4483,#4484,#4485,#4486));
#4488=IFCDIRECTION((0.,0.,1.));
#4489=IFCARBITRARYCLOSEDPROFILEDEF(.AREA.,$,#4487);
#4490=IFCCARTESIANPOINT((0.,0.,0.));
#4491=IFCDIRECTION((0.,0.,1.));
#4492=IFCDIRECTION((1.,0.,0.));
#4493=IFCAXIS2PLACEMENT3D(#4490,#4491,#4492);
#4494=IFCEXTRUDEDAREASOLID(#4489,#4493,#4488,2.3);
#4495=IFCSHAPEREPRESENTATION(#20,'Body','SweptSolid',(#4494));
#4496=IFCPRODUCTDEFINITIONSHAPE($,$,(#4495));
#4497=IFCOWNERHISTORY(#3,#4,.READWRITE.,.ADDED.,1791469300,#3,#4,1791469300);
#4498=IFCRELVOIDSELEMENT('2wHJLjCWr2jQIlGsfIn_TG',#4497,$,$,#2010,#4476);
#4499=IFCCARTESIANPOINT((4.050000000000002,-0.09999999999999787,0.));
#4500=IFCDIRECTION((0.,0.,1.));
#4501=IFCDIRECTION((1.,-6.053968852789902E-18,0.));
#4502=IFCAXIS2PLACEMENT3D(#4499,#4500,#4501);
#4503=IFCLOCALPLACEMENT(#2017,#4502);
#4504=IFCOWNERHISTORY(#3,#4,.READWRITE.,.MODIFIED.,1791469300,#3,#4,1791469300);
#4505=IFCWINDOW('0DAXeNDrjFUw$htPzSi2u9',#4504,'Hebe-Schiebe-Element S 02',$,$,#4510,#4525,$,2.3,2.7);
#4506=IFCCARTESIANPOINT((-10.005662924663977,24.779074546944045,0.));
#4507=IFCDIRECTION((0.,0.,1.));
#4508=IFCDIRECTION((0.7867608423539841,0.6172579500812035,0.));
#4509=IFCAXIS2PLACEMENT3D(#4506,#4507,#4508);
#4510=IFCLOCALPLACEMENT(#134,#4509);
#4511=IFCCARTESIANPOINT((0.,0.));
#4512=IFCCARTESIANPOINT((0.,0.07));
#4513=IFCCARTESIANPOINT((2.6999999999999984,0.07));
#4514=IFCCARTESIANPOINT((2.6999999999999984,0.));
#4515=IFCCARTESIANPOINT((0.,0.));
#4516=IFCPOLYLINE((#4511,#4512,#4513,#4514,#4515));
#4517=IFCDIRECTION((0.,0.,1.));
#4518=IFCARBITRARYCLOSEDPROFILEDEF(.AREA.,$,#4516);
#4519=IFCCARTESIANPOINT((0.,0.,0.));
#4520=IFCDIRECTION((0.,0.,1.));
#4521=IFCDIRECTION((1.,0.,0.));
#4522=IFCAXIS2PLACEMENT3D(#4519,#4520,#4521);
#4523=IFCEXTRUDEDAREASOLID(#4518,#4522,#4517,2.3);
#4524=IFCSHAPEREPRESENTATION(#20,'Body','SweptSolid',(#4523));
#4525=IFCPRODUCTDEFINITIONSHAPE($,$,(#4524));
#4526=IFCPRESENTATIONSTYLEASSIGNMENT((#437));
#4527=IFCSTYLEDITEM(#4523,(#4526),'Fenster/T\X2\00FC\X0\r anthrazit');
#4528=IFCRELFILLSELEMENT('18aX9nqe1E6Qe1R_bOHg_w',#9585,$,$,#4476,#4505);
#4529=IFCOWNERHISTORY(#3,#4,.READWRITE.,.ADDED.,1791469300,#3,#4,1791469300);
#4530=IFCPROPERTYSET('0OMVWob81CuBBPZBKJjrRm',#4529,'Pset_WindowCommon',$,(#4533,#4534));
#4531=IFCOWNERHISTORY(#3,#4,.READWRITE.,.ADDED.,1791469300,#3,#4,1791469300);
#4532=IFCRELDEFINESBYPROPERTIES('23zCjYxKfFQwh$re83gnDT',#4531,$,$,(#4505),#4530);
#4533=IFCPROPERTYSINGLEVALUE('IsExternal',$,IFCBOOLEAN(.T.),$);
#4534=IFCPROPERTYSINGLEVALUE('Reference',$,IFCIDENTIFIER('Hebe-Schiebe-Element S 02'),$);
#4535=IFCOWNERHISTORY(#3,#4,.READWRITE.,.ADDED.,1791469300,#3,#4,1791469300);
#4536=IFCPROPERTYSET('3l6pDU6ML96Bxs621cF6hd',#4535,'Oberhofer_Info',$,(#4539,#4540,#4541,#4542,#4543));
#4537=IFCOWNERHISTORY(#3,#4,.READWRITE.,.ADDED.,1791469300,#3,#4,1791469300);
#4538=IFCRELDEFINESBYPROPERTIES('0PyyF5qrj75gJD$UtJPHG_',#4537,$,$,(#4505),#4536);
#4539=IFCPROPERTYSINGLEVALUE('Status',$,IFCLABEL('Neubau Vorentwurf V1'),$);
#4540=IFCPROPERTYSINGLEVALUE('Quelle',$,IFCLABEL('Annahme: Fensteranordnung (0.1.5 zeigt keine Fensterma\X2\00DF\X0\e)'),$);
#4541=IFCPROPERTYSINGLEVALUE('Bruestung_ueber_Gelaende_m',$,IFCREAL(0.),$);
#4542=IFCPROPERTYSINGLEVALUE('Breite_m',$,IFCREAL(2.7),$);
#4543=IFCPROPERTYSINGLEVALUE('Hoehe_m',$,IFCREAL(2.3),$);
#4544=IFCOWNERHISTORY(#3,#4,.READWRITE.,.MODIFIED.,1791469300,#3,#4,1791469300);
#4545=IFCOPENINGELEMENT('10EBolt2DAueWWV18N0jbN',#4544,'\X2\00D6\X0\ffnung Hebe-Schiebe-Element S 03',$,$,#4572,#4565,$);
#4551=IFCCARTESIANPOINT((0.,0.));
#4552=IFCCARTESIANPOINT((0.,0.6));
#4553=IFCCARTESIANPOINT((4.1,0.6));
#4554=IFCCARTESIANPOINT((4.1,0.));
#4555=IFCCARTESIANPOINT((0.,0.));
#4556=IFCPOLYLINE((#4551,#4552,#4553,#4554,#4555));
#4557=IFCDIRECTION((0.,0.,1.));
#4558=IFCARBITRARYCLOSEDPROFILEDEF(.AREA.,$,#4556);
#4559=IFCCARTESIANPOINT((0.,0.,0.));
#4560=IFCDIRECTION((0.,0.,1.));
#4561=IFCDIRECTION((1.,0.,0.));
#4562=IFCAXIS2PLACEMENT3D(#4559,#4560,#4561);
#4563=IFCEXTRUDEDAREASOLID(#4558,#4562,#4557,2.3);
#4564=IFCSHAPEREPRESENTATION(#20,'Body','SweptSolid',(#4563));
#4565=IFCPRODUCTDEFINITIONSHAPE($,$,(#4564));
#4566=IFCOWNERHISTORY(#3,#4,.READWRITE.,.ADDED.,1791469300,#3,#4,1791469300);
#4567=IFCRELVOIDSELEMENT('0CxJrI89b70xMw14H4NbXP',#4566,$,$,#2010,#4545);
#4568=IFCCARTESIANPOINT((8.05,-0.09999999999999787,0.));
#4569=IFCDIRECTION((0.,0.,1.));
#4570=IFCDIRECTION((1.,-6.053968852789902E-18,0.));
#4571=IFCAXIS2PLACEMENT3D(#4568,#4569,#4570);
#4572=IFCLOCALPLACEMENT(#2017,#4571);
#4573=IFCOWNERHISTORY(#3,#4,.READWRITE.,.MODIFIED.,1791469300,#3,#4,1791469300);
#4574=IFCWINDOW('0XTLALBBz0yAhuiPOGBSmo',#4573,'Hebe-Schiebe-Element S 03',$,$,#4579,#4594,$,2.3,4.1);
#4575=IFCCARTESIANPOINT((-6.85861955524804,27.24810634726886,0.));
#4576=IFCDIRECTION((0.,0.,1.));
#4577=IFCDIRECTION((0.7867608423539841,0.6172579500812035,0.));
#4578=IFCAXIS2PLACEMENT3D(#4575,#4576,#4577);
#4579=IFCLOCALPLACEMENT(#134,#4578);
#4580=IFCCARTESIANPOINT((0.,0.));
#4581=IFCCARTESIANPOINT((0.,0.07));
#4582=IFCCARTESIANPOINT((4.1,0.07));
#4583=IFCCARTESIANPOINT((4.1,0.));
#4584=IFCCARTESIANPOINT((0.,0.));
#4585=IFCPOLYLINE((#4580,#4581,#4582,#4583,#4584));
#4586=IFCDIRECTION((0.,0.,1.));
#4587=IFCARBITRARYCLOSEDPROFILEDEF(.AREA.,$,#4585);
#4588=IFCCARTESIANPOINT((0.,0.,0.));
#4589=IFCDIRECTION((0.,0.,1.));
#4590=IFCDIRECTION((1.,0.,0.));
#4591=IFCAXIS2PLACEMENT3D(#4588,#4589,#4590);
#4592=IFCEXTRUDEDAREASOLID(#4587,#4591,#4586,2.3);
#4593=IFCSHAPEREPRESENTATION(#20,'Body','SweptSolid',(#4592));
#4594=IFCPRODUCTDEFINITIONSHAPE($,$,(#4593));
#4595=IFCPRESENTATIONSTYLEASSIGNMENT((#437));
#4596=IFCSTYLEDITEM(#4592,(#4595),'Fenster/T\X2\00FC\X0\r anthrazit');
#4597=IFCRELFILLSELEMENT('3vwreLYgf8uOgfAcOzU4iI',#9585,$,$,#4545,#4574);
#4598=IFCOWNERHISTORY(#3,#4,.READWRITE.,.ADDED.,1791469300,#3,#4,1791469300);
#4599=IFCPROPERTYSET('2UKH_xCjLA58U0NYnoMpji',#4598,'Pset_WindowCommon',$,(#4602,#4603));
#4600=IFCOWNERHISTORY(#3,#4,.READWRITE.,.ADDED.,1791469300,#3,#4,1791469300);
#4601=IFCRELDEFINESBYPROPERTIES('1Vmimz0c96mRDZ3kA2PpPm',#4600,$,$,(#4574),#4599);
#4602=IFCPROPERTYSINGLEVALUE('IsExternal',$,IFCBOOLEAN(.T.),$);
#4603=IFCPROPERTYSINGLEVALUE('Reference',$,IFCIDENTIFIER('Hebe-Schiebe-Element S 03'),$);
#4604=IFCOWNERHISTORY(#3,#4,.READWRITE.,.ADDED.,1791469300,#3,#4,1791469300);
#4605=IFCPROPERTYSET('0GyqhPeKP73QPXrpL8Z$rW',#4604,'Oberhofer_Info',$,(#4608,#4609,#4610,#4611,#4612));
#4606=IFCOWNERHISTORY(#3,#4,.READWRITE.,.ADDED.,1791469300,#3,#4,1791469300);
#4607=IFCRELDEFINESBYPROPERTIES('265V8YMRnEygNt7arUMBM$',#4606,$,$,(#4574),#4605);
#4608=IFCPROPERTYSINGLEVALUE('Status',$,IFCLABEL('Neubau Vorentwurf V1'),$);
#4609=IFCPROPERTYSINGLEVALUE('Quelle',$,IFCLABEL('Annahme: Fensteranordnung (0.1.5 zeigt keine Fensterma\X2\00DF\X0\e)'),$);
#4610=IFCPROPERTYSINGLEVALUE('Bruestung_ueber_Gelaende_m',$,IFCREAL(0.),$);
#4611=IFCPROPERTYSINGLEVALUE('Breite_m',$,IFCREAL(4.1),$);
#4612=IFCPROPERTYSINGLEVALUE('Hoehe_m',$,IFCREAL(2.3),$);
#4613=IFCOWNERHISTORY(#3,#4,.READWRITE.,.MODIFIED.,1791469300,#3,#4,1791469300);
#4614=IFCOPENINGELEMENT('3GiwPxdXL0hehcaCUfrQMg',#4613,'\X2\00D6\X0\ffnung Hebe-Schiebe-Element S 04',$,$,#4641,#4634,$);
#4620=IFCCARTESIANPOINT((0.,0.));
#4621=IFCCARTESIANPOINT((0.,0.6));
#4622=IFCCARTESIANPOINT((2.8000000000000007,0.6));
#4623=IFCCARTESIANPOINT((2.8000000000000007,0.));
#4624=IFCCARTESIANPOINT((0.,0.));
#4625=IFCPOLYLINE((#4620,#4621,#4622,#4623,#4624));
#4626=IFCDIRECTION((0.,0.,1.));
#4627=IFCARBITRARYCLOSEDPROFILEDEF(.AREA.,$,#4625);
#4628=IFCCARTESIANPOINT((0.,0.,0.));
#4629=IFCDIRECTION((0.,0.,1.));
#4630=IFCDIRECTION((1.,0.,0.));
#4631=IFCAXIS2PLACEMENT3D(#4628,#4629,#4630);
#4632=IFCEXTRUDEDAREASOLID(#4627,#4631,#4626,2.3);
#4633=IFCSHAPEREPRESENTATION(#20,'Body','SweptSolid',(#4632));
#4634=IFCPRODUCTDEFINITIONSHAPE($,$,(#4633));
#4635=IFCOWNERHISTORY(#3,#4,.READWRITE.,.ADDED.,1791469300,#3,#4,1791469300);
#4636=IFCRELVOIDSELEMENT('3$N_$dlFn1mfRQovNYbwtn',#4635,$,$,#2010,#4614);
#4637=IFCCARTESIANPOINT((12.650000000000002,-0.09999999999999787,0.));
#4638=IFCDIRECTION((0.,0.,1.));
#4639=IFCDIRECTION((1.,-6.053968852789902E-18,0.));
#4640=IFCAXIS2PLACEMENT3D(#4637,#4638,#4639);
#4641=IFCLOCALPLACEMENT(#2017,#4640);
#4642=IFCOWNERHISTORY(#3,#4,.READWRITE.,.MODIFIED.,1791469300,#3,#4,1791469300);
#4643=IFCWINDOW('1F3ZaG3EDAIA2cgHvW0VQm',#4642,'Hebe-Schiebe-Element S 04',$,$,#4648,#4663,$,2.3,2.8);
#4644=IFCCARTESIANPOINT((-3.239519680419713,30.087492917642397,0.));
#4645=IFCDIRECTION((0.,0.,1.));
#4646=IFCDIRECTION((0.7867608423539841,0.6172579500812035,0.));
#4647=IFCAXIS2PLACEMENT3D(#4644,#4645,#4646);
#4648=IFCLOCALPLACEMENT(#134,#4647);
#4649=IFCCARTESIANPOINT((0.,0.));
#4650=IFCCARTESIANPOINT((0.,0.07));
#4651=IFCCARTESIANPOINT((2.8000000000000007,0.07));
#4652=IFCCARTESIANPOINT((2.8000000000000007,0.));
#4653=IFCCARTESIANPOINT((0.,0.));
#4654=IFCPOLYLINE((#4649,#4650,#4651,#4652,#4653));
#4655=IFCDIRECTION((0.,0.,1.));
#4656=IFCARBITRARYCLOSEDPROFILEDEF(.AREA.,$,#4654);
#4657=IFCCARTESIANPOINT((0.,0.,0.));
#4658=IFCDIRECTION((0.,0.,1.));
#4659=IFCDIRECTION((1.,0.,0.));
#4660=IFCAXIS2PLACEMENT3D(#4657,#4658,#4659);
#4661=IFCEXTRUDEDAREASOLID(#4656,#4660,#4655,2.3);
#4662=IFCSHAPEREPRESENTATION(#20,'Body','SweptSolid',(#4661));
#4663=IFCPRODUCTDEFINITIONSHAPE($,$,(#4662));
#4664=IFCPRESENTATIONSTYLEASSIGNMENT((#437));
#4665=IFCSTYLEDITEM(#4661,(#4664),'Fenster/T\X2\00FC\X0\r anthrazit');
#4666=IFCRELFILLSELEMENT('3cuY_BmgD7eR4NLN_t88PA',#9585,$,$,#4614,#4643);
#4667=IFCOWNERHISTORY(#3,#4,.READWRITE.,.ADDED.,1791469300,#3,#4,1791469300);
#4668=IFCPROPERTYSET('1_Ye3M6k14BR7ueHpCkmB1',#4667,'Pset_WindowCommon',$,(#4671,#4672));
#4669=IFCOWNERHISTORY(#3,#4,.READWRITE.,.ADDED.,1791469300,#3,#4,1791469300);
#4670=IFCRELDEFINESBYPROPERTIES('0fk6UQtwjAyhZTqscvLXXM',#4669,$,$,(#4643),#4668);
#4671=IFCPROPERTYSINGLEVALUE('IsExternal',$,IFCBOOLEAN(.T.),$);
#4672=IFCPROPERTYSINGLEVALUE('Reference',$,IFCIDENTIFIER('Hebe-Schiebe-Element S 04'),$);
#4673=IFCOWNERHISTORY(#3,#4,.READWRITE.,.ADDED.,1791469300,#3,#4,1791469300);
#4674=IFCPROPERTYSET('09znHjat5CXRVZIVKw6cnd',#4673,'Oberhofer_Info',$,(#4677,#4678,#4679,#4680,#4681));
#4675=IFCOWNERHISTORY(#3,#4,.READWRITE.,.ADDED.,1791469300,#3,#4,1791469300);
#4676=IFCRELDEFINESBYPROPERTIES('2hFWCkDb5BQvRvt5Mssf3u',#4675,$,$,(#4643),#4674);
#4677=IFCPROPERTYSINGLEVALUE('Status',$,IFCLABEL('Neubau Vorentwurf V1'),$);
#4678=IFCPROPERTYSINGLEVALUE('Quelle',$,IFCLABEL('Annahme: Fensteranordnung (0.1.5 zeigt keine Fensterma\X2\00DF\X0\e)'),$);
#4679=IFCPROPERTYSINGLEVALUE('Bruestung_ueber_Gelaende_m',$,IFCREAL(0.),$);
#4680=IFCPROPERTYSINGLEVALUE('Breite_m',$,IFCREAL(2.8),$);
#4681=IFCPROPERTYSINGLEVALUE('Hoehe_m',$,IFCREAL(2.3),$);
#4682=IFCOWNERHISTORY(#3,#4,.READWRITE.,.MODIFIED.,1791469300,#3,#4,1791469300);
#4683=IFCOPENINGELEMENT('1rdckfBQD8px9ujbQzl$WG',#4682,'\X2\00D6\X0\ffnung Hebe-Schiebe-Element S 05',$,$,#4710,#4703,$);
#4689=IFCCARTESIANPOINT((0.,0.));
#4690=IFCCARTESIANPOINT((0.,0.6));
#4691=IFCCARTESIANPOINT((2.799999999999997,0.6));
#4692=IFCCARTESIANPOINT((2.799999999999997,0.));
#4693=IFCCARTESIANPOINT((0.,0.));
#4694=IFCPOLYLINE((#4689,#4690,#4691,#4692,#4693));
#4695=IFCDIRECTION((0.,0.,1.));
#4696=IFCARBITRARYCLOSEDPROFILEDEF(.AREA.,$,#4694);
#4697=IFCCARTESIANPOINT((0.,0.,0.));
#4698=IFCDIRECTION((0.,0.,1.));
#4699=IFCDIRECTION((1.,0.,0.));
#4700=IFCAXIS2PLACEMENT3D(#4697,#4698,#4699);
#4701=IFCEXTRUDEDAREASOLID(#4696,#4700,#4695,2.3);
#4702=IFCSHAPEREPRESENTATION(#20,'Body','SweptSolid',(#4701));
#4703=IFCPRODUCTDEFINITIONSHAPE($,$,(#4702));
#4704=IFCOWNERHISTORY(#3,#4,.READWRITE.,.ADDED.,1791469300,#3,#4,1791469300);
#4705=IFCRELVOIDSELEMENT('0riUhxaujBSP2bgdKgjKCl',#4704,$,$,#2010,#4683);
#4706=IFCCARTESIANPOINT((15.650000000000002,-0.09999999999999787,0.));
#4707=IFCDIRECTION((0.,0.,1.));
#4708=IFCDIRECTION((1.,-6.053968852789902E-18,0.));
#4709=IFCAXIS2PLACEMENT3D(#4706,#4707,#4708);
#4710=IFCLOCALPLACEMENT(#2017,#4709);
#4711=IFCOWNERHISTORY(#3,#4,.READWRITE.,.MODIFIED.,1791469300,#3,#4,1791469300);
#4712=IFCWINDOW('24yFAwysPFuOV9OfbadxfK',#4711,'Hebe-Schiebe-Element S 05',$,$,#4717,#4732,$,2.3,2.8);
#4713=IFCCARTESIANPOINT((-0.8792371533577599,31.939266767886007,0.));
#4714=IFCDIRECTION((0.,0.,1.));
#4715=IFCDIRECTION((0.7867608423539841,0.6172579500812035,0.));
#4716=IFCAXIS2PLACEMENT3D(#4713,#4714,#4715);
#4717=IFCLOCALPLACEMENT(#134,#4716);
#4718=IFCCARTESIANPOINT((0.,0.));
#4719=IFCCARTESIANPOINT((0.,0.07));
#4720=IFCCARTESIANPOINT((2.799999999999997,0.07));
#4721=IFCCARTESIANPOINT((2.799999999999997,0.));
#4722=IFCCARTESIANPOINT((0.,0.));
#4723=IFCPOLYLINE((#4718,#4719,#4720,#4721,#4722));
#4724=IFCDIRECTION((0.,0.,1.));
#4725=IFCARBITRARYCLOSEDPROFILEDEF(.AREA.,$,#4723);
#4726=IFCCARTESIANPOINT((0.,0.,0.));
#4727=IFCDIRECTION((0.,0.,1.));
#4728=IFCDIRECTION((1.,0.,0.));
#4729=IFCAXIS2PLACEMENT3D(#4726,#4727,#4728);
#4730=IFCEXTRUDEDAREASOLID(#4725,#4729,#4724,2.3);
#4731=IFCSHAPEREPRESENTATION(#20,'Body','SweptSolid',(#4730));
#4732=IFCPRODUCTDEFINITIONSHAPE($,$,(#4731));
#4733=IFCPRESENTATIONSTYLEASSIGNMENT((#437));
#4734=IFCSTYLEDITEM(#4730,(#4733),'Fenster/T\X2\00FC\X0\r anthrazit');
#4735=IFCRELFILLSELEMENT('1iSEyPvyrB1eiOMrAEPaF2',#9585,$,$,#4683,#4712);
#4736=IFCOWNERHISTORY(#3,#4,.READWRITE.,.ADDED.,1791469300,#3,#4,1791469300);
#4737=IFCPROPERTYSET('0_O_WmiGXD49HDCIfGifoi',#4736,'Pset_WindowCommon',$,(#4740,#4741));
#4738=IFCOWNERHISTORY(#3,#4,.READWRITE.,.ADDED.,1791469300,#3,#4,1791469300);
#4739=IFCRELDEFINESBYPROPERTIES('0xuF6SyLvDtPLXLCQqksw1',#4738,$,$,(#4712),#4737);
#4740=IFCPROPERTYSINGLEVALUE('IsExternal',$,IFCBOOLEAN(.T.),$);
#4741=IFCPROPERTYSINGLEVALUE('Reference',$,IFCIDENTIFIER('Hebe-Schiebe-Element S 05'),$);
#4742=IFCOWNERHISTORY(#3,#4,.READWRITE.,.ADDED.,1791469300,#3,#4,1791469300);
#4743=IFCPROPERTYSET('1$fj9wJb9FAR1XTaMuzDz5',#4742,'Oberhofer_Info',$,(#4746,#4747,#4748,#4749,#4750));
#4744=IFCOWNERHISTORY(#3,#4,.READWRITE.,.ADDED.,1791469300,#3,#4,1791469300);
#4745=IFCRELDEFINESBYPROPERTIES('1oE6UFL9vEc9J67kox0Yb3',#4744,$,$,(#4712),#4743);
#4746=IFCPROPERTYSINGLEVALUE('Status',$,IFCLABEL('Neubau Vorentwurf V1'),$);
#4747=IFCPROPERTYSINGLEVALUE('Quelle',$,IFCLABEL('Annahme: Fensteranordnung (0.1.5 zeigt keine Fensterma\X2\00DF\X0\e)'),$);
#4748=IFCPROPERTYSINGLEVALUE('Bruestung_ueber_Gelaende_m',$,IFCREAL(0.),$);
#4749=IFCPROPERTYSINGLEVALUE('Breite_m',$,IFCREAL(2.8),$);
#4750=IFCPROPERTYSINGLEVALUE('Hoehe_m',$,IFCREAL(2.3),$);
#4751=IFCOWNERHISTORY(#3,#4,.READWRITE.,.MODIFIED.,1791469300,#3,#4,1791469300);
#4752=IFCOPENINGELEMENT('1L3xiI4DjFYvO49wkEtYZN',#4751,'\X2\00D6\X0\ffnung Hebe-Schiebe-Element O 06',$,$,#4779,#4772,$);
#4758=IFCCARTESIANPOINT((0.,0.));
#4759=IFCCARTESIANPOINT((0.,0.6));
#4760=IFCCARTESIANPOINT((2.499999999999996,0.6));
#4761=IFCCARTESIANPOINT((2.499999999999996,0.));
#4762=IFCCARTESIANPOINT((0.,0.));
#4763=IFCPOLYLINE((#4758,#4759,#4760,#4761,#4762));
#4764=IFCDIRECTION((0.,0.,1.));
#4765=IFCARBITRARYCLOSEDPROFILEDEF(.AREA.,$,#4763);
#4766=IFCCARTESIANPOINT((0.,0.,0.));
#4767=IFCDIRECTION((0.,0.,1.));
#4768=IFCDIRECTION((1.,0.,0.));
#4769=IFCAXIS2PLACEMENT3D(#4766,#4767,#4768);
#4770=IFCEXTRUDEDAREASOLID(#4765,#4769,#4764,2.3);
#4771=IFCSHAPEREPRESENTATION(#20,'Body','SweptSolid',(#4770));
#4772=IFCPRODUCTDEFINITIONSHAPE($,$,(#4771));
#4773=IFCOWNERHISTORY(#3,#4,.READWRITE.,.ADDED.,1791469300,#3,#4,1791469300);
#4774=IFCRELVOIDSELEMENT('12FSuxOFn4xRVUzE8iXjxQ',#4773,$,$,#2146,#4752);
#4775=IFCCARTESIANPOINT((0.40000000000000213,-0.10000000000000142,0.));
#4776=IFCDIRECTION((0.,0.,1.));
#4777=IFCDIRECTION((1.,2.4872570226969757E-17,0.));
#4778=IFCAXIS2PLACEMENT3D(#4775,#4776,#4777);
#4779=IFCLOCALPLACEMENT(#2151,#4778);
#4780=IFCOWNERHISTORY(#3,#4,.READWRITE.,.MODIFIED.,1791469302,#3,#4,1791469300);
#4781=IFCWINDOW('3F9zxEhGj41P2G_MvkKBcr',#4780,'Hebe-Schiebe-Element O 06',$,$,#4786,#4801,$,2.3,2.5);
#4782=IFCCARTESIANPOINT((1.2524351349267526,34.552248446995115,0.));
#4783=IFCDIRECTION((0.,0.,1.));
#4784=IFCDIRECTION((-0.6172579500812035,0.7867608423539841,0.));
#4785=IFCAXIS2PLACEMENT3D(#4782,#4783,#4784);
#4786=IFCLOCALPLACEMENT(#134,#4785);
#4787=IFCCARTESIANPOINT((0.,0.));
#4788=IFCCARTESIANPOINT((0.,0.07));
#4789=IFCCARTESIANPOINT((2.499999999999996,0.07));
#4790=IFCCARTESIANPOINT((2.499999999999996,0.));
#4791=IFCCARTESIANPOINT((0.,0.));
#4792=IFCPOLYLINE((#4787,#4788,#4789,#4790,#4791));
#4793=IFCDIRECTION((0.,0.,1.));
#4794=IFCARBITRARYCLOSEDPROFILEDEF(.AREA.,$,#4792);
#4795=IFCCARTESIANPOINT((0.,0.,0.));
#4796=IFCDIRECTION((0.,0.,1.));
#4797=IFCDIRECTION((1.,0.,0.));
#4798=IFCAXIS2PLACEMENT3D(#4795,#4796,#4797);
#4799=IFCEXTRUDEDAREASOLID(#4794,#4798,#4793,2.3);
#4800=IFCSHAPEREPRESENTATION(#20,'Body','SweptSolid',(#4799));
#4801=IFCPRODUCTDEFINITIONSHAPE($,$,(#4800));
#4802=IFCPRESENTATIONSTYLEASSIGNMENT((#437));
#4803=IFCSTYLEDITEM(#4799,(#4802),'Fenster/T\X2\00FC\X0\r anthrazit');
#4804=IFCRELFILLSELEMENT('0W1guKwJPAvgiPxxwt7emb',#9585,$,$,#4752,#4781);
#4805=IFCOWNERHISTORY(#3,#4,.READWRITE.,.ADDED.,1791469302,#3,#4,1791469302);
#4806=IFCPROPERTYSET('1qBorj7nLDfR5fpPXGifWo',#4805,'Pset_WindowCommon',$,(#4809,#4810));
#4807=IFCOWNERHISTORY(#3,#4,.READWRITE.,.ADDED.,1791469302,#3,#4,1791469302);
#4808=IFCRELDEFINESBYPROPERTIES('3fiGa4F11EBOv01AbMJ$fg',#4807,$,$,(#4781),#4806);
#4809=IFCPROPERTYSINGLEVALUE('IsExternal',$,IFCBOOLEAN(.T.),$);
#4810=IFCPROPERTYSINGLEVALUE('Reference',$,IFCIDENTIFIER('Hebe-Schiebe-Element O 06'),$);
#4811=IFCOWNERHISTORY(#3,#4,.READWRITE.,.ADDED.,1791469302,#3,#4,1791469302);
#4812=IFCPROPERTYSET('05Z5OSQZL1OxaDaTxHmWmh',#4811,'Oberhofer_Info',$,(#4815,#4816,#4817,#4818,#4819));
#4813=IFCOWNERHISTORY(#3,#4,.READWRITE.,.ADDED.,1791469302,#3,#4,1791469302);
#4814=IFCRELDEFINESBYPROPERTIES('0c427LklfAVR9kUgp0AUuD',#4813,$,$,(#4781),#4812);
#4815=IFCPROPERTYSINGLEVALUE('Status',$,IFCLABEL('Neubau Vorentwurf V1'),$);
#4816=IFCPROPERTYSINGLEVALUE('Quelle',$,IFCLABEL('Annahme: Fensteranordnung (0.1.5 zeigt keine Fensterma\X2\00DF\X0\e)'),$);
#4817=IFCPROPERTYSINGLEVALUE('Bruestung_ueber_Gelaende_m',$,IFCREAL(0.),$);
#4818=IFCPROPERTYSINGLEVALUE('Breite_m',$,IFCREAL(2.5),$);
#4819=IFCPROPERTYSINGLEVALUE('Hoehe_m',$,IFCREAL(2.3),$);
#4820=IFCOWNERHISTORY(#3,#4,.READWRITE.,.MODIFIED.,1791469302,#3,#4,1791469302);
#4821=IFCOPENINGELEMENT('1Ha1wdKrPDPuDzgjCO56gE',#4820,'\X2\00D6\X0\ffnung Fenster O 07',$,$,#4848,#4841,$);
#4827=IFCCARTESIANPOINT((0.,0.));
#4828=IFCCARTESIANPOINT((0.,0.6));
#4829=IFCCARTESIANPOINT((1.4000000000000021,0.6));
#4830=IFCCARTESIANPOINT((1.4000000000000021,0.));
#4831=IFCCARTESIANPOINT((0.,0.));
#4832=IFCPOLYLINE((#4827,#4828,#4829,#4830,#4831));
#4833=IFCDIRECTION((0.,0.,1.));
#4834=IFCARBITRARYCLOSEDPROFILEDEF(.AREA.,$,#4832);
#4835=IFCCARTESIANPOINT((0.,0.,0.));
#4836=IFCDIRECTION((0.,0.,1.));
#4837=IFCDIRECTION((1.,0.,0.));
#4838=IFCAXIS2PLACEMENT3D(#4835,#4836,#4837);
#4839=IFCEXTRUDEDAREASOLID(#4834,#4838,#4833,1.2999999999999998);
#4840=IFCSHAPEREPRESENTATION(#20,'Body','SweptSolid',(#4839));
#4841=IFCPRODUCTDEFINITIONSHAPE($,$,(#4840));
#4842=IFCOWNERHISTORY(#3,#4,.READWRITE.,.ADDED.,1791469302,#3,#4,1791469302);
#4843=IFCRELVOIDSELEMENT('1DKOBjFIn0xwYNGEaYZqBv',#4842,$,$,#2146,#4821);
#4844=IFCCARTESIANPOINT((5.,-0.10000000000000142,1.));
#4845=IFCDIRECTION((0.,0.,1.));
#4846=IFCDIRECTION((1.,2.4872570226969757E-17,0.));
#4847=IFCAXIS2PLACEMENT3D(#4844,#4845,#4846);
#4848=IFCLOCALPLACEMENT(#2151,#4847);
#4849=IFCOWNERHISTORY(#3,#4,.READWRITE.,.MODIFIED.,1791469302,#3,#4,1791469302);
#4850=IFCWINDOW('042fusX254LQT$oPDss9CC',#4849,'Fenster O 07',$,$,#4855,#4870,$,1.3,1.4);
#4851=IFCCARTESIANPOINT((-1.5869514354467822,38.17134832182344,1.));
#4852=IFCDIRECTION((0.,0.,1.));
#4853=IFCDIRECTION((-0.6172579500812035,0.7867608423539841,0.));
#4854=IFCAXIS2PLACEMENT3D(#4851,#4852,#4853);
#4855=IFCLOCALPLACEMENT(#134,#4854);
#4856=IFCCARTESIANPOINT((0.,0.));
#4857=IFCCARTESIANPOINT((0.,0.07));
#4858=IFCCARTESIANPOINT((1.4000000000000021,0.07));
#4859=IFCCARTESIANPOINT((1.4000000000000021,0.));
#4860=IFCCARTESIANPOINT((0.,0.));
#4861=IFCPOLYLINE((#4856,#4857,#4858,#4859,#4860));
#4862=IFCDIRECTION((0.,0.,1.));
#4863=IFCARBITRARYCLOSEDPROFILEDEF(.AREA.,$,#4861);
#4864=IFCCARTESIANPOINT((0.,0.,0.));
#4865=IFCDIRECTION((0.,0.,1.));
#4866=IFCDIRECTION((1.,0.,0.));
#4867=IFCAXIS2PLACEMENT3D(#4864,#4865,#4866);
#4868=IFCEXTRUDEDAREASOLID(#4863,#4867,#4862,1.2999999999999998);
#4869=IFCSHAPEREPRESENTATION(#20,'Body','SweptSolid',(#4868));
#4870=IFCPRODUCTDEFINITIONSHAPE($,$,(#4869));
#4871=IFCPRESENTATIONSTYLEASSIGNMENT((#437));
#4872=IFCSTYLEDITEM(#4868,(#4871),'Fenster/T\X2\00FC\X0\r anthrazit');
#4873=IFCRELFILLSELEMENT('1aJFh6nR9CTg1y7WrtfZ3m',#9585,$,$,#4821,#4850);
#4874=IFCOWNERHISTORY(#3,#4,.READWRITE.,.ADDED.,1791469302,#3,#4,1791469302);
#4875=IFCPROPERTYSET('2e4sDziZrCUAffvTbfTt0P',#4874,'Pset_WindowCommon',$,(#4878,#4879));
#4876=IFCOWNERHISTORY(#3,#4,.READWRITE.,.ADDED.,1791469302,#3,#4,1791469302);
#4877=IFCRELDEFINESBYPROPERTIES('0A$_y3krb8c8rYZtkbFlp8',#4876,$,$,(#4850),#4875);
#4878=IFCPROPERTYSINGLEVALUE('IsExternal',$,IFCBOOLEAN(.T.),$);
#4879=IFCPROPERTYSINGLEVALUE('Reference',$,IFCIDENTIFIER('Fenster O 07'),$);
#4880=IFCOWNERHISTORY(#3,#4,.READWRITE.,.ADDED.,1791469302,#3,#4,1791469302);
#4881=IFCPROPERTYSET('3V5ksdsSL6uvsoMV7ut1JZ',#4880,'Oberhofer_Info',$,(#4884,#4885,#4886,#4887,#4888));
#4882=IFCOWNERHISTORY(#3,#4,.READWRITE.,.ADDED.,1791469302,#3,#4,1791469302);
#4883=IFCRELDEFINESBYPROPERTIES('2hZoPqTQr8_9pDPfv0x_Jv',#4882,$,$,(#4850),#4881);
#4884=IFCPROPERTYSINGLEVALUE('Status',$,IFCLABEL('Neubau Vorentwurf V1'),$);
#4885=IFCPROPERTYSINGLEVALUE('Quelle',$,IFCLABEL('Annahme: Fensteranordnung (0.1.5 zeigt keine Fensterma\X2\00DF\X0\e)'),$);
#4886=IFCPROPERTYSINGLEVALUE('Bruestung_ueber_Gelaende_m',$,IFCREAL(1.),$);
#4887=IFCPROPERTYSINGLEVALUE('Breite_m',$,IFCREAL(1.4),$);
#4888=IFCPROPERTYSINGLEVALUE('Hoehe_m',$,IFCREAL(1.3),$);
#4889=IFCOWNERHISTORY(#3,#4,.READWRITE.,.MODIFIED.,1791469302,#3,#4,1791469302);
#4890=IFCOPENINGELEMENT('1mdX536xjEveeQmIT43xW6',#4889,'\X2\00D6\X0\ffnung Haust\X2\00FC\X0\r N 08',$,$,#4917,#4910,$);
#4896=IFCCARTESIANPOINT((0.,0.));
#4897=IFCCARTESIANPOINT((0.,0.6));
#4898=IFCCARTESIANPOINT((1.1000000000000005,0.6));
#4899=IFCCARTESIANPOINT((1.1000000000000005,0.));
#4900=IFCCARTESIANPOINT((0.,0.));
#4901=IFCPOLYLINE((#4896,#4897,#4898,#4899,#4900));
#4902=IFCDIRECTION((0.,0.,1.));
#4903=IFCARBITRARYCLOSEDPROFILEDEF(.AREA.,$,#4901);
#4904=IFCCARTESIANPOINT((0.,0.,0.));
#4905=IFCDIRECTION((0.,0.,1.));
#4906=IFCDIRECTION((1.,0.,0.));
#4907=IFCAXIS2PLACEMENT3D(#4904,#4905,#4906);
#4908=IFCEXTRUDEDAREASOLID(#4903,#4907,#4902,2.3);
#4909=IFCSHAPEREPRESENTATION(#20,'Body','SweptSolid',(#4908));
#4910=IFCPRODUCTDEFINITIONSHAPE($,$,(#4909));
#4911=IFCOWNERHISTORY(#3,#4,.READWRITE.,.ADDED.,1791469302,#3,#4,1791469302);
#4912=IFCRELVOIDSELEMENT('3sqtxNYQ5DQ84bwyOuBHdt',#4911,$,$,#2058,#4890);
#4913=IFCCARTESIANPOINT((5.150000000000006,-0.09999999999999432,0.));
#4914=IFCDIRECTION((0.,0.,1.));
#4915=IFCDIRECTION((1.,-6.053968852789902E-18,0.));
#4916=IFCAXIS2PLACEMENT3D(#4913,#4914,#4915);
#4917=IFCLOCALPLACEMENT(#2063,#4916);
#4918=IFCOWNERHISTORY(#3,#4,.READWRITE.,.MODIFIED.,1791469302,#3,#4,1791469302);
#4919=IFCDOOR('3gf8mW$hX97gONafEmXYI9',#4918,'Haust\X2\00FC\X0\r N 08',$,$,#4924,#4939,$,2.3,1.1);
#4920=IFCCARTESIANPOINT((-7.912454015333887,37.98772612316109,0.));
#4921=IFCDIRECTION((0.,0.,1.));
#4922=IFCDIRECTION((-0.7867608423539841,-0.6172579500812035,0.));
#4923=IFCAXIS2PLACEMENT3D(#4920,#4921,#4922);
#4924=IFCLOCALPLACEMENT(#134,#4923);
#4925=IFCCARTESIANPOINT((0.,0.));
#4926=IFCCARTESIANPOINT((0.,0.05));
#4927=IFCCARTESIANPOINT((1.1000000000000005,0.05));
#4928=IFCCARTESIANPOINT((1.1000000000000005,0.));
#4929=IFCCARTESIANPOINT((0.,0.));
#4930=IFCPOLYLINE((#4925,#4926,#4927,#4928,#4929));
#4931=IFCDIRECTION((0.,0.,1.));
#4932=IFCARBITRARYCLOSEDPROFILEDEF(.AREA.,$,#4930);
#4933=IFCCARTESIANPOINT((0.,0.,0.));
#4934=IFCDIRECTION((0.,0.,1.));
#4935=IFCDIRECTION((1.,0.,0.));
#4936=IFCAXIS2PLACEMENT3D(#4933,#4934,#4935);
#4937=IFCEXTRUDEDAREASOLID(#4932,#4936,#4931,2.3);
#4938=IFCSHAPEREPRESENTATION(#20,'Body','SweptSolid',(#4937));
#4939=IFCPRODUCTDEFINITIONSHAPE($,$,(#4938));
#4940=IFCPRESENTATIONSTYLEASSIGNMENT((#437));
#4941=IFCSTYLEDITEM(#4937,(#4940),'Fenster/T\X2\00FC\X0\r anthrazit');
#4942=IFCRELFILLSELEMENT('308cFQnBT5PBNWx8H3tAFX',#9585,$,$,#4890,#4919);
#4943=IFCOWNERHISTORY(#3,#4,.READWRITE.,.ADDED.,1791469302,#3,#4,1791469302);
#4944=IFCPROPERTYSET('2Zq3cdnaXBXhF_YIRZy$he',#4943,'Pset_DoorCommon',$,(#4947,#4948));
#4945=IFCOWNERHISTORY(#3,#4,.READWRITE.,.ADDED.,1791469302,#3,#4,1791469302);
#4946=IFCRELDEFINESBYPROPERTIES('2Rehfh2ZLEYhVTTLoMvGsm',#4945,$,$,(#4919),#4944);
#4947=IFCPROPERTYSINGLEVALUE('IsExternal',$,IFCBOOLEAN(.T.),$);
#4948=IFCPROPERTYSINGLEVALUE('Reference',$,IFCIDENTIFIER('Haust\X2\00FC\X0\r N 08'),$);
#4949=IFCOWNERHISTORY(#3,#4,.READWRITE.,.ADDED.,1791469302,#3,#4,1791469302);
#4950=IFCPROPERTYSET('0MQfNKJJ55kw61vxlPe_gh',#4949,'Oberhofer_Info',$,(#4953,#4954,#4955,#4956,#4957));
#4951=IFCOWNERHISTORY(#3,#4,.READWRITE.,.ADDED.,1791469302,#3,#4,1791469302);
#4952=IFCRELDEFINESBYPROPERTIES('0135ak2dX63vuQq$hokp4w',#4951,$,$,(#4919),#4950);
#4953=IFCPROPERTYSINGLEVALUE('Status',$,IFCLABEL('Neubau Vorentwurf V1'),$);
#4954=IFCPROPERTYSINGLEVALUE('Quelle',$,IFCLABEL('Annahme nach Raumteilung 0.1.5'),$);
#4955=IFCPROPERTYSINGLEVALUE('Bruestung_ueber_Gelaende_m',$,IFCREAL(0.),$);
#4956=IFCPROPERTYSINGLEVALUE('Breite_m',$,IFCREAL(1.1),$);
#4957=IFCPROPERTYSINGLEVALUE('Hoehe_m',$,IFCREAL(2.3),$);
#4958=IFCOWNERHISTORY(#3,#4,.READWRITE.,.MODIFIED.,1791469302,#3,#4,1791469302);
#4959=IFCOPENINGELEMENT('0JeARsNob5zvS7Tg9ZkWbw',#4958,'\X2\00D6\X0\ffnung Fenstert\X2\00FC\X0\r N 09',$,$,#4986,#4979,$);
#4965=IFCCARTESIANPOINT((0.,0.));
#4966=IFCCARTESIANPOINT((0.,0.6));
#4967=IFCCARTESIANPOINT((0.5000000000000027,0.6));
#4968=IFCCARTESIANPOINT((0.5000000000000027,0.));
#4969=IFCCARTESIANPOINT((0.,0.));
#4970=IFCPOLYLINE((#4965,#4966,#4967,#4968,#4969));
#4971=IFCDIRECTION((0.,0.,1.));
#4972=IFCARBITRARYCLOSEDPROFILEDEF(.AREA.,$,#4970);
#4973=IFCCARTESIANPOINT((0.,0.,0.));
#4974=IFCDIRECTION((0.,0.,1.));
#4975=IFCDIRECTION((1.,0.,0.));
#4976=IFCAXIS2PLACEMENT3D(#4973,#4974,#4975);
#4977=IFCEXTRUDEDAREASOLID(#4972,#4976,#4971,2.3);
#4978=IFCSHAPEREPRESENTATION(#20,'Body','SweptSolid',(#4977));
#4979=IFCPRODUCTDEFINITIONSHAPE($,$,(#4978));
#4980=IFCOWNERHISTORY(#3,#4,.READWRITE.,.ADDED.,1791469302,#3,#4,1791469302);
#4981=IFCRELVOIDSELEMENT('3ED6rlsjDBefLEJEkRTw0Z',#4980,$,$,#2058,#4959);
#4982=IFCCARTESIANPOINT((4.550000000000008,-0.09999999999999432,0.));
#4983=IFCDIRECTION((0.,0.,1.));
#4984=IFCDIRECTION((1.,-6.053968852789902E-18,0.));
#4985=IFCAXIS2PLACEMENT3D(#4982,#4983,#4984);
#4986=IFCLOCALPLACEMENT(#2063,#4985);
#4987=IFCOWNERHISTORY(#3,#4,.READWRITE.,.MODIFIED.,1791469302,#3,#4,1791469302);
#4988=IFCWINDOW('0TPvUpNkPF2wU8qUfCMn6A',#4987,'Fenstert\X2\00FC\X0\r N 09',$,$,#4993,#5008,$,2.3,0.5);
#4989=IFCCARTESIANPOINT((-7.428052350919875,38.342345676362726,0.));
#4990=IFCDIRECTION((0.,0.,1.));
#4991=IFCDIRECTION((-0.7867608423539841,-0.6172579500812035,0.));
#4992=IFCAXIS2PLACEMENT3D(#4989,#4990,#4991);
#4993=IFCLOCALPLACEMENT(#134,#4992);
#4994=IFCCARTESIANPOINT((0.,0.));
#4995=IFCCARTESIANPOINT((0.,0.07));
#4996=IFCCARTESIANPOINT((0.5000000000000027,0.07));
#4997=IFCCARTESIANPOINT((0.5000000000000027,0.));
#4998=IFCCARTESIANPOINT((0.,0.));
#4999=IFCPOLYLINE((#4994,#4995,#4996,#4997,#4998));
#5000=IFCDIRECTION((0.,0.,1.));
#5001=IFCARBITRARYCLOSEDPROFILEDEF(.AREA.,$,#4999);
#5002=IFCCARTESIANPOINT((0.,0.,0.));
#5003=IFCDIRECTION((0.,0.,1.));
#5004=IFCDIRECTION((1.,0.,0.));
#5005=IFCAXIS2PLACEMENT3D(#5002,#5003,#5004);
#5006=IFCEXTRUDEDAREASOLID(#5001,#5005,#5000,2.3);
#5007=IFCSHAPEREPRESENTATION(#20,'Body','SweptSolid',(#5006));
#5008=IFCPRODUCTDEFINITIONSHAPE($,$,(#5007));
#5009=IFCPRESENTATIONSTYLEASSIGNMENT((#437));
#5010=IFCSTYLEDITEM(#5006,(#5009),'Fenster/T\X2\00FC\X0\r anthrazit');
#5011=IFCRELFILLSELEMENT('2QC27brvf3vBNhyAyhcfDp',#9585,$,$,#4959,#4988);
#5012=IFCOWNERHISTORY(#3,#4,.READWRITE.,.ADDED.,1791469302,#3,#4,1791469302);
#5013=IFCPROPERTYSET('2bK5CqSqzA0gCF6BFgi1km',#5012,'Pset_WindowCommon',$,(#5016,#5017));
#5014=IFCOWNERHISTORY(#3,#4,.READWRITE.,.ADDED.,1791469302,#3,#4,1791469302);
#5015=IFCRELDEFINESBYPROPERTIES('2xICkjM150GBi3Ayl5kR2M',#5014,$,$,(#4988),#5013);
#5016=IFCPROPERTYSINGLEVALUE('IsExternal',$,IFCBOOLEAN(.T.),$);
#5017=IFCPROPERTYSINGLEVALUE('Reference',$,IFCIDENTIFIER('Fenstert\X2\00FC\X0\r N 09'),$);
#5018=IFCOWNERHISTORY(#3,#4,.READWRITE.,.ADDED.,1791469302,#3,#4,1791469302);
#5019=IFCPROPERTYSET('0O0D9MEpHCbuJCtrFz324_',#5018,'Oberhofer_Info',$,(#5022,#5023,#5024,#5025,#5026));
#5020=IFCOWNERHISTORY(#3,#4,.READWRITE.,.ADDED.,1791469302,#3,#4,1791469302);
#5021=IFCRELDEFINESBYPROPERTIES('3qZHnwDaj5wAELcSQ_oPrU',#5020,$,$,(#4988),#5019);
#5022=IFCPROPERTYSINGLEVALUE('Status',$,IFCLABEL('Neubau Vorentwurf V1'),$);
#5023=IFCPROPERTYSINGLEVALUE('Quelle',$,IFCLABEL('Annahme nach Raumteilung 0.1.5'),$);
#5024=IFCPROPERTYSINGLEVALUE('Bruestung_ueber_Gelaende_m',$,IFCREAL(0.),$);
#5025=IFCPROPERTYSINGLEVALUE('Breite_m',$,IFCREAL(0.5),$);
#5026=IFCPROPERTYSINGLEVALUE('Hoehe_m',$,IFCREAL(2.3),$);
#5027=IFCOWNERHISTORY(#3,#4,.READWRITE.,.MODIFIED.,1791469302,#3,#4,1791469302);
#5028=IFCOPENINGELEMENT('3s$b9A$3XCHvCef2lx7QN1',#5027,'\X2\00D6\X0\ffnung Fenster N 10',$,$,#5055,#5048,$);
#5034=IFCCARTESIANPOINT((0.,0.));
#5035=IFCCARTESIANPOINT((0.,0.6));
#5036=IFCCARTESIANPOINT((1.4000000000000021,0.6));
#5037=IFCCARTESIANPOINT((1.4000000000000021,0.));
#5038=IFCCARTESIANPOINT((0.,0.));
#5039=IFCPOLYLINE((#5034,#5035,#5036,#5037,#5038));
#5040=IFCDIRECTION((0.,0.,1.));
#5041=IFCARBITRARYCLOSEDPROFILEDEF(.AREA.,$,#5039);
#5042=IFCCARTESIANPOINT((0.,0.,0.));
#5043=IFCDIRECTION((0.,0.,1.));
#5044=IFCDIRECTION((1.,0.,0.));
#5045=IFCAXIS2PLACEMENT3D(#5042,#5043,#5044);
#5046=IFCEXTRUDEDAREASOLID(#5041,#5045,#5040,0.6999999999999997);
#5047=IFCSHAPEREPRESENTATION(#20,'Body','SweptSolid',(#5046));
#5048=IFCPRODUCTDEFINITIONSHAPE($,$,(#5047));
#5049=IFCOWNERHISTORY(#3,#4,.READWRITE.,.ADDED.,1791469302,#3,#4,1791469302);
#5050=IFCRELVOIDSELEMENT('1KnIHHGq13ExJUa4D7Us9$',#5049,$,$,#2058,#5028);
#5051=IFCCARTESIANPOINT((16.500000000000007,-0.09999999999999432,1.6));
#5052=IFCDIRECTION((0.,0.,1.));
#5053=IFCDIRECTION((1.,-6.053968852789902E-18,0.));
#5054=IFCAXIS2PLACEMENT3D(#5051,#5052,#5053);
#5055=IFCLOCALPLACEMENT(#2063,#5054);
#5056=IFCOWNERHISTORY(#3,#4,.READWRITE.,.MODIFIED.,1791469320,#3,#4,1791469302);
#5057=IFCWINDOW('2IpDSvHv9DNxP2ZBvpbq3w',#5056,'Fenster N 10',$,$,#5062,#5077,$,0.7,1.4);
#5058=IFCCARTESIANPOINT((-16.82984441704998,30.966113172892346,1.6));
#5059=IFCDIRECTION((0.,0.,1.));
#5060=IFCDIRECTION((-0.7867608423539841,-0.6172579500812035,0.));
#5061=IFCAXIS2PLACEMENT3D(#5058,#5059,#5060);
#5062=IFCLOCALPLACEMENT(#134,#5061);
#5063=IFCCARTESIANPOINT((0.,0.));
#5064=IFCCARTESIANPOINT((0.,0.07));
#5065=IFCCARTESIANPOINT((1.4000000000000021,0.07));
#5066=IFCCARTESIANPOINT((1.4000000000000021,0.));
#5067=IFCCARTESIANPOINT((0.,0.));
#5068=IFCPOLYLINE((#5063,#5064,#5065,#5066,#5067));
#5069=IFCDIRECTION((0.,0.,1.));
#5070=IFCARBITRARYCLOSEDPROFILEDEF(.AREA.,$,#5068);
#5071=IFCCARTESIANPOINT((0.,0.,0.));
#5072=IFCDIRECTION((0.,0.,1.));
#5073=IFCDIRECTION((1.,0.,0.));
#5074=IFCAXIS2PLACEMENT3D(#5071,#5072,#5073);
#5075=IFCEXTRUDEDAREASOLID(#5070,#5074,#5069,0.6999999999999997);
#5076=IFCSHAPEREPRESENTATION(#20,'Body','SweptSolid',(#5075));
#5077=IFCPRODUCTDEFINITIONSHAPE($,$,(#5076));
#5078=IFCPRESENTATIONSTYLEASSIGNMENT((#437));
#5079=IFCSTYLEDITEM(#5075,(#5078),'Fenster/T\X2\00FC\X0\r anthrazit');
#5080=IFCRELFILLSELEMENT('1BPMuCopj4Ef5KP_UtJaGZ',#9585,$,$,#5028,#5057);
#5081=IFCOWNERHISTORY(#3,#4,.READWRITE.,.ADDED.,1791469320,#3,#4,1791469320);
#5082=IFCPROPERTYSET('3WzqZiC5n02fpyxa0xsvwx',#5081,'Pset_WindowCommon',$,(#5085,#5086));
#5083=IFCOWNERHISTORY(#3,#4,.READWRITE.,.ADDED.,1791469320,#3,#4,1791469320);
#5084=IFCRELDEFINESBYPROPERTIES('0DD5hpD8n6BQsIOrP11Wph',#5083,$,$,(#5057),#5082);
#5085=IFCPROPERTYSINGLEVALUE('IsExternal',$,IFCBOOLEAN(.T.),$);
#5086=IFCPROPERTYSINGLEVALUE('Reference',$,IFCIDENTIFIER('Fenster N 10'),$);
#5087=IFCOWNERHISTORY(#3,#4,.READWRITE.,.ADDED.,1791469320,#3,#4,1791469320);
#5088=IFCPROPERTYSET('0K$D_J6sD7GfMWDYIzeSTU',#5087,'Oberhofer_Info',$,(#5091,#5092,#5093,#5094,#5095));
#5089=IFCOWNERHISTORY(#3,#4,.READWRITE.,.ADDED.,1791469320,#3,#4,1791469320);
#5090=IFCRELDEFINESBYPROPERTIES('0a3JrMrF93qBuu4FF3wS6A',#5089,$,$,(#5057),#5088);
#5091=IFCPROPERTYSINGLEVALUE('Status',$,IFCLABEL('Neubau Vorentwurf V1'),$);
#5092=IFCPROPERTYSINGLEVALUE('Quelle',$,IFCLABEL('Annahme nach Raumteilung 0.1.5'),$);
#5093=IFCPROPERTYSINGLEVALUE('Bruestung_ueber_Gelaende_m',$,IFCREAL(1.6),$);
#5094=IFCPROPERTYSINGLEVALUE('Breite_m',$,IFCREAL(1.4),$);
#5095=IFCPROPERTYSINGLEVALUE('Hoehe_m',$,IFCREAL(0.7),$);
#5096=IFCOWNERHISTORY(#3,#4,.READWRITE.,.MODIFIED.,1791469320,#3,#4,1791469320);
#5097=IFCOPENINGELEMENT('3IitLS2$P9AvemP8wD$f$3',#5096,'\X2\00D6\X0\ffnung Fenster N 11',$,$,#5124,#5117,$);
#5103=IFCCARTESIANPOINT((0.,0.));
#5104=IFCCARTESIANPOINT((0.,0.6));
#5105=IFCCARTESIANPOINT((1.4000000000000004,0.6));
#5106=IFCCARTESIANPOINT((1.4000000000000004,0.));
#5107=IFCCARTESIANPOINT((0.,0.));
#5108=IFCPOLYLINE((#5103,#5104,#5105,#5106,#5107));
#5109=IFCDIRECTION((0.,0.,1.));
#5110=IFCARBITRARYCLOSEDPROFILEDEF(.AREA.,$,#5108);
#5111=IFCCARTESIANPOINT((0.,0.,0.));
#5112=IFCDIRECTION((0.,0.,1.));
#5113=IFCDIRECTION((1.,0.,0.));
#5114=IFCAXIS2PLACEMENT3D(#5111,#5112,#5113);
#5115=IFCEXTRUDEDAREASOLID(#5110,#5114,#5109,1.0999999999999999);
#5116=IFCSHAPEREPRESENTATION(#20,'Body','SweptSolid',(#5115));
#5117=IFCPRODUCTDEFINITIONSHAPE($,$,(#5116));
#5118=IFCOWNERHISTORY(#3,#4,.READWRITE.,.ADDED.,1791469320,#3,#4,1791469320);
#5119=IFCRELVOIDSELEMENT('0b1IwpaQz6x8Rszu84_6ij',#5118,$,$,#2058,#5097);
#5120=IFCCARTESIANPOINT((11.400000000000007,-0.09999999999999432,1.2));
#5121=IFCDIRECTION((0.,0.,1.));
#5122=IFCDIRECTION((1.,-6.053968852789902E-18,0.));
#5123=IFCAXIS2PLACEMENT3D(#5120,#5121,#5122);
#5124=IFCLOCALPLACEMENT(#2063,#5123);
#5125=IFCOWNERHISTORY(#3,#4,.READWRITE.,.MODIFIED.,1791469320,#3,#4,1791469320);
#5126=IFCWINDOW('1ssonq34n4MBMY9ipfB0rV',#5125,'Fenster N 11',$,$,#5131,#5146,$,1.1,1.4);
#5127=IFCCARTESIANPOINT((-12.817364121044665,34.11412871830648,1.2));
#5128=IFCDIRECTION((0.,0.,1.));
#5129=IFCDIRECTION((-0.7867608423539841,-0.6172579500812035,0.));
#5130=IFCAXIS2PLACEMENT3D(#5127,#5128,#5129);
#5131=IFCLOCALPLACEMENT(#134,#5130);
#5132=IFCCARTESIANPOINT((0.,0.));
#5133=IFCCARTESIANPOINT((0.,0.07));
#5134=IFCCARTESIANPOINT((1.4000000000000004,0.07));
#5135=IFCCARTESIANPOINT((1.4000000000000004,0.));
#5136=IFCCARTESIANPOINT((0.,0.));
#5137=IFCPOLYLINE((#5132,#5133,#5134,#5135,#5136));
#5138=IFCDIRECTION((0.,0.,1.));
#5139=IFCARBITRARYCLOSEDPROFILEDEF(.AREA.,$,#5137);
#5140=IFCCARTESIANPOINT((0.,0.,0.));
#5141=IFCDIRECTION((0.,0.,1.));
#5142=IFCDIRECTION((1.,0.,0.));
#5143=IFCAXIS2PLACEMENT3D(#5140,#5141,#5142);
#5144=IFCEXTRUDEDAREASOLID(#5139,#5143,#5138,1.0999999999999999);
#5145=IFCSHAPEREPRESENTATION(#20,'Body','SweptSolid',(#5144));
#5146=IFCPRODUCTDEFINITIONSHAPE($,$,(#5145));
#5147=IFCPRESENTATIONSTYLEASSIGNMENT((#437));
#5148=IFCSTYLEDITEM(#5144,(#5147),'Fenster/T\X2\00FC\X0\r anthrazit');
#5149=IFCRELFILLSELEMENT('2N1ivNwlH4CfMdC9$UQkiq',#9585,$,$,#5097,#5126);
#5150=IFCOWNERHISTORY(#3,#4,.READWRITE.,.ADDED.,1791469320,#3,#4,1791469320);
#5151=IFCPROPERTYSET('3IujFJtXX0TeqfApERXvvY',#5150,'Pset_WindowCommon',$,(#5154,#5155));
#5152=IFCOWNERHISTORY(#3,#4,.READWRITE.,.ADDED.,1791469320,#3,#4,1791469320);
#5153=IFCRELDEFINESBYPROPERTIES('3cOeIJOq12SutxVdn8Deim',#5152,$,$,(#5126),#5151);
#5154=IFCPROPERTYSINGLEVALUE('IsExternal',$,IFCBOOLEAN(.T.),$);
#5155=IFCPROPERTYSINGLEVALUE('Reference',$,IFCIDENTIFIER('Fenster N 11'),$);
#5156=IFCOWNERHISTORY(#3,#4,.READWRITE.,.ADDED.,1791469320,#3,#4,1791469320);
#5157=IFCPROPERTYSET('2B8$Q2jWfENO$WNJgUrnB7',#5156,'Oberhofer_Info',$,(#5160,#5161,#5162,#5163,#5164));
#5158=IFCOWNERHISTORY(#3,#4,.READWRITE.,.ADDED.,1791469320,#3,#4,1791469320);
#5159=IFCRELDEFINESBYPROPERTIES('2kAP2cqnr2HeF_B3eTL7qn',#5158,$,$,(#5126),#5157);
#5160=IFCPROPERTYSINGLEVALUE('Status',$,IFCLABEL('Neubau Vorentwurf V1'),$);
#5161=IFCPROPERTYSINGLEVALUE('Quelle',$,IFCLABEL('Annahme nach Raumteilung 0.1.5'),$);
#5162=IFCPROPERTYSINGLEVALUE('Bruestung_ueber_Gelaende_m',$,IFCREAL(1.2),$);
#5163=IFCPROPERTYSINGLEVALUE('Breite_m',$,IFCREAL(1.4),$);
#5164=IFCPROPERTYSINGLEVALUE('Hoehe_m',$,IFCREAL(1.1),$);
#5165=IFCOWNERHISTORY(#3,#4,.READWRITE.,.MODIFIED.,1791469320,#3,#4,1791469320);
#5166=IFCOPENINGELEMENT('2NHlAiSJXErxUMFaHpboW6',#5165,'\X2\00D6\X0\ffnung Fenster N 12',$,$,#5193,#5186,$);
#5172=IFCCARTESIANPOINT((0.,0.));
#5173=IFCCARTESIANPOINT((0.,0.6));
#5174=IFCCARTESIANPOINT((1.0000000000000009,0.6));
#5175=IFCCARTESIANPOINT((1.0000000000000009,0.));
#5176=IFCCARTESIANPOINT((0.,0.));
#5177=IFCPOLYLINE((#5172,#5173,#5174,#5175,#5176));
#5178=IFCDIRECTION((0.,0.,1.));
#5179=IFCARBITRARYCLOSEDPROFILEDEF(.AREA.,$,#5177);
#5180=IFCCARTESIANPOINT((0.,0.,0.));
#5181=IFCDIRECTION((0.,0.,1.));
#5182=IFCDIRECTION((1.,0.,0.));
#5183=IFCAXIS2PLACEMENT3D(#5180,#5181,#5182);
#5184=IFCEXTRUDEDAREASOLID(#5179,#5183,#5178,1.0999999999999999);
#5185=IFCSHAPEREPRESENTATION(#20,'Body','SweptSolid',(#5184));
#5186=IFCPRODUCTDEFINITIONSHAPE($,$,(#5185));
#5187=IFCOWNERHISTORY(#3,#4,.READWRITE.,.ADDED.,1791469320,#3,#4,1791469320);
#5188=IFCRELVOIDSELEMENT('2L75RmI7H2DPPGrlDFOVYH',#5187,$,$,#2058,#5166);
#5189=IFCCARTESIANPOINT((1.600000000000005,-0.09999999999999432,1.2));
#5190=IFCDIRECTION((0.,0.,1.));
#5191=IFCDIRECTION((1.,-6.053968852789902E-18,0.));
#5192=IFCAXIS2PLACEMENT3D(#5189,#5190,#5191);
#5193=IFCLOCALPLACEMENT(#2063,#5192);
#5194=IFCOWNERHISTORY(#3,#4,.READWRITE.,.MODIFIED.,1791469320,#3,#4,1791469320);
#5195=IFCWINDOW('0kKm1Wl7T8z9G5rjYvlXJg',#5194,'Fenster N 12',$,$,#5200,#5215,$,1.1,1.);
#5196=IFCCARTESIANPOINT((-5.10710786597562,40.16325662910228,1.2));
#5197=IFCDIRECTION((0.,0.,1.));
#5198=IFCDIRECTION((-0.7867608423539841,-0.6172579500812035,0.));
#5199=IFCAXIS2PLACEMENT3D(#5196,#5197,#5198);
#5200=IFCLOCALPLACEMENT(#134,#5199);
#5201=IFCCARTESIANPOINT((0.,0.));
#5202=IFCCARTESIANPOINT((0.,0.07));
#5203=IFCCARTESIANPOINT((1.0000000000000009,0.07));
#5204=IFCCARTESIANPOINT((1.0000000000000009,0.));
#5205=IFCCARTESIANPOINT((0.,0.));
#5206=IFCPOLYLINE((#5201,#5202,#5203,#5204,#5205));
#5207=IFCDIRECTION((0.,0.,1.));
#5208=IFCARBITRARYCLOSEDPROFILEDEF(.AREA.,$,#5206);
#5209=IFCCARTESIANPOINT((0.,0.,0.));
#5210=IFCDIRECTION((0.,0.,1.));
#5211=IFCDIRECTION((1.,0.,0.));
#5212=IFCAXIS2PLACEMENT3D(#5209,#5210,#5211);
#5213=IFCEXTRUDEDAREASOLID(#5208,#5212,#5207,1.0999999999999999);
#5214=IFCSHAPEREPRESENTATION(#20,'Body','SweptSolid',(#5213));
#5215=IFCPRODUCTDEFINITIONSHAPE($,$,(#5214));
#5216=IFCPRESENTATIONSTYLEASSIGNMENT((#437));
#5217=IFCSTYLEDITEM(#5213,(#5216),'Fenster/T\X2\00FC\X0\r anthrazit');
#5218=IFCRELFILLSELEMENT('0IN70H2EL4WRuM9KyuLLzj',#9585,$,$,#5166,#5195);
#5219=IFCOWNERHISTORY(#3,#4,.READWRITE.,.ADDED.,1791469320,#3,#4,1791469320);
#5220=IFCPROPERTYSET('1yJi2Gzu56nfkGxq_b54HA',#5219,'Pset_WindowCommon',$,(#5223,#5224));
#5221=IFCOWNERHISTORY(#3,#4,.READWRITE.,.ADDED.,1791469320,#3,#4,1791469320);
#5222=IFCRELDEFINESBYPROPERTIES('1gk_fjvlb5mPl6PkkNkKdn',#5221,$,$,(#5195),#5220);
#5223=IFCPROPERTYSINGLEVALUE('IsExternal',$,IFCBOOLEAN(.T.),$);
#5224=IFCPROPERTYSINGLEVALUE('Reference',$,IFCIDENTIFIER('Fenster N 12'),$);
#5225=IFCOWNERHISTORY(#3,#4,.READWRITE.,.ADDED.,1791469320,#3,#4,1791469320);
#5226=IFCPROPERTYSET('19FpnXhJH6sR_iykITJSg9',#5225,'Oberhofer_Info',$,(#5229,#5230,#5231,#5232,#5233));
#5227=IFCOWNERHISTORY(#3,#4,.READWRITE.,.ADDED.,1791469320,#3,#4,1791469320);
#5228=IFCRELDEFINESBYPROPERTIES('2uCa3tE0TAdQu_O3xxy9Yz',#5227,$,$,(#5195),#5226);
#5229=IFCPROPERTYSINGLEVALUE('Status',$,IFCLABEL('Neubau Vorentwurf V1'),$);
#5230=IFCPROPERTYSINGLEVALUE('Quelle',$,IFCLABEL('Annahme nach Raumteilung 0.1.5'),$);
#5231=IFCPROPERTYSINGLEVALUE('Bruestung_ueber_Gelaende_m',$,IFCREAL(1.2),$);
#5232=IFCPROPERTYSINGLEVALUE('Breite_m',$,IFCREAL(1.),$);
#5233=IFCPROPERTYSINGLEVALUE('Hoehe_m',$,IFCREAL(1.1),$);
#5234=IFCOWNERHISTORY(#3,#4,.READWRITE.,.MODIFIED.,1791469320,#3,#4,1791469320);
#5235=IFCOPENINGELEMENT('1YxgDCWTj5LBBGcMnq1Mk1',#5234,'\X2\00D6\X0\ffnung Fenster W 13',$,$,#5262,#5255,$);
#5241=IFCCARTESIANPOINT((0.,0.));
#5242=IFCCARTESIANPOINT((0.,0.6));
#5243=IFCCARTESIANPOINT((1.8000000000000016,0.6));
#5244=IFCCARTESIANPOINT((1.8000000000000016,0.));
#5245=IFCCARTESIANPOINT((0.,0.));
#5246=IFCPOLYLINE((#5241,#5242,#5243,#5244,#5245));
#5247=IFCDIRECTION((0.,0.,1.));
#5248=IFCARBITRARYCLOSEDPROFILEDEF(.AREA.,$,#5246);
#5249=IFCCARTESIANPOINT((0.,0.,0.));
#5250=IFCDIRECTION((0.,0.,1.));
#5251=IFCDIRECTION((1.,0.,0.));
#5252=IFCAXIS2PLACEMENT3D(#5249,#5250,#5251);
#5253=IFCEXTRUDEDAREASOLID(#5248,#5252,#5247,1.4999999999999998);
#5254=IFCSHAPEREPRESENTATION(#20,'Body','SweptSolid',(#5253));
#5255=IFCPRODUCTDEFINITIONSHAPE($,$,(#5254));
#5256=IFCOWNERHISTORY(#3,#4,.READWRITE.,.ADDED.,1791469320,#3,#4,1791469320);
#5257=IFCRELVOIDSELEMENT('3yNQQYOrT7CvBTvIukUjvc',#5256,$,$,#2102,#5235);
#5258=IFCCARTESIANPOINT((5.599999999999998,-0.09999999999999876,0.8));
#5259=IFCDIRECTION((0.,0.,1.));
#5260=IFCDIRECTION((1.,2.4872570226969757E-17,0.));
#5261=IFCAXIS2PLACEMENT3D(#5258,#5259,#5260);
#5262=IFCLOCALPLACEMENT(#2107,#5261);
#5263=IFCOWNERHISTORY(#3,#4,.READWRITE.,.MODIFIED.,1791469320,#3,#4,1791469320);
#5264=IFCWINDOW('0OxxsvA9P7Bh31VrPu7Tj1',#5263,'Fenster W 13',$,$,#5269,#5284,$,1.5,1.8);
#5265=IFCCARTESIANPOINT((-15.083028648911352,24.786644371111553,0.8));
#5266=IFCDIRECTION((0.,0.,1.));
#5267=IFCDIRECTION((0.6172579500812035,-0.7867608423539841,0.));
#5268=IFCAXIS2PLACEMENT3D(#5265,#5266,#5267);
#5269=IFCLOCALPLACEMENT(#134,#5268);
#5270=IFCCARTESIANPOINT((0.,0.));
#5271=IFCCARTESIANPOINT((0.,0.07));
#5272=IFCCARTESIANPOINT((1.8000000000000016,0.07));
#5273=IFCCARTESIANPOINT((1.8000000000000016,0.));
#5274=IFCCARTESIANPOINT((0.,0.));
#5275=IFCPOLYLINE((#5270,#5271,#5272,#5273,#5274));
#5276=IFCDIRECTION((0.,0.,1.));
#5277=IFCARBITRARYCLOSEDPROFILEDEF(.AREA.,$,#5275);
#5278=IFCCARTESIANPOINT((0.,0.,0.));
#5279=IFCDIRECTION((0.,0.,1.));
#5280=IFCDIRECTION((1.,0.,0.));
#5281=IFCAXIS2PLACEMENT3D(#5278,#5279,#5280);
#5282=IFCEXTRUDEDAREASOLID(#5277,#5281,#5276,1.4999999999999998);
#5283=IFCSHAPEREPRESENTATION(#20,'Body','SweptSolid',(#5282));
#5284=IFCPRODUCTDEFINITIONSHAPE($,$,(#5283));
#5285=IFCPRESENTATIONSTYLEASSIGNMENT((#437));
#5286=IFCSTYLEDITEM(#5282,(#5285),'Fenster/T\X2\00FC\X0\r anthrazit');
#5287=IFCRELFILLSELEMENT('3sXKp58yD7Rw1KQuf47SZc',#9585,$,$,#5235,#5264);
#5288=IFCOWNERHISTORY(#3,#4,.READWRITE.,.ADDED.,1791469320,#3,#4,1791469320);
#5289=IFCPROPERTYSET('20m_B9O594AB4aGwVdEwCs',#5288,'Pset_WindowCommon',$,(#5292,#5293));
#5290=IFCOWNERHISTORY(#3,#4,.READWRITE.,.ADDED.,1791469320,#3,#4,1791469320);
#5291=IFCRELDEFINESBYPROPERTIES('17bhY7YPH5Jfn2NNJ12TUB',#5290,$,$,(#5264),#5289);
#5292=IFCPROPERTYSINGLEVALUE('IsExternal',$,IFCBOOLEAN(.T.),$);
#5293=IFCPROPERTYSINGLEVALUE('Reference',$,IFCIDENTIFIER('Fenster W 13'),$);
#5294=IFCOWNERHISTORY(#3,#4,.READWRITE.,.ADDED.,1791469320,#3,#4,1791469320);
#5295=IFCPROPERTYSET('17sqTIaHT6tPov25j2RttL',#5294,'Oberhofer_Info',$,(#5298,#5299,#5300,#5301,#5302));
#5296=IFCOWNERHISTORY(#3,#4,.READWRITE.,.ADDED.,1791469320,#3,#4,1791469320);
#5297=IFCRELDEFINESBYPROPERTIES('2DUb7_37XF$R2DzErPWCXa',#5296,$,$,(#5264),#5295);
#5298=IFCPROPERTYSINGLEVALUE('Status',$,IFCLABEL('Neubau Vorentwurf V1'),$);
#5299=IFCPROPERTYSINGLEVALUE('Quelle',$,IFCLABEL('Annahme nach Raumteilung 0.1.5'),$);
#5300=IFCPROPERTYSINGLEVALUE('Bruestung_ueber_Gelaende_m',$,IFCREAL(0.8),$);
#5301=IFCPROPERTYSINGLEVALUE('Breite_m',$,IFCREAL(1.8),$);
#5302=IFCPROPERTYSINGLEVALUE('Hoehe_m',$,IFCREAL(1.5),$);
#5303=IFCOWNERHISTORY(#3,#4,.READWRITE.,.MODIFIED.,1791469320,#3,#4,1791469320);
#5304=IFCOPENINGELEMENT('3jpP$QSCTDkvfEjk0I9xGz',#5303,'\X2\00D6\X0\ffnung Fenster W 14',$,$,#5331,#5324,$);
#5310=IFCCARTESIANPOINT((0.,0.));
#5311=IFCCARTESIANPOINT((0.,0.6));
#5312=IFCCARTESIANPOINT((1.0000000000000007,0.6));
#5313=IFCCARTESIANPOINT((1.0000000000000007,0.));
#5314=IFCCARTESIANPOINT((0.,0.));
#5315=IFCPOLYLINE((#5310,#5311,#5312,#5313,#5314));
#5316=IFCDIRECTION((0.,0.,1.));
#5317=IFCARBITRARYCLOSEDPROFILEDEF(.AREA.,$,#5315);
#5318=IFCCARTESIANPOINT((0.,0.,0.));
#5319=IFCDIRECTION((0.,0.,1.));
#5320=IFCDIRECTION((1.,0.,0.));
#5321=IFCAXIS2PLACEMENT3D(#5318,#5319,#5320);
#5322=IFCEXTRUDEDAREASOLID(#5317,#5321,#5316,0.6999999999999997);
#5323=IFCSHAPEREPRESENTATION(#20,'Body','SweptSolid',(#5322));
#5324=IFCPRODUCTDEFINITIONSHAPE($,$,(#5323));
#5325=IFCOWNERHISTORY(#3,#4,.READWRITE.,.ADDED.,1791469320,#3,#4,1791469320);
#5326=IFCRELVOIDSELEMENT('1daid_icr3vBxo6Ate8gB0',#5325,$,$,#2102,#5304);
#5327=IFCCARTESIANPOINT((1.1000000000000014,-0.09999999999999964,1.6));
#5328=IFCDIRECTION((0.,0.,1.));
#5329=IFCDIRECTION((1.,2.4872570226969757E-17,0.));
#5330=IFCAXIS2PLACEMENT3D(#5327,#5328,#5329);
#5331=IFCLOCALPLACEMENT(#2107,#5330);
#5332=IFCOWNERHISTORY(#3,#4,.READWRITE.,.MODIFIED.,1791469320,#3,#4,1791469320);
#5333=IFCWINDOW('0W59oT4fr7xAHE2UUITkwI',#5332,'Fenster W 14',$,$,#5338,#5353,$,0.7,1.);
#5334=IFCCARTESIANPOINT((-17.860689424276767,28.32706816170448,1.6));
#5335=IFCDIRECTION((0.,0.,1.));
#5336=IFCDIRECTION((0.6172579500812035,-0.7867608423539841,0.));
#5337=IFCAXIS2PLACEMENT3D(#5334,#5335,#5336);
#5338=IFCLOCALPLACEMENT(#134,#5337);
#5339=IFCCARTESIANPOINT((0.,0.));
#5340=IFCCARTESIANPOINT((0.,0.07));
#5341=IFCCARTESIANPOINT((1.0000000000000007,0.07));
#5342=IFCCARTESIANPOINT((1.0000000000000007,0.));
#5343=IFCCARTESIANPOINT((0.,0.));
#5344=IFCPOLYLINE((#5339,#5340,#5341,#5342,#5343));
#5345=IFCDIRECTION((0.,0.,1.));
#5346=IFCARBITRARYCLOSEDPROFILEDEF(.AREA.,$,#5344);
#5347=IFCCARTESIANPOINT((0.,0.,0.));
#5348=IFCDIRECTION((0.,0.,1.));
#5349=IFCDIRECTION((1.,0.,0.));
#5350=IFCAXIS2PLACEMENT3D(#5347,#5348,#5349);
#5351=IFCEXTRUDEDAREASOLID(#5346,#5350,#5345,0.6999999999999997);
#5352=IFCSHAPEREPRESENTATION(#20,'Body','SweptSolid',(#5351));
#5353=IFCPRODUCTDEFINITIONSHAPE($,$,(#5352));
#5354=IFCPRESENTATIONSTYLEASSIGNMENT((#437));
#5355=IFCSTYLEDITEM(#5351,(#5354),'Fenster/T\X2\00FC\X0\r anthrazit');
#5356=IFCRELFILLSELEMENT('1xr43RzeTB7A2ZF$DqDChq',#9585,$,$,#5304,#5333);
#5357=IFCOWNERHISTORY(#3,#4,.READWRITE.,.ADDED.,1791469320,#3,#4,1791469320);
#5358=IFCPROPERTYSET('2pBgsCOy1CQABbnYdNBK2u',#5357,'Pset_WindowCommon',$,(#5361,#5362));
#5359=IFCOWNERHISTORY(#3,#4,.READWRITE.,.ADDED.,1791469320,#3,#4,1791469320);
#5360=IFCRELDEFINESBYPROPERTIES('1NbRNlU3X0mwv$9Z7drZQx',#5359,$,$,(#5333),#5358);
#5361=IFCPROPERTYSINGLEVALUE('IsExternal',$,IFCBOOLEAN(.T.),$);
#5362=IFCPROPERTYSINGLEVALUE('Reference',$,IFCIDENTIFIER('Fenster W 14'),$);
#5363=IFCOWNERHISTORY(#3,#4,.READWRITE.,.ADDED.,1791469320,#3,#4,1791469320);
#5364=IFCPROPERTYSET('1dpqofxeD5EO1cH8kWqfea',#5363,'Oberhofer_Info',$,(#5367,#5368,#5369,#5370,#5371));
#5365=IFCOWNERHISTORY(#3,#4,.READWRITE.,.ADDED.,1791469320,#3,#4,1791469320);
#5366=IFCRELDEFINESBYPROPERTIES('1KkJK3Fhv4WgdT8sBbyNdk',#5365,$,$,(#5333),#5364);
#5367=IFCPROPERTYSINGLEVALUE('Status',$,IFCLABEL('Neubau Vorentwurf V1'),$);
#5368=IFCPROPERTYSINGLEVALUE('Quelle',$,IFCLABEL('Annahme nach Raumteilung 0.1.5'),$);
#5369=IFCPROPERTYSINGLEVALUE('Bruestung_ueber_Gelaende_m',$,IFCREAL(1.6),$);
#5370=IFCPROPERTYSINGLEVALUE('Breite_m',$,IFCREAL(1.),$);
#5371=IFCPROPERTYSINGLEVALUE('Hoehe_m',$,IFCREAL(0.7),$);
#5372=IFCOWNERHISTORY(#3,#4,.READWRITE.,.ADDED.,1791469320,#3,#4,1791469320);
#5373=IFCWALLTYPE('0ouQtf5YzF7Q_RABR2_H84',#5372,'IW Bestand 11,5 (Annahme)',$,$,$,$,$,'PARTITIONING',.USERDEFINED.);
#5374=IFCMATERIALLAYERSET((#5375,#5384,#5385),'IW Bestand 11,5 (Annahme)');
#5375=IFCMATERIALLAYER(#254,0.01,$);
#5376=IFCMATERIAL('Mauerwerk Innenwand Bestand (Annahme)');
#5377=IFCSURFACESTYLE('Mauerwerk Innenwand Bestand (Annahme)',.BOTH.,(#5378));
#5378=IFCSURFACESTYLESHADING(#5379);
#5379=IFCCOLOURRGB($,0.93,0.92,0.89);
#5380=IFCPRESENTATIONSTYLEASSIGNMENT((#5377));
#5381=IFCSTYLEDITEM($,(#5380),'Mauerwerk Innenwand Bestand (Annahme)');
#5382=IFCSTYLEDREPRESENTATION(#20,'Body',$,(#5381));
#5383=IFCMATERIALDEFINITIONREPRESENTATION($,$,(#5382),#5376);
#5384=IFCMATERIALLAYER(#5376,0.095,$);
#5385=IFCMATERIALLAYER(#254,0.01,$);
#5386=IFCOWNERHISTORY(#3,#4,.READWRITE.,.ADDED.,1791469320,#3,#4,1791469320);
#5387=IFCRELASSOCIATESMATERIAL('3aSxjcYaH4nQnrS1aSwVE8',#5386,$,$,(#5373),#5374);
#5388=IFCOWNERHISTORY(#3,#4,.READWRITE.,.ADDED.,1791469320,#3,#4,1791469320);
#5389=IFCWALLTYPE('3A6J6tY0D4vxHItymwC$eP',#5388,'IW Bestand DG 24 in Zwerchhaus-Wangenflucht (Annahme)',$,$,$,$,$,'SOLIDWALL',.USERDEFINED.);
#5390=IFCMATERIALLAYERSET((#5391),'IW Bestand DG 24 in Zwerchhaus-Wangenflucht (Annahme)');
#5391=IFCMATERIALLAYER(#5376,0.24,$);
#5392=IFCOWNERHISTORY(#3,#4,.READWRITE.,.ADDED.,1791469320,#3,#4,1791469320);
#5393=IFCRELASSOCIATESMATERIAL('3DyVFEIzXAIfK_FNI3cxY0',#5392,$,$,(#5389),#5390);
#5394=IFCOWNERHISTORY(#3,#4,.READWRITE.,.MODIFIED.,1791469320,#3,#4,1791469320);
#5395=IFCWALLSTANDARDCASE('3TlwoKWLv2lOgiRmR8Qt0Q',#5394,'IW EG Abstellr./K\X2\00FC\X0\che | Bad/Flur',$,$,#5400,#5415,$);
#5396=IFCCARTESIANPOINT((0.365,4.975,0.));
#5397=IFCDIRECTION((0.,0.,1.));
#5398=IFCDIRECTION((1.,0.,0.));
#5399=IFCAXIS2PLACEMENT3D(#5396,#5397,#5398);
#5400=IFCLOCALPLACEMENT(#95,#5399);
#5401=IFCCARTESIANPOINT((0.,0.));
#5402=IFCCARTESIANPOINT((0.,0.115));
#5403=IFCCARTESIANPOINT((6.694999999999999,0.115));
#5404=IFCCARTESIANPOINT((6.694999999999999,0.));
#5405=IFCCARTESIANPOINT((0.,0.));
#5406=IFCPOLYLINE((#5401,#5402,#5403,#5404,#5405));
#5407=IFCDIRECTION((0.,0.,1.));
#5408=IFCARBITRARYCLOSEDPROFILEDEF(.AREA.,$,#5406);
#5409=IFCCARTESIANPOINT((0.,0.,0.));
#5410=IFCDIRECTION((0.,0.,1.));
#5411=IFCDIRECTION((1.,0.,0.));
#5412=IFCAXIS2PLACEMENT3D(#5409,#5410,#5411);
#5413=IFCEXTRUDEDAREASOLID(#5408,#5412,#5407,2.8);
#5414=IFCSHAPEREPRESENTATION(#20,'Body','SweptSolid',(#5413));
#5415=IFCPRODUCTDEFINITIONSHAPE($,$,(#5414,#5419));
#5416=IFCCARTESIANPOINT((0.,0.));
#5417=IFCCARTESIANPOINT((6.694999999999999,0.));
#5418=IFCPOLYLINE((#5416,#5417));
#5419=IFCSHAPEREPRESENTATION(#21,'Axis','Curve2D',(#5418));
#5420=IFCOWNERHISTORY(#3,#4,.READWRITE.,.MODIFIED.,1791469320,#3,#4,1791469320);
#5421=IFCRELDEFINESBYTYPE('34DWNFIMD1PQRApzuYK5HL',#5420,$,$,(#6023,#5577,#6214,#5757,#5532,#5712,#5816,#6141,#5487,#5667,#5442,#6287,#6068,#5622,#5395),#5373);
#5422=IFCMATERIALLAYERSETUSAGE(#5374,.AXIS2.,.POSITIVE.,0.);
#5423=IFCOWNERHISTORY(#3,#4,.READWRITE.,.ADDED.,1791469320,#3,#4,1791469320);
#5424=IFCRELASSOCIATESMATERIAL('17_3BAQMHC0PhS9wM28nBi',#5423,$,$,(#5395),#5422);
#5425=IFCPRESENTATIONSTYLEASSIGNMENT((#237));
#5426=IFCSTYLEDITEM(#5413,(#5425),'Au\X2\00DF\X0\enputz hell');
#5427=IFCOWNERHISTORY(#3,#4,.READWRITE.,.ADDED.,1791469320,#3,#4,1791469320);
#5428=IFCPROPERTYSET('2hQEsc1Fb7u9fV$8ruHLx0',#5427,'Pset_WallCommon',$,(#5431,#5432));
#5429=IFCOWNERHISTORY(#3,#4,.READWRITE.,.ADDED.,1791469320,#3,#4,1791469320);
#5430=IFCRELDEFINESBYPROPERTIES('02T3z2qtbFWeZnLsw_bSLh',#5429,$,$,(#5395),#5428);
#5431=IFCPROPERTYSINGLEVALUE('IsExternal',$,IFCBOOLEAN(.F.),$);
#5432=IFCPROPERTYSINGLEVALUE('Reference',$,IFCIDENTIFIER('IW Bestand 11,5 (Annahme)'),$);
#5433=IFCOWNERHISTORY(#3,#4,.READWRITE.,.ADDED.,1791469320,#3,#4,1791469320);
#5434=IFCPROPERTYSET('2mIUanXSr67hIXIqhAWaAK',#5433,'Oberhofer_Info',$,(#5437,#5438,#5439,#5440));
#5435=IFCOWNERHISTORY(#3,#4,.READWRITE.,.ADDED.,1791469320,#3,#4,1791469320);
#5436=IFCRELDEFINESBYPROPERTIES('1Ozo0IKmD1_OJZFrGA8QYG',#5435,$,$,(#5395),#5434);
#5437=IFCPROPERTYSINGLEVALUE('Status',$,IFCLABEL('Bestand'),$);
#5438=IFCPROPERTYSINGLEVALUE('Quelle',$,IFCLABEL('Tektur-Grundriss Erdgeschoss M 1:100 (Scan), Lage gemessen \X2\00B1\X0\10 cm'),$);
#5439=IFCPROPERTYSINGLEVALUE('Annahmen',$,IFCLABEL('Wanddicke 11,5 cm angenommen (Plan zeichnet ca. 11\X2\2013\X0\17 cm, kein Ma\X2\00DF\X0\); Tragwerk nicht gepr\X2\00FC\X0\ft'),$);
#5440=IFCPROPERTYSINGLEVALUE('Bauteil',$,IFCLABEL('Innenwand Bestand'),$);
#5441=IFCOWNERHISTORY(#3,#4,.READWRITE.,.MODIFIED.,1791469320,#3,#4,1791469320);
#5442=IFCWALLSTANDARDCASE('07zbdPRyfCqvKSbsPGnuoR',#5441,'IW EG Abstellraum | K\X2\00FC\X0\che',$,$,#5447,#5462,$);
#5443=IFCCARTESIANPOINT((2.565,8.215,0.));
#5444=IFCDIRECTION((0.,0.,1.));
#5445=IFCDIRECTION((0.,-1.,0.));
#5446=IFCAXIS2PLACEMENT3D(#5443,#5444,#5445);
#5447=IFCLOCALPLACEMENT(#95,#5446);
#5448=IFCCARTESIANPOINT((0.,0.));
#5449=IFCCARTESIANPOINT((0.,0.115));
#5450=IFCCARTESIANPOINT((3.125,0.115));
#5451=IFCCARTESIANPOINT((3.125,0.));
#5452=IFCCARTESIANPOINT((0.,0.));
#5453=IFCPOLYLINE((#5448,#5449,#5450,#5451,#5452));
#5454=IFCDIRECTION((0.,0.,1.));
#5455=IFCARBITRARYCLOSEDPROFILEDEF(.AREA.,$,#5453);
#5456=IFCCARTESIANPOINT((0.,0.,0.));
#5457=IFCDIRECTION((0.,0.,1.));
#5458=IFCDIRECTION((1.,0.,0.));
#5459=IFCAXIS2PLACEMENT3D(#5456,#5457,#5458);
#5460=IFCEXTRUDEDAREASOLID(#5455,#5459,#5454,2.8);
#5461=IFCSHAPEREPRESENTATION(#20,'Body','SweptSolid',(#5460));
#5462=IFCPRODUCTDEFINITIONSHAPE($,$,(#5461,#5466));
#5463=IFCCARTESIANPOINT((0.,0.));
#5464=IFCCARTESIANPOINT((3.125,0.));
#5465=IFCPOLYLINE((#5463,#5464));
#5466=IFCSHAPEREPRESENTATION(#21,'Axis','Curve2D',(#5465));
#5467=IFCMATERIALLAYERSETUSAGE(#5374,.AXIS2.,.POSITIVE.,0.);
#5468=IFCOWNERHISTORY(#3,#4,.READWRITE.,.ADDED.,1791469320,#3,#4,1791469320);
#5469=IFCRELASSOCIATESMATERIAL('0t9LksV4b3GwWrA5WXZi0w',#5468,$,$,(#5442),#5467);
#5470=IFCPRESENTATIONSTYLEASSIGNMENT((#237));
#5471=IFCSTYLEDITEM(#5460,(#5470),'Au\X2\00DF\X0\enputz hell');
#5472=IFCOWNERHISTORY(#3,#4,.READWRITE.,.ADDED.,1791469320,#3,#4,1791469320);
#5473=IFCPROPERTYSET('0g9Pt8sab2CfP2zeQTMweq',#5472,'Pset_WallCommon',$,(#5476,#5477));
#5474=IFCOWNERHISTORY(#3,#4,.READWRITE.,.ADDED.,1791469320,#3,#4,1791469320);
#5475=IFCRELDEFINESBYPROPERTIES('3sTAOfrdL1shGLzlkXW965',#5474,$,$,(#5442),#5473);
#5476=IFCPROPERTYSINGLEVALUE('IsExternal',$,IFCBOOLEAN(.F.),$);
#5477=IFCPROPERTYSINGLEVALUE('Reference',$,IFCIDENTIFIER('IW Bestand 11,5 (Annahme)'),$);
#5478=IFCOWNERHISTORY(#3,#4,.READWRITE.,.ADDED.,1791469320,#3,#4,1791469320);
#5479=IFCPROPERTYSET('0W2YcDg$TBN83IBTaqz0zV',#5478,'Oberhofer_Info',$,(#5482,#5483,#5484,#5485));
#5480=IFCOWNERHISTORY(#3,#4,.READWRITE.,.ADDED.,1791469320,#3,#4,1791469320);
#5481=IFCRELDEFINESBYPROPERTIES('3nUkzEKvD0GQsAT2ghXKWU',#5480,$,$,(#5442),#5479);
#5482=IFCPROPERTYSINGLEVALUE('Status',$,IFCLABEL('Bestand'),$);
#5483=IFCPROPERTYSINGLEVALUE('Quelle',$,IFCLABEL('Tektur-Grundriss Erdgeschoss M 1:100 (Scan), Lage gemessen \X2\00B1\X0\10 cm'),$);
#5484=IFCPROPERTYSINGLEVALUE('Annahmen',$,IFCLABEL('Wanddicke 11,5 cm angenommen (Plan zeichnet ca. 11\X2\2013\X0\17 cm, kein Ma\X2\00DF\X0\); Tragwerk nicht gepr\X2\00FC\X0\ft'),$);
#5485=IFCPROPERTYSINGLEVALUE('Bauteil',$,IFCLABEL('Innenwand Bestand'),$);
#5486=IFCOWNERHISTORY(#3,#4,.READWRITE.,.MODIFIED.,1791469320,#3,#4,1791469320);
#5487=IFCWALLSTANDARDCASE('0n67NcCZf2NvmqX4edWfz9',#5486,'IW EG K\X2\00FC\X0\che | Speisekammer',$,$,#5492,#5507,$);
#5488=IFCCARTESIANPOINT((5.97,8.215,0.));
#5489=IFCDIRECTION((0.,0.,1.));
#5490=IFCDIRECTION((0.,-1.,0.));
#5491=IFCAXIS2PLACEMENT3D(#5488,#5489,#5490);
#5492=IFCLOCALPLACEMENT(#95,#5491);
#5493=IFCCARTESIANPOINT((0.,0.));
#5494=IFCCARTESIANPOINT((0.,0.115));
#5495=IFCCARTESIANPOINT((3.125,0.115));
#5496=IFCCARTESIANPOINT((3.125,0.));
#5497=IFCCARTESIANPOINT((0.,0.));
#5498=IFCPOLYLINE((#5493,#5494,#5495,#5496,#5497));
#5499=IFCDIRECTION((0.,0.,1.));
#5500=IFCARBITRARYCLOSEDPROFILEDEF(.AREA.,$,#5498);
#5501=IFCCARTESIANPOINT((0.,0.,0.));
#5502=IFCDIRECTION((0.,0.,1.));
#5503=IFCDIRECTION((1.,0.,0.));
#5504=IFCAXIS2PLACEMENT3D(#5501,#5502,#5503);
#5505=IFCEXTRUDEDAREASOLID(#5500,#5504,#5499,2.8);
#5506=IFCSHAPEREPRESENTATION(#20,'Body','SweptSolid',(#5505));
#5507=IFCPRODUCTDEFINITIONSHAPE($,$,(#5506,#5511));
#5508=IFCCARTESIANPOINT((0.,0.));
#5509=IFCCARTESIANPOINT((3.125,0.));
#5510=IFCPOLYLINE((#5508,#5509));
#5511=IFCSHAPEREPRESENTATION(#21,'Axis','Curve2D',(#5510));
#5512=IFCMATERIALLAYERSETUSAGE(#5374,.AXIS2.,.POSITIVE.,0.);
#5513=IFCOWNERHISTORY(#3,#4,.READWRITE.,.ADDED.,1791469320,#3,#4,1791469320);
#5514=IFCRELASSOCIATESMATERIAL('3t6UP2pVP9uemg4OMp4aqB',#5513,$,$,(#5487),#5512);
#5515=IFCPRESENTATIONSTYLEASSIGNMENT((#237));
#5516=IFCSTYLEDITEM(#5505,(#5515),'Au\X2\00DF\X0\enputz hell');
#5517=IFCOWNERHISTORY(#3,#4,.READWRITE.,.ADDED.,1791469320,#3,#4,1791469320);
#5518=IFCPROPERTYSET('3jztJeKLX0SBcHeibBml85',#5517,'Pset_WallCommon',$,(#5521,#5522));
#5519=IFCOWNERHISTORY(#3,#4,.READWRITE.,.ADDED.,1791469320,#3,#4,1791469320);
#5520=IFCRELDEFINESBYPROPERTIES('34GDcn32zCkBwUvta8vh3J',#5519,$,$,(#5487),#5518);
#5521=IFCPROPERTYSINGLEVALUE('IsExternal',$,IFCBOOLEAN(.F.),$);
#5522=IFCPROPERTYSINGLEVALUE('Reference',$,IFCIDENTIFIER('IW Bestand 11,5 (Annahme)'),$);
#5523=IFCOWNERHISTORY(#3,#4,.READWRITE.,.ADDED.,1791469320,#3,#4,1791469320);
#5524=IFCPROPERTYSET('1LPaCmCHvCZPQTepYWmhVI',#5523,'Oberhofer_Info',$,(#5527,#5528,#5529,#5530));
#5525=IFCOWNERHISTORY(#3,#4,.READWRITE.,.ADDED.,1791469320,#3,#4,1791469320);
#5526=IFCRELDEFINESBYPROPERTIES('0nLKX8Utn3tvF_2YrpOnPL',#5525,$,$,(#5487),#5524);
#5527=IFCPROPERTYSINGLEVALUE('Status',$,IFCLABEL('Bestand'),$);
#5528=IFCPROPERTYSINGLEVALUE('Quelle',$,IFCLABEL('Tektur-Grundriss Erdgeschoss M 1:100 (Scan), Lage gemessen \X2\00B1\X0\10 cm'),$);
#5529=IFCPROPERTYSINGLEVALUE('Annahmen',$,IFCLABEL('Wanddicke 11,5 cm angenommen (Plan zeichnet ca. 11\X2\2013\X0\17 cm, kein Ma\X2\00DF\X0\); Tragwerk nicht gepr\X2\00FC\X0\ft'),$);
#5530=IFCPROPERTYSINGLEVALUE('Bauteil',$,IFCLABEL('Innenwand Bestand'),$);
#5531=IFCOWNERHISTORY(#3,#4,.READWRITE.,.MODIFIED.,1791469320,#3,#4,1791469320);
#5532=IFCWALLSTANDARDCASE('3CAdeyhEf27utt9O$bUW1A',#5531,'IW EG Speisekammer | Nische',$,$,#5537,#5552,$);
#5533=IFCCARTESIANPOINT((6.085,6.465,0.));
#5534=IFCDIRECTION((0.,0.,1.));
#5535=IFCDIRECTION((1.,0.,0.));
#5536=IFCAXIS2PLACEMENT3D(#5533,#5534,#5535);
#5537=IFCLOCALPLACEMENT(#95,#5536);
#5538=IFCCARTESIANPOINT((0.,0.));
#5539=IFCCARTESIANPOINT((0.,0.115));
#5540=IFCCARTESIANPOINT((0.9749999999999996,0.115));
#5541=IFCCARTESIANPOINT((0.9749999999999996,0.));
#5542=IFCCARTESIANPOINT((0.,0.));
#5543=IFCPOLYLINE((#5538,#5539,#5540,#5541,#5542));
#5544=IFCDIRECTION((0.,0.,1.));
#5545=IFCARBITRARYCLOSEDPROFILEDEF(.AREA.,$,#5543);
#5546=IFCCARTESIANPOINT((0.,0.,0.));
#5547=IFCDIRECTION((0.,0.,1.));
#5548=IFCDIRECTION((1.,0.,0.));
#5549=IFCAXIS2PLACEMENT3D(#5546,#5547,#5548);
#5550=IFCEXTRUDEDAREASOLID(#5545,#5549,#5544,2.8);
#5551=IFCSHAPEREPRESENTATION(#20,'Body','SweptSolid',(#5550));
#5552=IFCPRODUCTDEFINITIONSHAPE($,$,(#5551,#5556));
#5553=IFCCARTESIANPOINT((0.,0.));
#5554=IFCCARTESIANPOINT((0.9749999999999996,0.));
#5555=IFCPOLYLINE((#5553,#5554));
#5556=IFCSHAPEREPRESENTATION(#21,'Axis','Curve2D',(#5555));
#5557=IFCMATERIALLAYERSETUSAGE(#5374,.AXIS2.,.POSITIVE.,0.);
#5558=IFCOWNERHISTORY(#3,#4,.READWRITE.,.ADDED.,1791469320,#3,#4,1791469320);
#5559=IFCRELASSOCIATESMATERIAL('21JdbHdPb5gfQE$FEl5Lmc',#5558,$,$,(#5532),#5557);
#5560=IFCPRESENTATIONSTYLEASSIGNMENT((#237));
#5561=IFCSTYLEDITEM(#5550,(#5560),'Au\X2\00DF\X0\enputz hell');
#5562=IFCOWNERHISTORY(#3,#4,.READWRITE.,.ADDED.,1791469320,#3,#4,1791469320);
#5563=IFCPROPERTYSET('2NL2Icp5b5medgT25Rc3Lr',#5562,'Pset_WallCommon',$,(#5566,#5567));
#5564=IFCOWNERHISTORY(#3,#4,.READWRITE.,.ADDED.,1791469320,#3,#4,1791469320);
#5565=IFCRELDEFINESBYPROPERTIES('1SiKECGo53XRxgfCjxS3Pd',#5564,$,$,(#5532),#5563);
#5566=IFCPROPERTYSINGLEVALUE('IsExternal',$,IFCBOOLEAN(.F.),$);
#5567=IFCPROPERTYSINGLEVALUE('Reference',$,IFCIDENTIFIER('IW Bestand 11,5 (Annahme)'),$);
#5568=IFCOWNERHISTORY(#3,#4,.READWRITE.,.ADDED.,1791469320,#3,#4,1791469320);
#5569=IFCPROPERTYSET('2uZBEr0eb1se5aMZaIQc4L',#5568,'Oberhofer_Info',$,(#5572,#5573,#5574,#5575));
#5570=IFCOWNERHISTORY(#3,#4,.READWRITE.,.ADDED.,1791469320,#3,#4,1791469320);
#5571=IFCRELDEFINESBYPROPERTIES('2U8uBw1_D5yOeetVpYpf5I',#5570,$,$,(#5532),#5569);
#5572=IFCPROPERTYSINGLEVALUE('Status',$,IFCLABEL('Bestand'),$);
#5573=IFCPROPERTYSINGLEVALUE('Quelle',$,IFCLABEL('Tektur-Grundriss Erdgeschoss M 1:100 (Scan), Lage gemessen \X2\00B1\X0\10 cm'),$);
#5574=IFCPROPERTYSINGLEVALUE('Annahmen',$,IFCLABEL('Wanddicke 11,5 cm angenommen (Plan zeichnet ca. 11\X2\2013\X0\17 cm, kein Ma\X2\00DF\X0\); Tragwerk nicht gepr\X2\00FC\X0\ft'),$);
#5575=IFCPROPERTYSINGLEVALUE('Bauteil',$,IFCLABEL('Innenwand Bestand'),$);
#5576=IFCOWNERHISTORY(#3,#4,.READWRITE.,.MODIFIED.,1791469320,#3,#4,1791469320);
#5577=IFCWALLSTANDARDCASE('1sevM66nT0UQCi57VcvRsn',#5576,'IW EG Flur/K\X2\00FC\X0\che | Wohnzimmer',$,$,#5582,#5597,$);
#5578=IFCCARTESIANPOINT((7.06,8.215,0.));
#5579=IFCDIRECTION((0.,0.,1.));
#5580=IFCDIRECTION((0.,-1.,0.));
#5581=IFCAXIS2PLACEMENT3D(#5578,#5579,#5580);
#5582=IFCLOCALPLACEMENT(#95,#5581);
#5583=IFCCARTESIANPOINT((0.,0.));
#5584=IFCCARTESIANPOINT((0.,0.115));
#5585=IFCCARTESIANPOINT((7.85,0.115));
#5586=IFCCARTESIANPOINT((7.85,0.));
#5587=IFCCARTESIANPOINT((0.,0.));
#5588=IFCPOLYLINE((#5583,#5584,#5585,#5586,#5587));
#5589=IFCDIRECTION((0.,0.,1.));
#5590=IFCARBITRARYCLOSEDPROFILEDEF(.AREA.,$,#5588);
#5591=IFCCARTESIANPOINT((0.,0.,0.));
#5592=IFCDIRECTION((0.,0.,1.));
#5593=IFCDIRECTION((1.,0.,0.));
#5594=IFCAXIS2PLACEMENT3D(#5591,#5592,#5593);
#5595=IFCEXTRUDEDAREASOLID(#5590,#5594,#5589,2.8);
#5596=IFCSHAPEREPRESENTATION(#20,'Body','SweptSolid',(#5595));
#5597=IFCPRODUCTDEFINITIONSHAPE($,$,(#5596,#5601));
#5598=IFCCARTESIANPOINT((0.,0.));
#5599=IFCCARTESIANPOINT((7.85,0.));
#5600=IFCPOLYLINE((#5598,#5599));
#5601=IFCSHAPEREPRESENTATION(#21,'Axis','Curve2D',(#5600));
#5602=IFCMATERIALLAYERSETUSAGE(#5374,.AXIS2.,.POSITIVE.,0.);
#5603=IFCOWNERHISTORY(#3,#4,.READWRITE.,.ADDED.,1791469320,#3,#4,1791469320);
#5604=IFCRELASSOCIATESMATERIAL('37Cv1TEJDBShD5QOFmEKGi',#5603,$,$,(#5577),#5602);
#5605=IFCPRESENTATIONSTYLEASSIGNMENT((#237));
#5606=IFCSTYLEDITEM(#5595,(#5605),'Au\X2\00DF\X0\enputz hell');
#5607=IFCOWNERHISTORY(#3,#4,.READWRITE.,.ADDED.,1791469320,#3,#4,1791469320);
#5608=IFCPROPERTYSET('0wYPcHxSrAXAny322RZXjW',#5607,'Pset_WallCommon',$,(#5611,#5612));
#5609=IFCOWNERHISTORY(#3,#4,.READWRITE.,.ADDED.,1791469320,#3,#4,1791469320);
#5610=IFCRELDEFINESBYPROPERTIES('3nyDYprU94VRu96OpKcIfx',#5609,$,$,(#5577),#5608);
#5611=IFCPROPERTYSINGLEVALUE('IsExternal',$,IFCBOOLEAN(.F.),$);
#5612=IFCPROPERTYSINGLEVALUE('Reference',$,IFCIDENTIFIER('IW Bestand 11,5 (Annahme)'),$);
#5613=IFCOWNERHISTORY(#3,#4,.READWRITE.,.ADDED.,1791469320,#3,#4,1791469320);
#5614=IFCPROPERTYSET('37C2x19Dj8QAFnTvSEH0Ot',#5613,'Oberhofer_Info',$,(#5617,#5618,#5619,#5620));
#5615=IFCOWNERHISTORY(#3,#4,.READWRITE.,.ADDED.,1791469320,#3,#4,1791469320);
#5616=IFCRELDEFINESBYPROPERTIES('1pDZQi6sX3PvVR7$Jl04Cm',#5615,$,$,(#5577),#5614);
#5617=IFCPROPERTYSINGLEVALUE('Status',$,IFCLABEL('Bestand'),$);
#5618=IFCPROPERTYSINGLEVALUE('Quelle',$,IFCLABEL('Tektur-Grundriss Erdgeschoss M 1:100 (Scan), Lage gemessen \X2\00B1\X0\10 cm'),$);
#5619=IFCPROPERTYSINGLEVALUE('Annahmen',$,IFCLABEL('Wanddicke 11,5 cm angenommen (Plan zeichnet ca. 11\X2\2013\X0\17 cm, kein Ma\X2\00DF\X0\); Tragwerk nicht gepr\X2\00FC\X0\ft'),$);
#5620=IFCPROPERTYSINGLEVALUE('Bauteil',$,IFCLABEL('Innenwand Bestand'),$);
#5621=IFCOWNERHISTORY(#3,#4,.READWRITE.,.MODIFIED.,1791469320,#3,#4,1791469320);
#5622=IFCWALLSTANDARDCASE('06aUoDZX58zRl6C3uiDMJV',#5621,'IW EG Bad/Schlafzimmer | Flur',$,$,#5627,#5642,$);
#5623=IFCCARTESIANPOINT((0.365,3.27,0.));
#5624=IFCDIRECTION((0.,0.,1.));
#5625=IFCDIRECTION((1.,0.,0.));
#5626=IFCAXIS2PLACEMENT3D(#5623,#5624,#5625);
#5627=IFCLOCALPLACEMENT(#95,#5626);
#5628=IFCCARTESIANPOINT((0.,0.));
#5629=IFCCARTESIANPOINT((0.,0.115));
#5630=IFCCARTESIANPOINT((4.18,0.115));
#5631=IFCCARTESIANPOINT((4.18,0.));
#5632=IFCCARTESIANPOINT((0.,0.));
#5633=IFCPOLYLINE((#5628,#5629,#5630,#5631,#5632));
#5634=IFCDIRECTION((0.,0.,1.));
#5635=IFCARBITRARYCLOSEDPROFILEDEF(.AREA.,$,#5633);
#5636=IFCCARTESIANPOINT((0.,0.,0.));
#5637=IFCDIRECTION((0.,0.,1.));
#5638=IFCDIRECTION((1.,0.,0.));
#5639=IFCAXIS2PLACEMENT3D(#5636,#5637,#5638);
#5640=IFCEXTRUDEDAREASOLID(#5635,#5639,#5634,2.8);
#5641=IFCSHAPEREPRESENTATION(#20,'Body','SweptSolid',(#5640));
#5642=IFCPRODUCTDEFINITIONSHAPE($,$,(#5641,#5646));
#5643=IFCCARTESIANPOINT((0.,0.));
#5644=IFCCARTESIANPOINT((4.18,0.));
#5645=IFCPOLYLINE((#5643,#5644));
#5646=IFCSHAPEREPRESENTATION(#21,'Axis','Curve2D',(#5645));
#5647=IFCMATERIALLAYERSETUSAGE(#5374,.AXIS2.,.POSITIVE.,0.);
#5648=IFCOWNERHISTORY(#3,#4,.READWRITE.,.ADDED.,1791469320,#3,#4,1791469320);
#5649=IFCRELASSOCIATESMATERIAL('2QHoIMXfz23PdkS7nOstY2',#5648,$,$,(#5622),#5647);
#5650=IFCPRESENTATIONSTYLEASSIGNMENT((#237));
#5651=IFCSTYLEDITEM(#5640,(#5650),'Au\X2\00DF\X0\enputz hell');
#5652=IFCOWNERHISTORY(#3,#4,.READWRITE.,.ADDED.,1791469320,#3,#4,1791469320);
#5653=IFCPROPERTYSET('1J06uq8sz5$Pyrn7cChND7',#5652,'Pset_WallCommon',$,(#5656,#5657));
#5654=IFCOWNERHISTORY(#3,#4,.READWRITE.,.ADDED.,1791469320,#3,#4,1791469320);
#5655=IFCRELDEFINESBYPROPERTIES('0e2oZrXVHFruJV$Kd2DRdW',#5654,$,$,(#5622),#5653);
#5656=IFCPROPERTYSINGLEVALUE('IsExternal',$,IFCBOOLEAN(.F.),$);
#5657=IFCPROPERTYSINGLEVALUE('Reference',$,IFCIDENTIFIER('IW Bestand 11,5 (Annahme)'),$);
#5658=IFCOWNERHISTORY(#3,#4,.READWRITE.,.ADDED.,1791469320,#3,#4,1791469320);
#5659=IFCPROPERTYSET('1PYB0Sv1H8nBk$YKfAVtd4',#5658,'Oberhofer_Info',$,(#5662,#5663,#5664,#5665));
#5660=IFCOWNERHISTORY(#3,#4,.READWRITE.,.ADDED.,1791469320,#3,#4,1791469320);
#5661=IFCRELDEFINESBYPROPERTIES('1cMHWgybL8svMkNxXx4X52',#5660,$,$,(#5622),#5659);
#5662=IFCPROPERTYSINGLEVALUE('Status',$,IFCLABEL('Bestand'),$);
#5663=IFCPROPERTYSINGLEVALUE('Quelle',$,IFCLABEL('Tektur-Grundriss Erdgeschoss M 1:100 (Scan), Lage gemessen \X2\00B1\X0\10 cm'),$);
#5664=IFCPROPERTYSINGLEVALUE('Annahmen',$,IFCLABEL('Wanddicke 11,5 cm angenommen (Plan zeichnet ca. 11\X2\2013\X0\17 cm, kein Ma\X2\00DF\X0\); Tragwerk nicht gepr\X2\00FC\X0\ft'),$);
#5665=IFCPROPERTYSINGLEVALUE('Bauteil',$,IFCLABEL('Innenwand Bestand'),$);
#5666=IFCOWNERHISTORY(#3,#4,.READWRITE.,.MODIFIED.,1791469320,#3,#4,1791469320);
#5667=IFCWALLSTANDARDCASE('1hPg3j5Kv4dwow1eH5_BNB',#5666,'IW EG Bad | Flur',$,$,#5672,#5687,$);
#5668=IFCCARTESIANPOINT((3.29,4.975,0.));
#5669=IFCDIRECTION((0.,0.,1.));
#5670=IFCDIRECTION((0.,-1.,0.));
#5671=IFCAXIS2PLACEMENT3D(#5668,#5669,#5670);
#5672=IFCLOCALPLACEMENT(#95,#5671);
#5673=IFCCARTESIANPOINT((0.,0.));
#5674=IFCCARTESIANPOINT((0.,0.115));
#5675=IFCCARTESIANPOINT((1.5899999999999999,0.115));
#5676=IFCCARTESIANPOINT((1.5899999999999999,0.));
#5677=IFCCARTESIANPOINT((0.,0.));
#5678=IFCPOLYLINE((#5673,#5674,#5675,#5676,#5677));
#5679=IFCDIRECTION((0.,0.,1.));
#5680=IFCARBITRARYCLOSEDPROFILEDEF(.AREA.,$,#5678);
#5681=IFCCARTESIANPOINT((0.,0.,0.));
#5682=IFCDIRECTION((0.,0.,1.));
#5683=IFCDIRECTION((1.,0.,0.));
#5684=IFCAXIS2PLACEMENT3D(#5681,#5682,#5683);
#5685=IFCEXTRUDEDAREASOLID(#5680,#5684,#5679,2.8);
#5686=IFCSHAPEREPRESENTATION(#20,'Body','SweptSolid',(#5685));
#5687=IFCPRODUCTDEFINITIONSHAPE($,$,(#5686,#5691));
#5688=IFCCARTESIANPOINT((0.,0.));
#5689=IFCCARTESIANPOINT((1.5899999999999999,0.));
#5690=IFCPOLYLINE((#5688,#5689));
#5691=IFCSHAPEREPRESENTATION(#21,'Axis','Curve2D',(#5690));
#5692=IFCMATERIALLAYERSETUSAGE(#5374,.AXIS2.,.POSITIVE.,0.);
#5693=IFCOWNERHISTORY(#3,#4,.READWRITE.,.ADDED.,1791469320,#3,#4,1791469320);
#5694=IFCRELASSOCIATESMATERIAL('3j0RTjuvL3_Ai_yzn8iagg',#5693,$,$,(#5667),#5692);
#5695=IFCPRESENTATIONSTYLEASSIGNMENT((#237));
#5696=IFCSTYLEDITEM(#5685,(#5695),'Au\X2\00DF\X0\enputz hell');
#5697=IFCOWNERHISTORY(#3,#4,.READWRITE.,.ADDED.,1791469320,#3,#4,1791469320);
#5698=IFCPROPERTYSET('1hTj9HlJH0G8mb$lhU8$Zw',#5697,'Pset_WallCommon',$,(#5701,#5702));
#5699=IFCOWNERHISTORY(#3,#4,.READWRITE.,.ADDED.,1791469320,#3,#4,1791469320);
#5700=IFCRELDEFINESBYPROPERTIES('1_FPqtABT09OVwEwSXiSwD',#5699,$,$,(#5667),#5698);
#5701=IFCPROPERTYSINGLEVALUE('IsExternal',$,IFCBOOLEAN(.F.),$);
#5702=IFCPROPERTYSINGLEVALUE('Reference',$,IFCIDENTIFIER('IW Bestand 11,5 (Annahme)'),$);
#5703=IFCOWNERHISTORY(#3,#4,.READWRITE.,.ADDED.,1791469320,#3,#4,1791469320);
#5704=IFCPROPERTYSET('1XNjVlKATDUQZg775FZp3d',#5703,'Oberhofer_Info',$,(#5707,#5708,#5709,#5710));
#5705=IFCOWNERHISTORY(#3,#4,.READWRITE.,.ADDED.,1791469320,#3,#4,1791469320);
#5706=IFCRELDEFINESBYPROPERTIES('3HzBG2sk1Eo8ZGbhr1bheL',#5705,$,$,(#5667),#5704);
#5707=IFCPROPERTYSINGLEVALUE('Status',$,IFCLABEL('Bestand'),$);
#5708=IFCPROPERTYSINGLEVALUE('Quelle',$,IFCLABEL('Tektur-Grundriss Erdgeschoss M 1:100 (Scan), Lage gemessen \X2\00B1\X0\10 cm'),$);
#5709=IFCPROPERTYSINGLEVALUE('Annahmen',$,IFCLABEL('Wanddicke 11,5 cm angenommen (Plan zeichnet ca. 11\X2\2013\X0\17 cm, kein Ma\X2\00DF\X0\); Tragwerk nicht gepr\X2\00FC\X0\ft'),$);
#5710=IFCPROPERTYSINGLEVALUE('Bauteil',$,IFCLABEL('Innenwand Bestand'),$);
#5711=IFCOWNERHISTORY(#3,#4,.READWRITE.,.MODIFIED.,1791469320,#3,#4,1791469320);
#5712=IFCWALLSTANDARDCASE('1pUGMG7ij499mEcV9QWJ1W',#5711,'IW EG Schlafzimmer | Flur',$,$,#5717,#5732,$);
#5713=IFCCARTESIANPOINT((4.43,3.27,0.));
#5714=IFCDIRECTION((0.,0.,1.));
#5715=IFCDIRECTION((0.,-1.,0.));
#5716=IFCAXIS2PLACEMENT3D(#5713,#5714,#5715);
#5717=IFCLOCALPLACEMENT(#95,#5716);
#5718=IFCCARTESIANPOINT((0.,0.));
#5719=IFCCARTESIANPOINT((0.,0.115));
#5720=IFCCARTESIANPOINT((2.9050000000000002,0.115));
#5721=IFCCARTESIANPOINT((2.9050000000000002,0.));
#5722=IFCCARTESIANPOINT((0.,0.));
#5723=IFCPOLYLINE((#5718,#5719,#5720,#5721,#5722));
#5724=IFCDIRECTION((0.,0.,1.));
#5725=IFCARBITRARYCLOSEDPROFILEDEF(.AREA.,$,#5723);
#5726=IFCCARTESIANPOINT((0.,0.,0.));
#5727=IFCDIRECTION((0.,0.,1.));
#5728=IFCDIRECTION((1.,0.,0.));
#5729=IFCAXIS2PLACEMENT3D(#5726,#5727,#5728);
#5730=IFCEXTRUDEDAREASOLID(#5725,#5729,#5724,2.8);
#5731=IFCSHAPEREPRESENTATION(#20,'Body','SweptSolid',(#5730));
#5732=IFCPRODUCTDEFINITIONSHAPE($,$,(#5731,#5736));
#5733=IFCCARTESIANPOINT((0.,0.));
#5734=IFCCARTESIANPOINT((2.9050000000000002,0.));
#5735=IFCPOLYLINE((#5733,#5734));
#5736=IFCSHAPEREPRESENTATION(#21,'Axis','Curve2D',(#5735));
#5737=IFCMATERIALLAYERSETUSAGE(#5374,.AXIS2.,.POSITIVE.,0.);
#5738=IFCOWNERHISTORY(#3,#4,.READWRITE.,.ADDED.,1791469320,#3,#4,1791469320);
#5739=IFCRELASSOCIATESMATERIAL('1lsmSyin915Pd8oGgbUISk',#5738,$,$,(#5712),#5737);
#5740=IFCPRESENTATIONSTYLEASSIGNMENT((#237));
#5741=IFCSTYLEDITEM(#5730,(#5740),'Au\X2\00DF\X0\enputz hell');
#5742=IFCOWNERHISTORY(#3,#4,.READWRITE.,.ADDED.,1791469320,#3,#4,1791469320);
#5743=IFCPROPERTYSET('0AMSpQmiDAOhoa88eu8Fm5',#5742,'Pset_WallCommon',$,(#5746,#5747));
#5744=IFCOWNERHISTORY(#3,#4,.READWRITE.,.ADDED.,1791469320,#3,#4,1791469320);
#5745=IFCRELDEFINESBYPROPERTIES('3c3$a07cf5vwQwNCFVyczl',#5744,$,$,(#5712),#5743);
#5746=IFCPROPERTYSINGLEVALUE('IsExternal',$,IFCBOOLEAN(.F.),$);
#5747=IFCPROPERTYSINGLEVALUE('Reference',$,IFCIDENTIFIER('IW Bestand 11,5 (Annahme)'),$);
#5748=IFCOWNERHISTORY(#3,#4,.READWRITE.,.ADDED.,1791469320,#3,#4,1791469320);
#5749=IFCPROPERTYSET('3yNiZrmgz5kBkhsw3dYp4P',#5748,'Oberhofer_Info',$,(#5752,#5753,#5754,#5755));
#5750=IFCOWNERHISTORY(#3,#4,.READWRITE.,.ADDED.,1791469320,#3,#4,1791469320);
#5751=IFCRELDEFINESBYPROPERTIES('17ACDUKtv85AhepuQ5Vplv',#5750,$,$,(#5712),#5749);
#5752=IFCPROPERTYSINGLEVALUE('Status',$,IFCLABEL('Bestand'),$);
#5753=IFCPROPERTYSINGLEVALUE('Quelle',$,IFCLABEL('Tektur-Grundriss Erdgeschoss M 1:100 (Scan), Lage gemessen \X2\00B1\X0\10 cm'),$);
#5754=IFCPROPERTYSINGLEVALUE('Annahmen',$,IFCLABEL('Wanddicke 11,5 cm angenommen (Plan zeichnet ca. 11\X2\2013\X0\17 cm, kein Ma\X2\00DF\X0\); Tragwerk nicht gepr\X2\00FC\X0\ft'),$);
#5755=IFCPROPERTYSINGLEVALUE('Bauteil',$,IFCLABEL('Innenwand Bestand'),$);
#5756=IFCOWNERHISTORY(#3,#4,.READWRITE.,.MODIFIED.,1791469320,#3,#4,1791469320);
#5757=IFCWALLSTANDARDCASE('0AXoH02$HF3gVGZZ6o8lIt',#5756,'IW EG Anbau W.-K\X2\00FC\X0\che | SCHW',$,$,#5762,#5791,$);
#5758=IFCCARTESIANPOINT((0.3,10.7,0.));
#5759=IFCDIRECTION((0.,0.,1.));
#5760=IFCDIRECTION((1.,0.,0.));
#5761=IFCAXIS2PLACEMENT3D(#5758,#5759,#5760);
#5762=IFCLOCALPLACEMENT(#95,#5761);
#5763=IFCCARTESIANPOINT((0.,0.));
#5764=IFCCARTESIANPOINT((0.,0.115));
#5765=IFCCARTESIANPOINT((3.3000000000000003,0.115));
#5766=IFCCARTESIANPOINT((3.3000000000000003,0.));
#5767=IFCCARTESIANPOINT((0.,0.));
#5768=IFCPOLYLINE((#5763,#5764,#5765,#5766,#5767));
#5769=IFCDIRECTION((0.,0.,1.));
#5770=IFCARBITRARYCLOSEDPROFILEDEF(.AREA.,$,#5768);
#5771=IFCCARTESIANPOINT((0.,0.,0.));
#5772=IFCDIRECTION((0.,0.,1.));
#5773=IFCDIRECTION((1.,0.,0.));
#5774=IFCAXIS2PLACEMENT3D(#5771,#5772,#5773);
#5775=IFCEXTRUDEDAREASOLID(#5770,#5774,#5769,8.);
#5776=IFCCARTESIANPOINT((3.8752840000000006,-10.7,2.38617));
#5777=IFCDIRECTION((0.57358,0.,0.81915));
#5778=IFCDIRECTION((0.,-1.,0.));
#5779=IFCAXIS2PLACEMENT3D(#5776,#5777,#5778);
#5780=IFCPLANE(#5779);
#5781=IFCHALFSPACESOLID(#5780,.F.);
#5782=IFCBOOLEANCLIPPINGRESULT(.DIFFERENCE.,#5775,#5781);
#5783=IFCCARTESIANPOINT((-0.575284,-10.7,2.38617));
#5784=IFCDIRECTION((-0.57358,0.,0.81915));
#5785=IFCDIRECTION((0.,1.,-0.));
#5786=IFCAXIS2PLACEMENT3D(#5783,#5784,#5785);
#5787=IFCPLANE(#5786);
#5788=IFCHALFSPACESOLID(#5787,.F.);
#5789=IFCBOOLEANCLIPPINGRESULT(.DIFFERENCE.,#5782,#5788);
#5790=IFCSHAPEREPRESENTATION(#20,'Body','Clipping',(#5789));
#5791=IFCPRODUCTDEFINITIONSHAPE($,$,(#5790,#5795));
#5792=IFCCARTESIANPOINT((0.,0.));
#5793=IFCCARTESIANPOINT((3.3000000000000003,0.));
#5794=IFCPOLYLINE((#5792,#5793));
#5795=IFCSHAPEREPRESENTATION(#21,'Axis','Curve2D',(#5794));
#5796=IFCMATERIALLAYERSETUSAGE(#5374,.AXIS2.,.POSITIVE.,0.);
#5797=IFCOWNERHISTORY(#3,#4,.READWRITE.,.ADDED.,1791469320,#3,#4,1791469320);
#5798=IFCRELASSOCIATESMATERIAL('070ECZgx5BqBSmsyoxvQxf',#5797,$,$,(#5757),#5796);
#5799=IFCPRESENTATIONSTYLEASSIGNMENT((#237));
#5800=IFCSTYLEDITEM(#5789,(#5799),'Au\X2\00DF\X0\enputz hell');
#5801=IFCOWNERHISTORY(#3,#4,.READWRITE.,.ADDED.,1791469320,#3,#4,1791469320);
#5802=IFCPROPERTYSET('1uvuVSYV5CTAhKkKg5E3jF',#5801,'Pset_WallCommon',$,(#5805,#5806));
#5803=IFCOWNERHISTORY(#3,#4,.READWRITE.,.ADDED.,1791469320,#3,#4,1791469320);
#5804=IFCRELDEFINESBYPROPERTIES('0xogYXPar89BCpzW74z15A',#5803,$,$,(#5757),#5802);
#5805=IFCPROPERTYSINGLEVALUE('IsExternal',$,IFCBOOLEAN(.F.),$);
#5806=IFCPROPERTYSINGLEVALUE('Reference',$,IFCIDENTIFIER('IW Bestand 11,5 (Annahme)'),$);
#5807=IFCOWNERHISTORY(#3,#4,.READWRITE.,.ADDED.,1791469320,#3,#4,1791469320);
#5808=IFCPROPERTYSET('3n0tvZ2ivBjglBccwu6CXx',#5807,'Oberhofer_Info',$,(#5811,#5812,#5813,#5814));
#5809=IFCOWNERHISTORY(#3,#4,.READWRITE.,.ADDED.,1791469320,#3,#4,1791469320);
#5810=IFCRELDEFINESBYPROPERTIES('248rTKa0nCMh26LY8WGsvS',#5809,$,$,(#5757),#5808);
#5811=IFCPROPERTYSINGLEVALUE('Status',$,IFCLABEL('Bestand'),$);
#5812=IFCPROPERTYSINGLEVALUE('Quelle',$,IFCLABEL('Tektur-Grundriss Erdgeschoss M 1:100 (Scan), Lage gemessen \X2\00B1\X0\10 cm'),$);
#5813=IFCPROPERTYSINGLEVALUE('Annahmen',$,IFCLABEL('Wanddicke 11,5 cm angenommen (Plan zeichnet ca. 11\X2\2013\X0\17 cm, kein Ma\X2\00DF\X0\); Tragwerk nicht gepr\X2\00FC\X0\ft'),$);
#5814=IFCPROPERTYSINGLEVALUE('Bauteil',$,IFCLABEL('Innenwand Bestand'),$);
#5815=IFCOWNERHISTORY(#3,#4,.READWRITE.,.MODIFIED.,1791469320,#3,#4,1791469320);
#5816=IFCWALLSTANDARDCASE('2RyuBo9cH7GRzi0HDCKIHq',#5815,'IW EG Anbau SCHW | Nebenraum',$,$,#5821,#5850,$);
#5817=IFCCARTESIANPOINT((1.2,13.08,0.));
#5818=IFCDIRECTION((0.,0.,1.));
#5819=IFCDIRECTION((0.,-1.,0.));
#5820=IFCAXIS2PLACEMENT3D(#5817,#5818,#5819);
#5821=IFCLOCALPLACEMENT(#95,#5820);
#5822=IFCCARTESIANPOINT((0.,0.));
#5823=IFCCARTESIANPOINT((0.,0.115));
#5824=IFCCARTESIANPOINT((2.2650000000000006,0.115));
#5825=IFCCARTESIANPOINT((2.2650000000000006,0.));
#5826=IFCCARTESIANPOINT((0.,0.));
#5827=IFCPOLYLINE((#5822,#5823,#5824,#5825,#5826));
#5828=IFCDIRECTION((0.,0.,1.));
#5829=IFCARBITRARYCLOSEDPROFILEDEF(.AREA.,$,#5827);
#5830=IFCCARTESIANPOINT((0.,0.,0.));
#5831=IFCDIRECTION((0.,0.,1.));
#5832=IFCDIRECTION((1.,0.,0.));
#5833=IFCAXIS2PLACEMENT3D(#5830,#5831,#5832);
#5834=IFCEXTRUDEDAREASOLID(#5829,#5833,#5828,8.);
#5835=IFCCARTESIANPOINT((13.08,2.9752840000000003,2.38617));
#5836=IFCDIRECTION((0.,0.57358,0.81915));
#5837=IFCDIRECTION((1.,0.,0.));
#5838=IFCAXIS2PLACEMENT3D(#5835,#5836,#5837);
#5839=IFCPLANE(#5838);
#5840=IFCHALFSPACESOLID(#5839,.F.);
#5841=IFCBOOLEANCLIPPINGRESULT(.DIFFERENCE.,#5834,#5840);
#5842=IFCCARTESIANPOINT((13.08,-1.475284,2.38617));
#5843=IFCDIRECTION((0.,-0.57358,0.81915));
#5844=IFCDIRECTION((-1.,0.,0.));
#5845=IFCAXIS2PLACEMENT3D(#5842,#5843,#5844);
#5846=IFCPLANE(#5845);
#5847=IFCHALFSPACESOLID(#5846,.F.);
#5848=IFCBOOLEANCLIPPINGRESULT(.DIFFERENCE.,#5841,#5847);
#5849=IFCSHAPEREPRESENTATION(#20,'Body','Clipping',(#5848));
#5850=IFCPRODUCTDEFINITIONSHAPE($,$,(#5849,#5854));
#5851=IFCCARTESIANPOINT((0.,0.));
#5852=IFCCARTESIANPOINT((2.2650000000000006,0.));
#5853=IFCPOLYLINE((#5851,#5852));
#5854=IFCSHAPEREPRESENTATION(#21,'Axis','Curve2D',(#5853));
#5855=IFCMATERIALLAYERSETUSAGE(#5374,.AXIS2.,.POSITIVE.,0.);
#5856=IFCOWNERHISTORY(#3,#4,.READWRITE.,.ADDED.,1791469320,#3,#4,1791469320);
#5857=IFCRELASSOCIATESMATERIAL('2X445kVcr83hdpV_p$3Fei',#5856,$,$,(#5816),#5855);
#5858=IFCPRESENTATIONSTYLEASSIGNMENT((#237));
#5859=IFCSTYLEDITEM(#5848,(#5858),'Au\X2\00DF\X0\enputz hell');
#5860=IFCOWNERHISTORY(#3,#4,.READWRITE.,.ADDED.,1791469320,#3,#4,1791469320);
#5861=IFCPROPERTYSET('2$7L$q_NrFmu7R5NkhOGOS',#5860,'Pset_WallCommon',$,(#5864,#5865));
#5862=IFCOWNERHISTORY(#3,#4,.READWRITE.,.ADDED.,1791469320,#3,#4,1791469320);
#5863=IFCRELDEFINESBYPROPERTIES('2iaBWpxlP4sAbt7BnNEtVh',#5862,$,$,(#5816),#5861);
#5864=IFCPROPERTYSINGLEVALUE('IsExternal',$,IFCBOOLEAN(.F.),$);
#5865=IFCPROPERTYSINGLEVALUE('Reference',$,IFCIDENTIFIER('IW Bestand 11,5 (Annahme)'),$);
#5866=IFCOWNERHISTORY(#3,#4,.READWRITE.,.ADDED.,1791469320,#3,#4,1791469320);
#5867=IFCPROPERTYSET('1DvqiZfYjDzgO6xgx9g1Ga',#5866,'Oberhofer_Info',$,(#5870,#5871,#5872,#5873));
#5868=IFCOWNERHISTORY(#3,#4,.READWRITE.,.ADDED.,1791469320,#3,#4,1791469320);
#5869=IFCRELDEFINESBYPROPERTIES('1YOFM_Dq1D089ri6Lmjcz_',#5868,$,$,(#5816),#5867);
#5870=IFCPROPERTYSINGLEVALUE('Status',$,IFCLABEL('Bestand'),$);
#5871=IFCPROPERTYSINGLEVALUE('Quelle',$,IFCLABEL('Tektur-Grundriss Erdgeschoss M 1:100 (Scan), Lage gemessen \X2\00B1\X0\10 cm'),$);
#5872=IFCPROPERTYSINGLEVALUE('Annahmen',$,IFCLABEL('Wanddicke 11,5 cm angenommen (Plan zeichnet ca. 11\X2\2013\X0\17 cm, kein Ma\X2\00DF\X0\); Tragwerk nicht gepr\X2\00FC\X0\ft; Plan zeigt hier zwei parallele Linien (ca. 40 cm Abstand) \X2\2013\X0\ Deutung unsicher, nur eine Wand modelliert'),$);
#5873=IFCPROPERTYSINGLEVALUE('Bauteil',$,IFCLABEL('Innenwand Bestand'),$);
#5874=IFCOWNERHISTORY(#3,#4,.READWRITE.,.MODIFIED.,1791469320,#3,#4,1791469320);
#5875=IFCWALLSTANDARDCASE('2w32evRAnDBOwy1836IJFW',#5874,'IW DG Lager/Abseite | Kinderzimmer/Flur',$,$,#5880,#5923,$);
#5876=IFCCARTESIANPOINT((3.25,6.8,0.));
#5877=IFCDIRECTION((0.,0.,1.));
#5878=IFCDIRECTION((0.,-1.,0.));
#5879=IFCAXIS2PLACEMENT3D(#5876,#5877,#5878);
#5880=IFCLOCALPLACEMENT(#102,#5879);
#5881=IFCCARTESIANPOINT((0.,0.));
#5882=IFCCARTESIANPOINT((0.,0.24));
#5883=IFCCARTESIANPOINT((6.435,0.24));
#5884=IFCCARTESIANPOINT((6.435,0.));
#5885=IFCCARTESIANPOINT((0.,0.));
#5886=IFCPOLYLINE((#5881,#5882,#5883,#5884,#5885));
#5887=IFCDIRECTION((0.,0.,1.));
#5888=IFCARBITRARYCLOSEDPROFILEDEF(.AREA.,$,#5886);
#5889=IFCCARTESIANPOINT((0.,0.,0.));
#5890=IFCDIRECTION((0.,0.,1.));
#5891=IFCDIRECTION((1.,0.,0.));
#5892=IFCAXIS2PLACEMENT3D(#5889,#5890,#5891);
#5893=IFCEXTRUDEDAREASOLID(#5888,#5892,#5887,2.5);
#5894=IFCCARTESIANPOINT((6.8,8.62,2.4000000000000004));
#5895=IFCDIRECTION((0.,0.76604,0.64279));
#5896=IFCDIRECTION((1.,0.,0.));
#5897=IFCAXIS2PLACEMENT3D(#5894,#5895,#5896);
#5898=IFCPLANE(#5897);
#5899=IFCHALFSPACESOLID(#5898,.F.);
#5900=IFCBOOLEANCLIPPINGRESULT(.DIFFERENCE.,#5893,#5899);
#5901=IFCCARTESIANPOINT((6.8,-3.64,2.4000000000000004));
#5902=IFCDIRECTION((0.,-0.76604,0.64279));
#5903=IFCDIRECTION((-1.,0.,0.));
#5904=IFCAXIS2PLACEMENT3D(#5901,#5902,#5903);
#5905=IFCPLANE(#5904);
#5906=IFCHALFSPACESOLID(#5905,.F.);
#5907=IFCBOOLEANCLIPPINGRESULT(.DIFFERENCE.,#5900,#5906);
#5908=IFCCARTESIANPOINT((2.51,-3.25,5.550000000000001));
#5909=IFCDIRECTION((-0.78801,0.,0.61566));
#5910=IFCDIRECTION((0.,1.,-0.));
#5911=IFCAXIS2PLACEMENT3D(#5908,#5909,#5910);
#5912=IFCPLANE(#5911);
#5913=IFCHALFSPACESOLID(#5912,.F.);
#5914=IFCBOOLEANCLIPPINGRESULT(.DIFFERENCE.,#5907,#5913);
#5915=IFCCARTESIANPOINT((2.51,-3.25,5.550000000000001));
#5916=IFCDIRECTION((0.78801,0.,0.61566));
#5917=IFCDIRECTION((0.,-1.,0.));
#5918=IFCAXIS2PLACEMENT3D(#5915,#5916,#5917);
#5919=IFCPLANE(#5918);
#5920=IFCHALFSPACESOLID(#5919,.F.);
#5921=IFCBOOLEANCLIPPINGRESULT(.DIFFERENCE.,#5914,#5920);
#5922=IFCSHAPEREPRESENTATION(#20,'Body','Clipping',(#5921));
#5923=IFCPRODUCTDEFINITIONSHAPE($,$,(#5922,#5927));
#5924=IFCCARTESIANPOINT((0.,0.));
#5925=IFCCARTESIANPOINT((6.435,0.));
#5926=IFCPOLYLINE((#5924,#5925));
#5927=IFCSHAPEREPRESENTATION(#21,'Axis','Curve2D',(#5926));
#5928=IFCOWNERHISTORY(#3,#4,.READWRITE.,.MODIFIED.,1791469320,#3,#4,1791469320);
#5929=IFCRELDEFINESBYTYPE('3tvZzpoPLBXAXZHvl_TZ69',#5928,$,$,(#5950,#5875),#5389);
#5930=IFCMATERIALLAYERSETUSAGE(#5390,.AXIS2.,.POSITIVE.,0.);
#5931=IFCOWNERHISTORY(#3,#4,.READWRITE.,.ADDED.,1791469320,#3,#4,1791469320);
#5932=IFCRELASSOCIATESMATERIAL('1vdxBm6zjDkPnICulrZnmn',#5931,$,$,(#5875),#5930);
#5933=IFCPRESENTATIONSTYLEASSIGNMENT((#237));
#5934=IFCSTYLEDITEM(#5921,(#5933),'Au\X2\00DF\X0\enputz hell');
#5935=IFCOWNERHISTORY(#3,#4,.READWRITE.,.ADDED.,1791469320,#3,#4,1791469320);
#5936=IFCPROPERTYSET('2FZCSyUlvC3eUAwgR0ZYEO',#5935,'Pset_WallCommon',$,(#5939,#5940));
#5937=IFCOWNERHISTORY(#3,#4,.READWRITE.,.ADDED.,1791469320,#3,#4,1791469320);
#5938=IFCRELDEFINESBYPROPERTIES('1cGB0IZ3fCKu5DIcXToJ2r',#5937,$,$,(#5875),#5936);
#5939=IFCPROPERTYSINGLEVALUE('IsExternal',$,IFCBOOLEAN(.F.),$);
#5940=IFCPROPERTYSINGLEVALUE('Reference',$,IFCIDENTIFIER('IW Bestand DG 24 in Zwerchhaus-Wangenflucht (Annahme)'),$);
#5941=IFCOWNERHISTORY(#3,#4,.READWRITE.,.ADDED.,1791469320,#3,#4,1791469320);
#5942=IFCPROPERTYSET('04V93NU7nATg26iqNTPR5L',#5941,'Oberhofer_Info',$,(#5945,#5946,#5947,#5948));
#5943=IFCOWNERHISTORY(#3,#4,.READWRITE.,.ADDED.,1791469320,#3,#4,1791469320);
#5944=IFCRELDEFINESBYPROPERTIES('3$poyjbNHD8e5K3RaOpJRj',#5943,$,$,(#5875),#5942);
#5945=IFCPROPERTYSINGLEVALUE('Status',$,IFCLABEL('Bestand'),$);
#5946=IFCPROPERTYSINGLEVALUE('Quelle',$,IFCLABEL('Tektur-Grundriss Dachgeschoss M 1:100 (Scan), Lage aus Bema\X2\00DF\X0\ung/Messung \X2\00B1\X0\10 cm'),$);
#5947=IFCPROPERTYSINGLEVALUE('Annahmen',$,IFCLABEL('Kinderzimmer-Seitenw\X2\00E4\X0\nde in der Flucht der Zwerchhaus-Wangen (24 cm wie Wange) unter dem Hauptdach; Plan: Kinderzimmer 4,85 m breit, Modell 4,50 m (Zwerchhaus-Au\X2\00DF\X0\enma\X2\00DF\X0\ 4,98 m aus Ansicht)'),$);
#5948=IFCPROPERTYSINGLEVALUE('Bauteil',$,IFCLABEL('Innenwand Bestand'),$);
#5949=IFCOWNERHISTORY(#3,#4,.READWRITE.,.MODIFIED.,1791469320,#3,#4,1791469320);
#5950=IFCWALLSTANDARDCASE('0DzQLq9Qz2cf5o7K$x4jDi',#5949,'IW DG Kinderzimmer | Eltern/Abseite',$,$,#5955,#5998,$);
#5951=IFCCARTESIANPOINT((7.99,3.38,0.));
#5952=IFCDIRECTION((0.,0.,1.));
#5953=IFCDIRECTION((0.,-1.,0.));
#5954=IFCAXIS2PLACEMENT3D(#5951,#5952,#5953);
#5955=IFCLOCALPLACEMENT(#102,#5954);
#5956=IFCCARTESIANPOINT((0.,0.));
#5957=IFCCARTESIANPOINT((0.,0.24));
#5958=IFCCARTESIANPOINT((3.0149999999999997,0.24));
#5959=IFCCARTESIANPOINT((3.0149999999999997,0.));
#5960=IFCCARTESIANPOINT((0.,0.));
#5961=IFCPOLYLINE((#5956,#5957,#5958,#5959,#5960));
#5962=IFCDIRECTION((0.,0.,1.));
#5963=IFCARBITRARYCLOSEDPROFILEDEF(.AREA.,$,#5961);
#5964=IFCCARTESIANPOINT((0.,0.,0.));
#5965=IFCDIRECTION((0.,0.,1.));
#5966=IFCDIRECTION((1.,0.,0.));
#5967=IFCAXIS2PLACEMENT3D(#5964,#5965,#5966);
#5968=IFCEXTRUDEDAREASOLID(#5963,#5967,#5962,2.5);
#5969=IFCCARTESIANPOINT((3.38,3.879999999999999,2.4000000000000004));
#5970=IFCDIRECTION((0.,0.76604,0.64279));
#5971=IFCDIRECTION((1.,0.,0.));
#5972=IFCAXIS2PLACEMENT3D(#5969,#5970,#5971);
#5973=IFCPLANE(#5972);
#5974=IFCHALFSPACESOLID(#5973,.F.);
#5975=IFCBOOLEANCLIPPINGRESULT(.DIFFERENCE.,#5968,#5974);
#5976=IFCCARTESIANPOINT((3.38,-8.38,2.4000000000000004));
#5977=IFCDIRECTION((0.,-0.76604,0.64279));
#5978=IFCDIRECTION((-1.,0.,0.));
#5979=IFCAXIS2PLACEMENT3D(#5976,#5977,#5978);
#5980=IFCPLANE(#5979);
#5981=IFCHALFSPACESOLID(#5980,.F.);
#5982=IFCBOOLEANCLIPPINGRESULT(.DIFFERENCE.,#5975,#5981);
#5983=IFCCARTESIANPOINT((-0.9100000000000001,-7.99,5.550000000000001));
#5984=IFCDIRECTION((-0.78801,0.,0.61566));
#5985=IFCDIRECTION((0.,1.,-0.));
#5986=IFCAXIS2PLACEMENT3D(#5983,#5984,#5985);
#5987=IFCPLANE(#5986);
#5988=IFCHALFSPACESOLID(#5987,.F.);
#5989=IFCBOOLEANCLIPPINGRESULT(.DIFFERENCE.,#5982,#5988);
#5990=IFCCARTESIANPOINT((-0.9100000000000001,-7.99,5.550000000000001));
#5991=IFCDIRECTION((0.78801,0.,0.61566));
#5992=IFCDIRECTION((0.,-1.,0.));
#5993=IFCAXIS2PLACEMENT3D(#5990,#5991,#5992);
#5994=IFCPLANE(#5993);
#5995=IFCHALFSPACESOLID(#5994,.F.);
#5996=IFCBOOLEANCLIPPINGRESULT(.DIFFERENCE.,#5989,#5995);
#5997=IFCSHAPEREPRESENTATION(#20,'Body','Clipping',(#5996));
#5998=IFCPRODUCTDEFINITIONSHAPE($,$,(#5997,#6002));
#5999=IFCCARTESIANPOINT((0.,0.));
#6000=IFCCARTESIANPOINT((3.0149999999999997,0.));
#6001=IFCPOLYLINE((#5999,#6000));
#6002=IFCSHAPEREPRESENTATION(#21,'Axis','Curve2D',(#6001));
#6003=IFCMATERIALLAYERSETUSAGE(#5390,.AXIS2.,.POSITIVE.,0.);
#6004=IFCOWNERHISTORY(#3,#4,.READWRITE.,.ADDED.,1791469320,#3,#4,1791469320);
#6005=IFCRELASSOCIATESMATERIAL('1muXJiC4vB4QD6RX0ZTJnT',#6004,$,$,(#5950),#6003);
#6006=IFCPRESENTATIONSTYLEASSIGNMENT((#237));
#6007=IFCSTYLEDITEM(#5996,(#6006),'Au\X2\00DF\X0\enputz hell');
#6008=IFCOWNERHISTORY(#3,#4,.READWRITE.,.ADDED.,1791469320,#3,#4,1791469320);
#6009=IFCPROPERTYSET('39cSjlHJz4HOgrO_Om$OPU',#6008,'Pset_WallCommon',$,(#6012,#6013));
#6010=IFCOWNERHISTORY(#3,#4,.READWRITE.,.ADDED.,1791469320,#3,#4,1791469320);
#6011=IFCRELDEFINESBYPROPERTIES('1InbSwVv981xtCVOyUdZ$y',#6010,$,$,(#5950),#6009);
#6012=IFCPROPERTYSINGLEVALUE('IsExternal',$,IFCBOOLEAN(.F.),$);
#6013=IFCPROPERTYSINGLEVALUE('Reference',$,IFCIDENTIFIER('IW Bestand DG 24 in Zwerchhaus-Wangenflucht (Annahme)'),$);
#6014=IFCOWNERHISTORY(#3,#4,.READWRITE.,.ADDED.,1791469320,#3,#4,1791469320);
#6015=IFCPROPERTYSET('0FBh97_Uv2UfgX1gT2lsxu',#6014,'Oberhofer_Info',$,(#6018,#6019,#6020,#6021));
#6016=IFCOWNERHISTORY(#3,#4,.READWRITE.,.ADDED.,1791469320,#3,#4,1791469320);
#6017=IFCRELDEFINESBYPROPERTIES('2afZoZ$Pb4uuiGvwNbFV2w',#6016,$,$,(#5950),#6015);
#6018=IFCPROPERTYSINGLEVALUE('Status',$,IFCLABEL('Bestand'),$);
#6019=IFCPROPERTYSINGLEVALUE('Quelle',$,IFCLABEL('Tektur-Grundriss Dachgeschoss M 1:100 (Scan), Lage aus Bema\X2\00DF\X0\ung/Messung \X2\00B1\X0\10 cm'),$);
#6020=IFCPROPERTYSINGLEVALUE('Annahmen',$,IFCLABEL('Kinderzimmer-Seitenw\X2\00E4\X0\nde in der Flucht der Zwerchhaus-Wangen (24 cm wie Wange) unter dem Hauptdach; Plan: Kinderzimmer 4,85 m breit, Modell 4,50 m (Zwerchhaus-Au\X2\00DF\X0\enma\X2\00DF\X0\ 4,98 m aus Ansicht)'),$);
#6021=IFCPROPERTYSINGLEVALUE('Bauteil',$,IFCLABEL('Innenwand Bestand'),$);
#6022=IFCOWNERHISTORY(#3,#4,.READWRITE.,.MODIFIED.,1791469320,#3,#4,1791469320);
#6023=IFCWALLSTANDARDCASE('1QKqJsq191EhwvAxXaBl0P',#6022,'IW DG Kinderzimmer | Flur',$,$,#6028,#6043,$);
#6024=IFCCARTESIANPOINT((3.49,3.265,0.));
#6025=IFCDIRECTION((0.,0.,1.));
#6026=IFCDIRECTION((1.,0.,0.));
#6027=IFCAXIS2PLACEMENT3D(#6024,#6025,#6026);
#6028=IFCLOCALPLACEMENT(#102,#6027);
#6029=IFCCARTESIANPOINT((0.,0.));
#6030=IFCCARTESIANPOINT((0.,0.115));
#6031=IFCCARTESIANPOINT((4.5,0.115));
#6032=IFCCARTESIANPOINT((4.5,0.));
#6033=IFCCARTESIANPOINT((0.,0.));
#6034=IFCPOLYLINE((#6029,#6030,#6031,#6032,#6033));
#6035=IFCDIRECTION((0.,0.,1.));
#6036=IFCARBITRARYCLOSEDPROFILEDEF(.AREA.,$,#6034);
#6037=IFCCARTESIANPOINT((0.,0.,0.));
#6038=IFCDIRECTION((0.,0.,1.));
#6039=IFCDIRECTION((1.,0.,0.));
#6040=IFCAXIS2PLACEMENT3D(#6037,#6038,#6039);
#6041=IFCEXTRUDEDAREASOLID(#6036,#6040,#6035,2.5);
#6042=IFCSHAPEREPRESENTATION(#20,'Body','SweptSolid',(#6041));
#6043=IFCPRODUCTDEFINITIONSHAPE($,$,(#6042,#6047));
#6044=IFCCARTESIANPOINT((0.,0.));
#6045=IFCCARTESIANPOINT((4.5,0.));
#6046=IFCPOLYLINE((#6044,#6045));
#6047=IFCSHAPEREPRESENTATION(#21,'Axis','Curve2D',(#6046));
#6048=IFCMATERIALLAYERSETUSAGE(#5374,.AXIS2.,.POSITIVE.,0.);
#6049=IFCOWNERHISTORY(#3,#4,.READWRITE.,.ADDED.,1791469320,#3,#4,1791469320);
#6050=IFCRELASSOCIATESMATERIAL('2fNWKbfI54VwaeeQ4J1_Iz',#6049,$,$,(#6023),#6048);
#6051=IFCPRESENTATIONSTYLEASSIGNMENT((#237));
#6052=IFCSTYLEDITEM(#6041,(#6051),'Au\X2\00DF\X0\enputz hell');
#6053=IFCOWNERHISTORY(#3,#4,.READWRITE.,.ADDED.,1791469320,#3,#4,1791469320);
#6054=IFCPROPERTYSET('2CO4fUppv8Z9s1POmlidnb',#6053,'Pset_WallCommon',$,(#6057,#6058));
#6055=IFCOWNERHISTORY(#3,#4,.READWRITE.,.ADDED.,1791469320,#3,#4,1791469320);
#6056=IFCRELDEFINESBYPROPERTIES('3N5PrK9uPCiuCy74pkgidu',#6055,$,$,(#6023),#6054);
#6057=IFCPROPERTYSINGLEVALUE('IsExternal',$,IFCBOOLEAN(.F.),$);
#6058=IFCPROPERTYSINGLEVALUE('Reference',$,IFCIDENTIFIER('IW Bestand 11,5 (Annahme)'),$);
#6059=IFCOWNERHISTORY(#3,#4,.READWRITE.,.ADDED.,1791469320,#3,#4,1791469320);
#6060=IFCPROPERTYSET('01i9wIC6187uuOmpWZm2YN',#6059,'Oberhofer_Info',$,(#6063,#6064,#6065,#6066));
#6061=IFCOWNERHISTORY(#3,#4,.READWRITE.,.ADDED.,1791469320,#3,#4,1791469320);
#6062=IFCRELDEFINESBYPROPERTIES('2RQrC43mP9EurQ$QUyzm5p',#6061,$,$,(#6023),#6060);
#6063=IFCPROPERTYSINGLEVALUE('Status',$,IFCLABEL('Bestand'),$);
#6064=IFCPROPERTYSINGLEVALUE('Quelle',$,IFCLABEL('Tektur-Grundriss Dachgeschoss M 1:100 (Scan), Lage aus Bema\X2\00DF\X0\ung/Messung \X2\00B1\X0\10 cm'),$);
#6065=IFCPROPERTYSINGLEVALUE('Annahmen',$,IFCLABEL('Wanddicke 11,5 cm angenommen (Plan zeichnet ca. 11\X2\2013\X0\17 cm, kein Ma\X2\00DF\X0\); Tragwerk nicht gepr\X2\00FC\X0\ft'),$);
#6066=IFCPROPERTYSINGLEVALUE('Bauteil',$,IFCLABEL('Innenwand Bestand'),$);
#6067=IFCOWNERHISTORY(#3,#4,.READWRITE.,.MODIFIED.,1791469320,#3,#4,1791469320);
#6068=IFCWALLSTANDARDCASE('1Gp_Cy0Z53fexyQRei7rrd',#6067,'IW DG Flur | Schlafzimmer Eltern',$,$,#6073,#6116,$);
#6069=IFCCARTESIANPOINT((7.06,6.8,0.));
#6070=IFCDIRECTION((0.,0.,1.));
#6071=IFCDIRECTION((0.,-1.,0.));
#6072=IFCAXIS2PLACEMENT3D(#6069,#6070,#6071);
#6073=IFCLOCALPLACEMENT(#102,#6072);
#6074=IFCCARTESIANPOINT((0.,0.));
#6075=IFCCARTESIANPOINT((0.,0.115));
#6076=IFCCARTESIANPOINT((3.42,0.115));
#6077=IFCCARTESIANPOINT((3.42,0.));
#6078=IFCCARTESIANPOINT((0.,0.));
#6079=IFCPOLYLINE((#6074,#6075,#6076,#6077,#6078));
#6080=IFCDIRECTION((0.,0.,1.));
#6081=IFCARBITRARYCLOSEDPROFILEDEF(.AREA.,$,#6079);
#6082=IFCCARTESIANPOINT((0.,0.,0.));
#6083=IFCDIRECTION((0.,0.,1.));
#6084=IFCDIRECTION((1.,0.,0.));
#6085=IFCAXIS2PLACEMENT3D(#6082,#6083,#6084);
#6086=IFCEXTRUDEDAREASOLID(#6081,#6085,#6080,2.5);
#6087=IFCCARTESIANPOINT((6.8,4.656792,2.2714420000000004));
#6088=IFCDIRECTION((0.,0.76604,0.64279));
#6089=IFCDIRECTION((1.,0.,0.));
#6090=IFCAXIS2PLACEMENT3D(#6087,#6088,#6089);
#6091=IFCPLANE(#6090);
#6092=IFCHALFSPACESOLID(#6091,.F.);
#6093=IFCBOOLEANCLIPPINGRESULT(.DIFFERENCE.,#6086,#6092);
#6094=IFCCARTESIANPOINT((6.8,-7.296792,2.2714420000000004));
#6095=IFCDIRECTION((0.,-0.76604,0.64279));
#6096=IFCDIRECTION((-1.,0.,0.));
#6097=IFCAXIS2PLACEMENT3D(#6094,#6095,#6096);
#6098=IFCPLANE(#6097);
#6099=IFCHALFSPACESOLID(#6098,.F.);
#6100=IFCBOOLEANCLIPPINGRESULT(.DIFFERENCE.,#6093,#6099);
#6101=IFCCARTESIANPOINT((2.6676019999999996,-7.06,5.426868000000001));
#6102=IFCDIRECTION((-0.78801,0.,0.61566));
#6103=IFCDIRECTION((0.,1.,-0.));
#6104=IFCAXIS2PLACEMENT3D(#6101,#6102,#6103);
#6105=IFCPLANE(#6104);
#6106=IFCHALFSPACESOLID(#6105,.F.);
#6107=IFCBOOLEANCLIPPINGRESULT(.DIFFERENCE.,#6100,#6106);
#6108=IFCCARTESIANPOINT((2.352398,-7.06,5.426868000000001));
#6109=IFCDIRECTION((0.78801,0.,0.61566));
#6110=IFCDIRECTION((0.,-1.,0.));
#6111=IFCAXIS2PLACEMENT3D(#6108,#6109,#6110);
#6112=IFCPLANE(#6111);
#6113=IFCHALFSPACESOLID(#6112,.F.);
#6114=IFCBOOLEANCLIPPINGRESULT(.DIFFERENCE.,#6107,#6113);
#6115=IFCSHAPEREPRESENTATION(#20,'Body','Clipping',(#6114));
#6116=IFCPRODUCTDEFINITIONSHAPE($,$,(#6115,#6120));
#6117=IFCCARTESIANPOINT((0.,0.));
#6118=IFCCARTESIANPOINT((3.42,0.));
#6119=IFCPOLYLINE((#6117,#6118));
#6120=IFCSHAPEREPRESENTATION(#21,'Axis','Curve2D',(#6119));
#6121=IFCMATERIALLAYERSETUSAGE(#5374,.AXIS2.,.POSITIVE.,0.);
#6122=IFCOWNERHISTORY(#3,#4,.READWRITE.,.ADDED.,1791469320,#3,#4,1791469320);
#6123=IFCRELASSOCIATESMATERIAL('2wZXJpXyb7NwBA9ZPV7sEU',#6122,$,$,(#6068),#6121);
#6124=IFCPRESENTATIONSTYLEASSIGNMENT((#237));
#6125=IFCSTYLEDITEM(#6114,(#6124),'Au\X2\00DF\X0\enputz hell');
#6126=IFCOWNERHISTORY(#3,#4,.READWRITE.,.ADDED.,1791469320,#3,#4,1791469320);
#6127=IFCPROPERTYSET('1TA_xxYPj9ChbLc_fPaOlf',#6126,'Pset_WallCommon',$,(#6130,#6131));
#6128=IFCOWNERHISTORY(#3,#4,.READWRITE.,.ADDED.,1791469320,#3,#4,1791469320);
#6129=IFCRELDEFINESBYPROPERTIES('37G8zLAR9DkhTxIsgSUJ0J',#6128,$,$,(#6068),#6127);
#6130=IFCPROPERTYSINGLEVALUE('IsExternal',$,IFCBOOLEAN(.F.),$);
#6131=IFCPROPERTYSINGLEVALUE('Reference',$,IFCIDENTIFIER('IW Bestand 11,5 (Annahme)'),$);
#6132=IFCOWNERHISTORY(#3,#4,.READWRITE.,.ADDED.,1791469320,#3,#4,1791469320);
#6133=IFCPROPERTYSET('3AMdGYWVHDK9xK6kEtT$yH',#6132,'Oberhofer_Info',$,(#6136,#6137,#6138,#6139));
#6134=IFCOWNERHISTORY(#3,#4,.READWRITE.,.ADDED.,1791469320,#3,#4,1791469320);
#6135=IFCRELDEFINESBYPROPERTIES('3J1KLXoYbEjwLR9NiIAaiC',#6134,$,$,(#6068),#6133);
#6136=IFCPROPERTYSINGLEVALUE('Status',$,IFCLABEL('Bestand'),$);
#6137=IFCPROPERTYSINGLEVALUE('Quelle',$,IFCLABEL('Tektur-Grundriss Dachgeschoss M 1:100 (Scan), Lage aus Bema\X2\00DF\X0\ung/Messung \X2\00B1\X0\10 cm'),$);
#6138=IFCPROPERTYSINGLEVALUE('Annahmen',$,IFCLABEL('Wanddicke 11,5 cm angenommen (Plan zeichnet ca. 11\X2\2013\X0\17 cm, kein Ma\X2\00DF\X0\); Tragwerk nicht gepr\X2\00FC\X0\ft'),$);
#6139=IFCPROPERTYSINGLEVALUE('Bauteil',$,IFCLABEL('Innenwand Bestand'),$);
#6140=IFCOWNERHISTORY(#3,#4,.READWRITE.,.MODIFIED.,1791469320,#3,#4,1791469320);
#6141=IFCWALLSTANDARDCASE('1G9oGfutr6TPsn1vvPXmNL',#6140,'IW DG Abseitenwand Gartenseite',$,$,#6146,#6189,$);
#6142=IFCCARTESIANPOINT((0.365,6.8,0.));
#6143=IFCDIRECTION((0.,0.,1.));
#6144=IFCDIRECTION((1.,0.,0.));
#6145=IFCAXIS2PLACEMENT3D(#6142,#6143,#6144);
#6146=IFCLOCALPLACEMENT(#102,#6145);
#6147=IFCCARTESIANPOINT((0.,0.));
#6148=IFCCARTESIANPOINT((0.,0.115));
#6149=IFCCARTESIANPOINT((10.75,0.115));
#6150=IFCCARTESIANPOINT((10.75,0.));
#6151=IFCCARTESIANPOINT((0.,0.));
#6152=IFCPOLYLINE((#6147,#6148,#6149,#6150,#6151));
#6153=IFCDIRECTION((0.,0.,1.));
#6154=IFCARBITRARYCLOSEDPROFILEDEF(.AREA.,$,#6152);
#6155=IFCCARTESIANPOINT((0.,0.,0.));
#6156=IFCDIRECTION((0.,0.,1.));
#6157=IFCDIRECTION((1.,0.,0.));
#6158=IFCAXIS2PLACEMENT3D(#6155,#6156,#6157);
#6159=IFCEXTRUDEDAREASOLID(#6154,#6158,#6153,2.5);
#6160=IFCCARTESIANPOINT((11.351792,-6.8,2.2714420000000004));
#6161=IFCDIRECTION((0.76604,0.,0.64279));
#6162=IFCDIRECTION((0.,-1.,0.));
#6163=IFCAXIS2PLACEMENT3D(#6160,#6161,#6162);
#6164=IFCPLANE(#6163);
#6165=IFCHALFSPACESOLID(#6164,.F.);
#6166=IFCBOOLEANCLIPPINGRESULT(.DIFFERENCE.,#6159,#6165);
#6167=IFCCARTESIANPOINT((-0.601792,-6.8,2.2714420000000004));
#6168=IFCDIRECTION((-0.76604,0.,0.64279));
#6169=IFCDIRECTION((0.,1.,-0.));
#6170=IFCAXIS2PLACEMENT3D(#6167,#6168,#6169);
#6171=IFCPLANE(#6170);
#6172=IFCHALFSPACESOLID(#6171,.F.);
#6173=IFCBOOLEANCLIPPINGRESULT(.DIFFERENCE.,#6166,#6172);
#6174=IFCCARTESIANPOINT((-0.365,-2.6676019999999996,5.426868000000001));
#6175=IFCDIRECTION((0.,0.78801,0.61566));
#6176=IFCDIRECTION((1.,0.,0.));
#6177=IFCAXIS2PLACEMENT3D(#6174,#6175,#6176);
#6178=IFCPLANE(#6177);
#6179=IFCHALFSPACESOLID(#6178,.F.);
#6180=IFCBOOLEANCLIPPINGRESULT(.DIFFERENCE.,#6173,#6179);
#6181=IFCCARTESIANPOINT((-0.365,-2.352398,5.426868000000001));
#6182=IFCDIRECTION((0.,-0.78801,0.61566));
#6183=IFCDIRECTION((-1.,0.,0.));
#6184=IFCAXIS2PLACEMENT3D(#6181,#6182,#6183);
#6185=IFCPLANE(#6184);
#6186=IFCHALFSPACESOLID(#6185,.F.);
#6187=IFCBOOLEANCLIPPINGRESULT(.DIFFERENCE.,#6180,#6186);
#6188=IFCSHAPEREPRESENTATION(#20,'Body','Clipping',(#6187));
#6189=IFCPRODUCTDEFINITIONSHAPE($,$,(#6188,#6193));
#6190=IFCCARTESIANPOINT((0.,0.));
#6191=IFCCARTESIANPOINT((10.75,0.));
#6192=IFCPOLYLINE((#6190,#6191));
#6193=IFCSHAPEREPRESENTATION(#21,'Axis','Curve2D',(#6192));
#6194=IFCMATERIALLAYERSETUSAGE(#5374,.AXIS2.,.POSITIVE.,0.);
#6195=IFCOWNERHISTORY(#3,#4,.READWRITE.,.ADDED.,1791469320,#3,#4,1791469320);
#6196=IFCRELASSOCIATESMATERIAL('1NCdZW0F9649svz0xnbqRZ',#6195,$,$,(#6141),#6194);
#6197=IFCPRESENTATIONSTYLEASSIGNMENT((#237));
#6198=IFCSTYLEDITEM(#6187,(#6197),'Au\X2\00DF\X0\enputz hell');
#6199=IFCOWNERHISTORY(#3,#4,.READWRITE.,.ADDED.,1791469320,#3,#4,1791469320);
#6200=IFCPROPERTYSET('2xh9AqEnjFmA50H2rh51pO',#6199,'Pset_WallCommon',$,(#6203,#6204));
#6201=IFCOWNERHISTORY(#3,#4,.READWRITE.,.ADDED.,1791469320,#3,#4,1791469320);
#6202=IFCRELDEFINESBYPROPERTIES('2tgOOonivBxw3f9tnLH2Ky',#6201,$,$,(#6141),#6200);
#6203=IFCPROPERTYSINGLEVALUE('IsExternal',$,IFCBOOLEAN(.F.),$);
#6204=IFCPROPERTYSINGLEVALUE('Reference',$,IFCIDENTIFIER('IW Bestand 11,5 (Annahme)'),$);
#6205=IFCOWNERHISTORY(#3,#4,.READWRITE.,.ADDED.,1791469320,#3,#4,1791469320);
#6206=IFCPROPERTYSET('17FoR0jkX9WOJLDhc4VKFV',#6205,'Oberhofer_Info',$,(#6209,#6210,#6211,#6212));
#6207=IFCOWNERHISTORY(#3,#4,.READWRITE.,.ADDED.,1791469320,#3,#4,1791469320);
#6208=IFCRELDEFINESBYPROPERTIES('3FTX7TAf5EEOJzKFvfE$nB',#6207,$,$,(#6141),#6206);
#6209=IFCPROPERTYSINGLEVALUE('Status',$,IFCLABEL('Bestand'),$);
#6210=IFCPROPERTYSINGLEVALUE('Quelle',$,IFCLABEL('Tektur-Grundriss Dachgeschoss M 1:100 (Scan), Lage aus Bema\X2\00DF\X0\ung/Messung \X2\00B1\X0\10 cm'),$);
#6211=IFCPROPERTYSINGLEVALUE('Annahmen',$,IFCLABEL('Wanddicke 11,5 cm angenommen (Plan zeichnet ca. 11\X2\2013\X0\17 cm, kein Ma\X2\00DF\X0\); Tragwerk nicht gepr\X2\00FC\X0\ft; Lage aus Bema\X2\00DF\X0\ung 3,50 + 0,90 (Abseite dahinter, nicht ausgebaut)'),$);
#6212=IFCPROPERTYSINGLEVALUE('Bauteil',$,IFCLABEL('Innenwand Bestand'),$);
#6213=IFCOWNERHISTORY(#3,#4,.READWRITE.,.MODIFIED.,1791469320,#3,#4,1791469320);
#6214=IFCWALLSTANDARDCASE('2WILoiYSf3zwuNDqTdX13S',#6213,'IW DG Abseitenwand Stra\X2\00DF\X0\e West',$,$,#6219,#6262,$);
#6215=IFCCARTESIANPOINT((0.365,2.11,0.));
#6216=IFCDIRECTION((0.,0.,1.));
#6217=IFCDIRECTION((1.,0.,0.));
#6218=IFCAXIS2PLACEMENT3D(#6215,#6216,#6217);
#6219=IFCLOCALPLACEMENT(#102,#6218);
#6220=IFCCARTESIANPOINT((0.,0.));
#6221=IFCCARTESIANPOINT((0.,0.115));
#6222=IFCCARTESIANPOINT((2.885,0.115));
#6223=IFCCARTESIANPOINT((2.885,0.));
#6224=IFCCARTESIANPOINT((0.,0.));
#6225=IFCPOLYLINE((#6220,#6221,#6222,#6223,#6224));
#6226=IFCDIRECTION((0.,0.,1.));
#6227=IFCARBITRARYCLOSEDPROFILEDEF(.AREA.,$,#6225);
#6228=IFCCARTESIANPOINT((0.,0.,0.));
#6229=IFCDIRECTION((0.,0.,1.));
#6230=IFCDIRECTION((1.,0.,0.));
#6231=IFCAXIS2PLACEMENT3D(#6228,#6229,#6230);
#6232=IFCEXTRUDEDAREASOLID(#6227,#6231,#6226,2.5);
#6233=IFCCARTESIANPOINT((11.351792,-2.11,2.2714420000000004));
#6234=IFCDIRECTION((0.76604,0.,0.64279));
#6235=IFCDIRECTION((0.,-1.,0.));
#6236=IFCAXIS2PLACEMENT3D(#6233,#6234,#6235);
#6237=IFCPLANE(#6236);
#6238=IFCHALFSPACESOLID(#6237,.F.);
#6239=IFCBOOLEANCLIPPINGRESULT(.DIFFERENCE.,#6232,#6238);
#6240=IFCCARTESIANPOINT((-0.601792,-2.11,2.2714420000000004));
#6241=IFCDIRECTION((-0.76604,0.,0.64279));
#6242=IFCDIRECTION((0.,1.,-0.));
#6243=IFCAXIS2PLACEMENT3D(#6240,#6241,#6242);
#6244=IFCPLANE(#6243);
#6245=IFCHALFSPACESOLID(#6244,.F.);
#6246=IFCBOOLEANCLIPPINGRESULT(.DIFFERENCE.,#6239,#6245);
#6247=IFCCARTESIANPOINT((-0.365,2.0223980000000004,5.426868000000001));
#6248=IFCDIRECTION((0.,0.78801,0.61566));
#6249=IFCDIRECTION((1.,0.,0.));
#6250=IFCAXIS2PLACEMENT3D(#6247,#6248,#6249);
#6251=IFCPLANE(#6250);
#6252=IFCHALFSPACESOLID(#6251,.F.);
#6253=IFCBOOLEANCLIPPINGRESULT(.DIFFERENCE.,#6246,#6252);
#6254=IFCCARTESIANPOINT((-0.365,2.337602,5.426868000000001));
#6255=IFCDIRECTION((0.,-0.78801,0.61566));
#6256=IFCDIRECTION((-1.,0.,0.));
#6257=IFCAXIS2PLACEMENT3D(#6254,#6255,#6256);
#6258=IFCPLANE(#6257);
#6259=IFCHALFSPACESOLID(#6258,.F.);
#6260=IFCBOOLEANCLIPPINGRESULT(.DIFFERENCE.,#6253,#6259);
#6261=IFCSHAPEREPRESENTATION(#20,'Body','Clipping',(#6260));
#6262=IFCPRODUCTDEFINITIONSHAPE($,$,(#6261,#6266));
#6263=IFCCARTESIANPOINT((0.,0.));
#6264=IFCCARTESIANPOINT((2.885,0.));
#6265=IFCPOLYLINE((#6263,#6264));
#6266=IFCSHAPEREPRESENTATION(#21,'Axis','Curve2D',(#6265));
#6267=IFCMATERIALLAYERSETUSAGE(#5374,.AXIS2.,.POSITIVE.,0.);
#6268=IFCOWNERHISTORY(#3,#4,.READWRITE.,.ADDED.,1791469320,#3,#4,1791469320);
#6269=IFCRELASSOCIATESMATERIAL('0iUlpIyX95RR3IAmflN5YR',#6268,$,$,(#6214),#6267);
#6270=IFCPRESENTATIONSTYLEASSIGNMENT((#237));
#6271=IFCSTYLEDITEM(#6260,(#6270),'Au\X2\00DF\X0\enputz hell');
#6272=IFCOWNERHISTORY(#3,#4,.READWRITE.,.ADDED.,1791469320,#3,#4,1791469320);
#6273=IFCPROPERTYSET('2yAyImfwz34wC9OB9soDN9',#6272,'Pset_WallCommon',$,(#6276,#6277));
#6274=IFCOWNERHISTORY(#3,#4,.READWRITE.,.ADDED.,1791469320,#3,#4,1791469320);
#6275=IFCRELDEFINESBYPROPERTIES('2sT4_UazrBe8erm53Jwijc',#6274,$,$,(#6214),#6273);
#6276=IFCPROPERTYSINGLEVALUE('IsExternal',$,IFCBOOLEAN(.F.),$);
#6277=IFCPROPERTYSINGLEVALUE('Reference',$,IFCIDENTIFIER('IW Bestand 11,5 (Annahme)'),$);
#6278=IFCOWNERHISTORY(#3,#4,.READWRITE.,.ADDED.,1791469320,#3,#4,1791469320);
#6279=IFCPROPERTYSET('1uQ5K3_ZbFp94$CuFLbwXt',#6278,'Oberhofer_Info',$,(#6282,#6283,#6284,#6285));
#6280=IFCOWNERHISTORY(#3,#4,.READWRITE.,.ADDED.,1791469320,#3,#4,1791469320);
#6281=IFCRELDEFINESBYPROPERTIES('2ClP5c_6j2wwFsLyWkIfRu',#6280,$,$,(#6214),#6279);
#6282=IFCPROPERTYSINGLEVALUE('Status',$,IFCLABEL('Bestand'),$);
#6283=IFCPROPERTYSINGLEVALUE('Quelle',$,IFCLABEL('Tektur-Grundriss Dachgeschoss M 1:100 (Scan), Lage aus Bema\X2\00DF\X0\ung/Messung \X2\00B1\X0\10 cm'),$);
#6284=IFCPROPERTYSINGLEVALUE('Annahmen',$,IFCLABEL('Wanddicke 11,5 cm angenommen (Plan zeichnet ca. 11\X2\2013\X0\17 cm, kein Ma\X2\00DF\X0\); Tragwerk nicht gepr\X2\00FC\X0\ft; Lage aus Bema\X2\00DF\X0\ung 1,15 vor Kinderzimmer-R\X2\00FC\X0\ckwand'),$);
#6285=IFCPROPERTYSINGLEVALUE('Bauteil',$,IFCLABEL('Innenwand Bestand'),$);
#6286=IFCOWNERHISTORY(#3,#4,.READWRITE.,.MODIFIED.,1791469320,#3,#4,1791469320);
#6287=IFCWALLSTANDARDCASE('2dWLna2$94dhf8PBXNfMub',#6286,'IW DG Abseitenwand Stra\X2\00DF\X0\e Ost',$,$,#6292,#6335,$);
#6288=IFCCARTESIANPOINT((8.23,2.11,0.));
#6289=IFCDIRECTION((0.,0.,1.));
#6290=IFCDIRECTION((1.,0.,0.));
#6291=IFCAXIS2PLACEMENT3D(#6288,#6289,#6290);
#6292=IFCLOCALPLACEMENT(#102,#6291);
#6293=IFCCARTESIANPOINT((0.,0.));
#6294=IFCCARTESIANPOINT((0.,0.115));
#6295=IFCCARTESIANPOINT((2.885,0.115));
#6296=IFCCARTESIANPOINT((2.885,0.));
#6297=IFCCARTESIANPOINT((0.,0.));
#6298=IFCPOLYLINE((#6293,#6294,#6295,#6296,#6297));
#6299=IFCDIRECTION((0.,0.,1.));
#6300=IFCARBITRARYCLOSEDPROFILEDEF(.AREA.,$,#6298);
#6301=IFCCARTESIANPOINT((0.,0.,0.));
#6302=IFCDIRECTION((0.,0.,1.));
#6303=IFCDIRECTION((1.,0.,0.));
#6304=IFCAXIS2PLACEMENT3D(#6301,#6302,#6303);
#6305=IFCEXTRUDEDAREASOLID(#6300,#6304,#6299,2.5);
#6306=IFCCARTESIANPOINT((3.4867919999999994,-2.11,2.2714420000000004));
#6307=IFCDIRECTION((0.76604,0.,0.64279));
#6308=IFCDIRECTION((0.,-1.,0.));
#6309=IFCAXIS2PLACEMENT3D(#6306,#6307,#6308);
#6310=IFCPLANE(#6309);
#6311=IFCHALFSPACESOLID(#6310,.F.);
#6312=IFCBOOLEANCLIPPINGRESULT(.DIFFERENCE.,#6305,#6311);
#6313=IFCCARTESIANPOINT((-8.466792,-2.11,2.2714420000000004));
#6314=IFCDIRECTION((-0.76604,0.,0.64279));
#6315=IFCDIRECTION((0.,1.,-0.));
#6316=IFCAXIS2PLACEMENT3D(#6313,#6314,#6315);
#6317=IFCPLANE(#6316);
#6318=IFCHALFSPACESOLID(#6317,.F.);
#6319=IFCBOOLEANCLIPPINGRESULT(.DIFFERENCE.,#6312,#6318);
#6320=IFCCARTESIANPOINT((-8.23,2.0223980000000004,5.426868000000001));
#6321=IFCDIRECTION((0.,0.78801,0.61566));
#6322=IFCDIRECTION((1.,0.,0.));
#6323=IFCAXIS2PLACEMENT3D(#6320,#6321,#6322);
#6324=IFCPLANE(#6323);
#6325=IFCHALFSPACESOLID(#6324,.F.);
#6326=IFCBOOLEANCLIPPINGRESULT(.DIFFERENCE.,#6319,#6325);
#6327=IFCCARTESIANPOINT((-8.23,2.337602,5.426868000000001));
#6328=IFCDIRECTION((0.,-0.78801,0.61566));
#6329=IFCDIRECTION((-1.,0.,0.));
#6330=IFCAXIS2PLACEMENT3D(#6327,#6328,#6329);
#6331=IFCPLANE(#6330);
#6332=IFCHALFSPACESOLID(#6331,.F.);
#6333=IFCBOOLEANCLIPPINGRESULT(.DIFFERENCE.,#6326,#6332);
#6334=IFCSHAPEREPRESENTATION(#20,'Body','Clipping',(#6333));
#6335=IFCPRODUCTDEFINITIONSHAPE($,$,(#6334,#6339));
#6336=IFCCARTESIANPOINT((0.,0.));
#6337=IFCCARTESIANPOINT((2.885,0.));
#6338=IFCPOLYLINE((#6336,#6337));
#6339=IFCSHAPEREPRESENTATION(#21,'Axis','Curve2D',(#6338));
#6340=IFCMATERIALLAYERSETUSAGE(#5374,.AXIS2.,.POSITIVE.,0.);
#6341=IFCOWNERHISTORY(#3,#4,.READWRITE.,.ADDED.,1791469320,#3,#4,1791469320);
#6342=IFCRELASSOCIATESMATERIAL('24xGUk_3j84xUS$I_t9yrX',#6341,$,$,(#6287),#6340);
#6343=IFCPRESENTATIONSTYLEASSIGNMENT((#237));
#6344=IFCSTYLEDITEM(#6333,(#6343),'Au\X2\00DF\X0\enputz hell');
#6345=IFCOWNERHISTORY(#3,#4,.READWRITE.,.ADDED.,1791469320,#3,#4,1791469320);
#6346=IFCPROPERTYSET('0w3RFP3BX5JA9gECcBUFgc',#6345,'Pset_WallCommon',$,(#6349,#6350));
#6347=IFCOWNERHISTORY(#3,#4,.READWRITE.,.ADDED.,1791469320,#3,#4,1791469320);
#6348=IFCRELDEFINESBYPROPERTIES('3aeM1kGujBmRPQ_7XYEfYC',#6347,$,$,(#6287),#6346);
#6349=IFCPROPERTYSINGLEVALUE('IsExternal',$,IFCBOOLEAN(.F.),$);
#6350=IFCPROPERTYSINGLEVALUE('Reference',$,IFCIDENTIFIER('IW Bestand 11,5 (Annahme)'),$);
#6351=IFCOWNERHISTORY(#3,#4,.READWRITE.,.ADDED.,1791469320,#3,#4,1791469320);
#6352=IFCPROPERTYSET('22L6qFvEP3tBcyg306_n1Q',#6351,'Oberhofer_Info',$,(#6355,#6356,#6357,#6358));
#6353=IFCOWNERHISTORY(#3,#4,.READWRITE.,.ADDED.,1791469320,#3,#4,1791469320);
#6354=IFCRELDEFINESBYPROPERTIES('2I35nCtBnDowDF_$fbFRLA',#6353,$,$,(#6287),#6352);
#6355=IFCPROPERTYSINGLEVALUE('Status',$,IFCLABEL('Bestand'),$);
#6356=IFCPROPERTYSINGLEVALUE('Quelle',$,IFCLABEL('Tektur-Grundriss Dachgeschoss M 1:100 (Scan), Lage aus Bema\X2\00DF\X0\ung/Messung \X2\00B1\X0\10 cm'),$);
#6357=IFCPROPERTYSINGLEVALUE('Annahmen',$,IFCLABEL('Wanddicke 11,5 cm angenommen (Plan zeichnet ca. 11\X2\2013\X0\17 cm, kein Ma\X2\00DF\X0\); Tragwerk nicht gepr\X2\00FC\X0\ft; Lage aus Bema\X2\00DF\X0\ung 1,15 vor Kinderzimmer-R\X2\00FC\X0\ckwand'),$);
#6358=IFCPROPERTYSINGLEVALUE('Bauteil',$,IFCLABEL('Innenwand Bestand'),$);
#6359=IFCOWNERHISTORY(#3,#4,.READWRITE.,.MODIFIED.,1791469320,#3,#4,1791469320);
#6360=IFCOPENINGELEMENT('0cQyZjF_9FaOu_ro4BFCbD',#6359,'\X2\00D6\X0\ffnung Innent\X2\00FC\X0\r EG K\X2\00FC\X0\che\X2\2013\X0\Abstellraum',$,$,#6387,#6380,$);
#6366=IFCCARTESIANPOINT((0.,0.));
#6367=IFCCARTESIANPOINT((0.,0.315));
#6368=IFCCARTESIANPOINT((0.8850000000000007,0.315));
#6369=IFCCARTESIANPOINT((0.8850000000000007,0.));
#6370=IFCCARTESIANPOINT((0.,0.));
#6371=IFCPOLYLINE((#6366,#6367,#6368,#6369,#6370));
#6372=IFCDIRECTION((0.,0.,1.));
#6373=IFCARBITRARYCLOSEDPROFILEDEF(.AREA.,$,#6371);
#6374=IFCCARTESIANPOINT((0.,0.,0.));
#6375=IFCDIRECTION((0.,0.,1.));
#6376=IFCDIRECTION((1.,0.,0.));
#6377=IFCAXIS2PLACEMENT3D(#6374,#6375,#6376);
#6378=IFCEXTRUDEDAREASOLID(#6373,#6377,#6372,2.01);
#6379=IFCSHAPEREPRESENTATION(#20,'Body','SweptSolid',(#6378));
#6380=IFCPRODUCTDEFINITIONSHAPE($,$,(#6379));
#6381=IFCOWNERHISTORY(#3,#4,.READWRITE.,.ADDED.,1791469320,#3,#4,1791469320);
#6382=IFCRELVOIDSELEMENT('084L7OoOb9CA$sv8kRuT$E',#6381,$,$,#5442,#6360);
#6383=IFCCARTESIANPOINT((0.5599999999999996,-0.10000000000000009,0.));
#6384=IFCDIRECTION((0.,0.,1.));
#6385=IFCDIRECTION((1.,0.,0.));
#6386=IFCAXIS2PLACEMENT3D(#6383,#6384,#6385);
#6387=IFCLOCALPLACEMENT(#5447,#6386);
#6388=IFCOWNERHISTORY(#3,#4,.READWRITE.,.MODIFIED.,1791469320,#3,#4,1791469320);
#6389=IFCDOOR('3e1Y$Xy357Efb6S6rD0e8N',#6388,'Innent\X2\00FC\X0\r EG K\X2\00FC\X0\che\X2\2013\X0\Abstellraum',$,$,#6394,#6409,$,2.01,0.885);
#6390=IFCCARTESIANPOINT((2.5974999999999997,7.655,0.));
#6391=IFCDIRECTION((0.,0.,1.));
#6392=IFCDIRECTION((0.,-1.,0.));
#6393=IFCAXIS2PLACEMENT3D(#6390,#6391,#6392);
#6394=IFCLOCALPLACEMENT(#95,#6393);
#6395=IFCCARTESIANPOINT((0.,0.));
#6396=IFCCARTESIANPOINT((0.,0.05));
#6397=IFCCARTESIANPOINT((0.8850000000000007,0.05));
#6398=IFCCARTESIANPOINT((0.8850000000000007,0.));
#6399=IFCCARTESIANPOINT((0.,0.));
#6400=IFCPOLYLINE((#6395,#6396,#6397,#6398,#6399));
#6401=IFCDIRECTION((0.,0.,1.));
#6402=IFCARBITRARYCLOSEDPROFILEDEF(.AREA.,$,#6400);
#6403=IFCCARTESIANPOINT((0.,0.,0.));
#6404=IFCDIRECTION((0.,0.,1.));
#6405=IFCDIRECTION((1.,0.,0.));
#6406=IFCAXIS2PLACEMENT3D(#6403,#6404,#6405);
#6407=IFCEXTRUDEDAREASOLID(#6402,#6406,#6401,2.01);
#6408=IFCSHAPEREPRESENTATION(#20,'Body','SweptSolid',(#6407));
#6409=IFCPRODUCTDEFINITIONSHAPE($,$,(#6408));
#6410=IFCPRESENTATIONSTYLEASSIGNMENT((#445));
#6411=IFCSTYLEDITEM(#6407,(#6410),'Holzt\X2\00FC\X0\r');
#6412=IFCRELFILLSELEMENT('0cGtB$BQD52fIX2Ds$nPqS',#9585,$,$,#6360,#6389);
#6413=IFCOWNERHISTORY(#3,#4,.READWRITE.,.ADDED.,1791469320,#3,#4,1791469320);
#6414=IFCPROPERTYSET('27kmU38tbBO8yurVVNiIbf',#6413,'Pset_DoorCommon',$,(#6417,#6418));
#6415=IFCOWNERHISTORY(#3,#4,.READWRITE.,.ADDED.,1791469320,#3,#4,1791469320);
#6416=IFCRELDEFINESBYPROPERTIES('2_8PUpR4bEhPzeFTQ0eaT8',#6415,$,$,(#6389),#6414);
#6417=IFCPROPERTYSINGLEVALUE('IsExternal',$,IFCBOOLEAN(.F.),$);
#6418=IFCPROPERTYSINGLEVALUE('Reference',$,IFCIDENTIFIER('Innent\X2\00FC\X0\r EG K\X2\00FC\X0\che\X2\2013\X0\Abstellraum'),$);
#6419=IFCOWNERHISTORY(#3,#4,.READWRITE.,.ADDED.,1791469320,#3,#4,1791469320);
#6420=IFCPROPERTYSET('3bTlO$udX8YuruHc47aati',#6419,'Oberhofer_Info',$,(#6423,#6424,#6425,#6426,#6427));
#6421=IFCOWNERHISTORY(#3,#4,.READWRITE.,.ADDED.,1791469320,#3,#4,1791469320);
#6422=IFCRELDEFINESBYPROPERTIES('1OJKBEOdPCA96IZ2Lxq$_b',#6421,$,$,(#6389),#6420);
#6423=IFCPROPERTYSINGLEVALUE('Status',$,IFCLABEL('Bestand'),$);
#6424=IFCPROPERTYSINGLEVALUE('Quelle',$,IFCLABEL('Tektur-Grundriss (Anschlagstriche)'),$);
#6425=IFCPROPERTYSINGLEVALUE('Annahmen',$,IFCLABEL('nein'),$);
#6426=IFCPROPERTYSINGLEVALUE('Breite_m',$,IFCREAL(0.89),$);
#6427=IFCPROPERTYSINGLEVALUE('Hoehe_m',$,IFCREAL(2.01),$);
#6428=IFCOWNERHISTORY(#3,#4,.READWRITE.,.MODIFIED.,1791469320,#3,#4,1791469320);
#6429=IFCOPENINGELEMENT('0FyTZYBXf2sufTh0D_GZAC',#6428,'\X2\00D6\X0\ffnung Innent\X2\00FC\X0\r EG Flur\X2\2013\X0\K\X2\00FC\X0\che',$,$,#6456,#6449,$);
#6435=IFCCARTESIANPOINT((0.,0.));
#6436=IFCCARTESIANPOINT((0.,0.315));
#6437=IFCCARTESIANPOINT((0.8849999999999998,0.315));
#6438=IFCCARTESIANPOINT((0.8849999999999998,0.));
#6439=IFCCARTESIANPOINT((0.,0.));
#6440=IFCPOLYLINE((#6435,#6436,#6437,#6438,#6439));
#6441=IFCDIRECTION((0.,0.,1.));
#6442=IFCARBITRARYCLOSEDPROFILEDEF(.AREA.,$,#6440);
#6443=IFCCARTESIANPOINT((0.,0.,0.));
#6444=IFCDIRECTION((0.,0.,1.));
#6445=IFCDIRECTION((1.,0.,0.));
#6446=IFCAXIS2PLACEMENT3D(#6443,#6444,#6445);
#6447=IFCEXTRUDEDAREASOLID(#6442,#6446,#6441,2.01);
#6448=IFCSHAPEREPRESENTATION(#20,'Body','SweptSolid',(#6447));
#6449=IFCPRODUCTDEFINITIONSHAPE($,$,(#6448));
#6450=IFCOWNERHISTORY(#3,#4,.READWRITE.,.ADDED.,1791469320,#3,#4,1791469320);
#6451=IFCRELVOIDSELEMENT('27SOL3ecr7VvLpAf4dRfh1',#6450,$,$,#5395,#6429);
#6452=IFCCARTESIANPOINT((3.0949999999999998,-0.09999999999999964,0.));
#6453=IFCDIRECTION((0.,0.,1.));
#6454=IFCDIRECTION((1.,0.,0.));
#6455=IFCAXIS2PLACEMENT3D(#6452,#6453,#6454);
#6456=IFCLOCALPLACEMENT(#5400,#6455);
#6457=IFCOWNERHISTORY(#3,#4,.READWRITE.,.MODIFIED.,1791469320,#3,#4,1791469320);
#6458=IFCDOOR('2M4EoT4XPCIejvd5RORjNg',#6457,'Innent\X2\00FC\X0\r EG Flur\X2\2013\X0\K\X2\00FC\X0\che',$,$,#6463,#6478,$,2.01,0.885);
#6459=IFCCARTESIANPOINT((3.46,5.0075,0.));
#6460=IFCDIRECTION((0.,0.,1.));
#6461=IFCDIRECTION((1.,0.,0.));
#6462=IFCAXIS2PLACEMENT3D(#6459,#6460,#6461);
#6463=IFCLOCALPLACEMENT(#95,#6462);
#6464=IFCCARTESIANPOINT((0.,0.));
#6465=IFCCARTESIANPOINT((0.,0.05));
#6466=IFCCARTESIANPOINT((0.8849999999999998,0.05));
#6467=IFCCARTESIANPOINT((0.8849999999999998,0.));
#6468=IFCCARTESIANPOINT((0.,0.));
#6469=IFCPOLYLINE((#6464,#6465,#6466,#6467,#6468));
#6470=IFCDIRECTION((0.,0.,1.));
#6471=IFCARBITRARYCLOSEDPROFILEDEF(.AREA.,$,#6469);
#6472=IFCCARTESIANPOINT((0.,0.,0.));
#6473=IFCDIRECTION((0.,0.,1.));
#6474=IFCDIRECTION((1.,0.,0.));
#6475=IFCAXIS2PLACEMENT3D(#6472,#6473,#6474);
#6476=IFCEXTRUDEDAREASOLID(#6471,#6475,#6470,2.01);
#6477=IFCSHAPEREPRESENTATION(#20,'Body','SweptSolid',(#6476));
#6478=IFCPRODUCTDEFINITIONSHAPE($,$,(#6477));
#6479=IFCPRESENTATIONSTYLEASSIGNMENT((#445));
#6480=IFCSTYLEDITEM(#6476,(#6479),'Holzt\X2\00FC\X0\r');
#6481=IFCRELFILLSELEMENT('1mWThZc6H5dAohp651q0hq',#9585,$,$,#6429,#6458);
#6482=IFCOWNERHISTORY(#3,#4,.READWRITE.,.ADDED.,1791469320,#3,#4,1791469320);
#6483=IFCPROPERTYSET('2K8D2$XxT4ZegVwJTlpxSz',#6482,'Pset_DoorCommon',$,(#6486,#6487));
#6484=IFCOWNERHISTORY(#3,#4,.READWRITE.,.ADDED.,1791469320,#3,#4,1791469320);
#6485=IFCRELDEFINESBYPROPERTIES('25BL5E7FPDEO5Qatp$pU6B',#6484,$,$,(#6458),#6483);
#6486=IFCPROPERTYSINGLEVALUE('IsExternal',$,IFCBOOLEAN(.F.),$);
#6487=IFCPROPERTYSINGLEVALUE('Reference',$,IFCIDENTIFIER('Innent\X2\00FC\X0\r EG Flur\X2\2013\X0\K\X2\00FC\X0\che'),$);
#6488=IFCOWNERHISTORY(#3,#4,.READWRITE.,.ADDED.,1791469320,#3,#4,1791469320);
#6489=IFCPROPERTYSET('3VV24qx_PELf_c53gXJwXK',#6488,'Oberhofer_Info',$,(#6492,#6493,#6494,#6495,#6496));
#6490=IFCOWNERHISTORY(#3,#4,.READWRITE.,.ADDED.,1791469320,#3,#4,1791469320);
#6491=IFCRELDEFINESBYPROPERTIES('1O82eMrE1C19QQS_Ym2_08',#6490,$,$,(#6458),#6489);
#6492=IFCPROPERTYSINGLEVALUE('Status',$,IFCLABEL('Bestand'),$);
#6493=IFCPROPERTYSINGLEVALUE('Quelle',$,IFCLABEL('Tektur-Grundriss (Anschlagstriche)'),$);
#6494=IFCPROPERTYSINGLEVALUE('Annahmen',$,IFCLABEL('nein'),$);
#6495=IFCPROPERTYSINGLEVALUE('Breite_m',$,IFCREAL(0.88),$);
#6496=IFCPROPERTYSINGLEVALUE('Hoehe_m',$,IFCREAL(2.01),$);
#6497=IFCOWNERHISTORY(#3,#4,.READWRITE.,.MODIFIED.,1791469320,#3,#4,1791469320);
#6498=IFCOPENINGELEMENT('3rtnD84R1Ct8m2YtnX_WQw',#6497,'\X2\00D6\X0\ffnung Innent\X2\00FC\X0\r EG Flur\X2\2013\X0\Wohnzimmer',$,$,#6525,#6518,$);
#6504=IFCCARTESIANPOINT((0.,0.));
#6505=IFCCARTESIANPOINT((0.,0.315));
#6506=IFCCARTESIANPOINT((0.8849999999999998,0.315));
#6507=IFCCARTESIANPOINT((0.8849999999999998,0.));
#6508=IFCCARTESIANPOINT((0.,0.));
#6509=IFCPOLYLINE((#6504,#6505,#6506,#6507,#6508));
#6510=IFCDIRECTION((0.,0.,1.));
#6511=IFCARBITRARYCLOSEDPROFILEDEF(.AREA.,$,#6509);
#6512=IFCCARTESIANPOINT((0.,0.,0.));
#6513=IFCDIRECTION((0.,0.,1.));
#6514=IFCDIRECTION((1.,0.,0.));
#6515=IFCAXIS2PLACEMENT3D(#6512,#6513,#6514);
#6516=IFCEXTRUDEDAREASOLID(#6511,#6515,#6510,2.01);
#6517=IFCSHAPEREPRESENTATION(#20,'Body','SweptSolid',(#6516));
#6518=IFCPRODUCTDEFINITIONSHAPE($,$,(#6517));
#6519=IFCOWNERHISTORY(#3,#4,.READWRITE.,.ADDED.,1791469320,#3,#4,1791469320);
#6520=IFCRELVOIDSELEMENT('3jT60IboTAOAst88bIZUXu',#6519,$,$,#5577,#6498);
#6521=IFCCARTESIANPOINT((5.8325,-0.09999999999999964,0.));
#6522=IFCDIRECTION((0.,0.,1.));
#6523=IFCDIRECTION((1.,0.,0.));
#6524=IFCAXIS2PLACEMENT3D(#6521,#6522,#6523);
#6525=IFCLOCALPLACEMENT(#5582,#6524);
#6526=IFCOWNERHISTORY(#3,#4,.READWRITE.,.MODIFIED.,1791469320,#3,#4,1791469320);
#6527=IFCDOOR('3PynxDFb9Cjv_QLRLbRshr',#6526,'Innent\X2\00FC\X0\r EG Flur\X2\2013\X0\Wohnzimmer',$,$,#6532,#6547,$,2.01,0.885);
#6528=IFCCARTESIANPOINT((7.0925,2.3825000000000003,0.));
#6529=IFCDIRECTION((0.,0.,1.));
#6530=IFCDIRECTION((0.,-1.,0.));
#6531=IFCAXIS2PLACEMENT3D(#6528,#6529,#6530);
#6532=IFCLOCALPLACEMENT(#95,#6531);
#6533=IFCCARTESIANPOINT((0.,0.));
#6534=IFCCARTESIANPOINT((0.,0.05));
#6535=IFCCARTESIANPOINT((0.8849999999999998,0.05));
#6536=IFCCARTESIANPOINT((0.8849999999999998,0.));
#6537=IFCCARTESIANPOINT((0.,0.));
#6538=IFCPOLYLINE((#6533,#6534,#6535,#6536,#6537));
#6539=IFCDIRECTION((0.,0.,1.));
#6540=IFCARBITRARYCLOSEDPROFILEDEF(.AREA.,$,#6538);
#6541=IFCCARTESIANPOINT((0.,0.,0.));
#6542=IFCDIRECTION((0.,0.,1.));
#6543=IFCDIRECTION((1.,0.,0.));
#6544=IFCAXIS2PLACEMENT3D(#6541,#6542,#6543);
#6545=IFCEXTRUDEDAREASOLID(#6540,#6544,#6539,2.01);
#6546=IFCSHAPEREPRESENTATION(#20,'Body','SweptSolid',(#6545));
#6547=IFCPRODUCTDEFINITIONSHAPE($,$,(#6546));
#6548=IFCPRESENTATIONSTYLEASSIGNMENT((#445));
#6549=IFCSTYLEDITEM(#6545,(#6548),'Holzt\X2\00FC\X0\r');
#6550=IFCRELFILLSELEMENT('1klzFsQz1CnfBKaBUdkiWl',#9585,$,$,#6498,#6527);
#6551=IFCOWNERHISTORY(#3,#4,.READWRITE.,.ADDED.,1791469320,#3,#4,1791469320);
#6552=IFCPROPERTYSET('0jMP9uDBP6rAkK1bptjfLr',#6551,'Pset_DoorCommon',$,(#6555,#6556));
#6553=IFCOWNERHISTORY(#3,#4,.READWRITE.,.ADDED.,1791469320,#3,#4,1791469320);
#6554=IFCRELDEFINESBYPROPERTIES('1YkINkH0HEY8rVEARPPXKs',#6553,$,$,(#6527),#6552);
#6555=IFCPROPERTYSINGLEVALUE('IsExternal',$,IFCBOOLEAN(.F.),$);
#6556=IFCPROPERTYSINGLEVALUE('Reference',$,IFCIDENTIFIER('Innent\X2\00FC\X0\r EG Flur\X2\2013\X0\Wohnzimmer'),$);
#6557=IFCOWNERHISTORY(#3,#4,.READWRITE.,.ADDED.,1791469320,#3,#4,1791469320);
#6558=IFCPROPERTYSET('3b_4ApFHL6RfttlysOkVo8',#6557,'Oberhofer_Info',$,(#6561,#6562,#6563,#6564,#6565));
#6559=IFCOWNERHISTORY(#3,#4,.READWRITE.,.ADDED.,1791469320,#3,#4,1791469320);
#6560=IFCRELDEFINESBYPROPERTIES('2uEuHxD4HCH8Wbs9hH4173',#6559,$,$,(#6527),#6558);
#6561=IFCPROPERTYSINGLEVALUE('Status',$,IFCLABEL('Bestand'),$);
#6562=IFCPROPERTYSINGLEVALUE('Quelle',$,IFCLABEL('Tektur-Grundriss (Anschlagstriche)'),$);
#6563=IFCPROPERTYSINGLEVALUE('Annahmen',$,IFCLABEL('nein'),$);
#6564=IFCPROPERTYSINGLEVALUE('Breite_m',$,IFCREAL(0.88),$);
#6565=IFCPROPERTYSINGLEVALUE('Hoehe_m',$,IFCREAL(2.01),$);
#6566=IFCOWNERHISTORY(#3,#4,.READWRITE.,.MODIFIED.,1791469320,#3,#4,1791469320);
#6567=IFCOPENINGELEMENT('2_DIJiqpT31B6keIN5TXGL',#6566,'\X2\00D6\X0\ffnung Innent\X2\00FC\X0\r EG Flur\X2\2013\X0\Bad',$,$,#6594,#6587,$);
#6573=IFCCARTESIANPOINT((0.,0.));
#6574=IFCCARTESIANPOINT((0.,0.315));
#6575=IFCCARTESIANPOINT((0.7350000000000003,0.315));
#6576=IFCCARTESIANPOINT((0.7350000000000003,0.));
#6577=IFCCARTESIANPOINT((0.,0.));
#6578=IFCPOLYLINE((#6573,#6574,#6575,#6576,#6577));
#6579=IFCDIRECTION((0.,0.,1.));
#6580=IFCARBITRARYCLOSEDPROFILEDEF(.AREA.,$,#6578);
#6581=IFCCARTESIANPOINT((0.,0.,0.));
#6582=IFCDIRECTION((0.,0.,1.));
#6583=IFCDIRECTION((1.,0.,0.));
#6584=IFCAXIS2PLACEMENT3D(#6581,#6582,#6583);
#6585=IFCEXTRUDEDAREASOLID(#6580,#6584,#6579,2.01);
#6586=IFCSHAPEREPRESENTATION(#20,'Body','SweptSolid',(#6585));
#6587=IFCPRODUCTDEFINITIONSHAPE($,$,(#6586));
#6588=IFCOWNERHISTORY(#3,#4,.READWRITE.,.ADDED.,1791469320,#3,#4,1791469320);
#6589=IFCRELVOIDSELEMENT('398VyV93r2nQU11YSAd2BL',#6588,$,$,#5667,#6567);
#6590=IFCCARTESIANPOINT((0.4399999999999995,-0.10000000000000009,0.));
#6591=IFCDIRECTION((0.,0.,1.));
#6592=IFCDIRECTION((1.,0.,0.));
#6593=IFCAXIS2PLACEMENT3D(#6590,#6591,#6592);
#6594=IFCLOCALPLACEMENT(#5672,#6593);
#6595=IFCOWNERHISTORY(#3,#4,.READWRITE.,.MODIFIED.,1791469320,#3,#4,1791469320);
#6596=IFCDOOR('1RoM9mPu931PMg_wED0rmJ',#6595,'Innent\X2\00FC\X0\r EG Flur\X2\2013\X0\Bad',$,$,#6601,#6616,$,2.01,0.735);
#6597=IFCCARTESIANPOINT((3.3225,4.535,0.));
#6598=IFCDIRECTION((0.,0.,1.));
#6599=IFCDIRECTION((0.,-1.,0.));
#6600=IFCAXIS2PLACEMENT3D(#6597,#6598,#6599);
#6601=IFCLOCALPLACEMENT(#95,#6600);
#6602=IFCCARTESIANPOINT((0.,0.));
#6603=IFCCARTESIANPOINT((0.,0.05));
#6604=IFCCARTESIANPOINT((0.7350000000000003,0.05));
#6605=IFCCARTESIANPOINT((0.7350000000000003,0.));
#6606=IFCCARTESIANPOINT((0.,0.));
#6607=IFCPOLYLINE((#6602,#6603,#6604,#6605,#6606));
#6608=IFCDIRECTION((0.,0.,1.));
#6609=IFCARBITRARYCLOSEDPROFILEDEF(.AREA.,$,#6607);
#6610=IFCCARTESIANPOINT((0.,0.,0.));
#6611=IFCDIRECTION((0.,0.,1.));
#6612=IFCDIRECTION((1.,0.,0.));
#6613=IFCAXIS2PLACEMENT3D(#6610,#6611,#6612);
#6614=IFCEXTRUDEDAREASOLID(#6609,#6613,#6608,2.01);
#6615=IFCSHAPEREPRESENTATION(#20,'Body','SweptSolid',(#6614));
#6616=IFCPRODUCTDEFINITIONSHAPE($,$,(#6615));
#6617=IFCPRESENTATIONSTYLEASSIGNMENT((#445));
#6618=IFCSTYLEDITEM(#6614,(#6617),'Holzt\X2\00FC\X0\r');
#6619=IFCRELFILLSELEMENT('0jXps$HMD4ZeudbU_Ey45K',#9585,$,$,#6567,#6596);
#6620=IFCOWNERHISTORY(#3,#4,.READWRITE.,.ADDED.,1791469320,#3,#4,1791469320);
#6621=IFCPROPERTYSET('3crM5Nemn0efM9VmNEzCQR',#6620,'Pset_DoorCommon',$,(#6624,#6625));
#6622=IFCOWNERHISTORY(#3,#4,.READWRITE.,.ADDED.,1791469320,#3,#4,1791469320);
#6623=IFCRELDEFINESBYPROPERTIES('2PfhZjC6v03xybELABF$HK',#6622,$,$,(#6596),#6621);
#6624=IFCPROPERTYSINGLEVALUE('IsExternal',$,IFCBOOLEAN(.F.),$);
#6625=IFCPROPERTYSINGLEVALUE('Reference',$,IFCIDENTIFIER('Innent\X2\00FC\X0\r EG Flur\X2\2013\X0\Bad'),$);
#6626=IFCOWNERHISTORY(#3,#4,.READWRITE.,.ADDED.,1791469320,#3,#4,1791469320);
#6627=IFCPROPERTYSET('38oXKJyZv34vCYrmCz7_Bg',#6626,'Oberhofer_Info',$,(#6630,#6631,#6632,#6633,#6634));
#6628=IFCOWNERHISTORY(#3,#4,.READWRITE.,.ADDED.,1791469320,#3,#4,1791469320);
#6629=IFCRELDEFINESBYPROPERTIES('1DvIxQe3520OgPDjaKPZ5l',#6628,$,$,(#6596),#6627);
#6630=IFCPROPERTYSINGLEVALUE('Status',$,IFCLABEL('Bestand'),$);
#6631=IFCPROPERTYSINGLEVALUE('Quelle',$,IFCLABEL('Tektur-Grundriss (Anschlagstriche)'),$);
#6632=IFCPROPERTYSINGLEVALUE('Annahmen',$,IFCLABEL('Lage/Breite im Plan nicht eindeutig \X2\2013\X0\ ANNAHME (Zugang zum Raum)'),$);
#6633=IFCPROPERTYSINGLEVALUE('Breite_m',$,IFCREAL(0.74),$);
#6634=IFCPROPERTYSINGLEVALUE('Hoehe_m',$,IFCREAL(2.01),$);
#6635=IFCOWNERHISTORY(#3,#4,.READWRITE.,.MODIFIED.,1791469320,#3,#4,1791469320);
#6636=IFCOPENINGELEMENT('0$fyEUUgzEXRTTr4_LqISr',#6635,'\X2\00D6\X0\ffnung Innent\X2\00FC\X0\r EG Flur\X2\2013\X0\Schlafzimmer',$,$,#6663,#6656,$);
#6642=IFCCARTESIANPOINT((0.,0.));
#6643=IFCCARTESIANPOINT((0.,0.315));
#6644=IFCCARTESIANPOINT((0.885,0.315));
#6645=IFCCARTESIANPOINT((0.885,0.));
#6646=IFCCARTESIANPOINT((0.,0.));
#6647=IFCPOLYLINE((#6642,#6643,#6644,#6645,#6646));
#6648=IFCDIRECTION((0.,0.,1.));
#6649=IFCARBITRARYCLOSEDPROFILEDEF(.AREA.,$,#6647);
#6650=IFCCARTESIANPOINT((0.,0.,0.));
#6651=IFCDIRECTION((0.,0.,1.));
#6652=IFCDIRECTION((1.,0.,0.));
#6653=IFCAXIS2PLACEMENT3D(#6650,#6651,#6652);
#6654=IFCEXTRUDEDAREASOLID(#6649,#6653,#6648,2.01);
#6655=IFCSHAPEREPRESENTATION(#20,'Body','SweptSolid',(#6654));
#6656=IFCPRODUCTDEFINITIONSHAPE($,$,(#6655));
#6657=IFCOWNERHISTORY(#3,#4,.READWRITE.,.ADDED.,1791469320,#3,#4,1791469320);
#6658=IFCRELVOIDSELEMENT('3pxceWfdH7aOJFEYvtSkyF',#6657,$,$,#5712,#6636);
#6659=IFCCARTESIANPOINT((0.685,-0.09999999999999964,0.));
#6660=IFCDIRECTION((0.,0.,1.));
#6661=IFCDIRECTION((1.,0.,0.));
#6662=IFCAXIS2PLACEMENT3D(#6659,#6660,#6661);
#6663=IFCLOCALPLACEMENT(#5717,#6662);
#6664=IFCOWNERHISTORY(#3,#4,.READWRITE.,.MODIFIED.,1791469320,#3,#4,1791469320);
#6665=IFCDOOR('15iXIx8K53BPvHk$hWRaWX',#6664,'Innent\X2\00FC\X0\r EG Flur\X2\2013\X0\Schlafzimmer',$,$,#6670,#6685,$,2.01,0.885);
#6666=IFCCARTESIANPOINT((4.4625,2.585,0.));
#6667=IFCDIRECTION((0.,0.,1.));
#6668=IFCDIRECTION((0.,-1.,0.));
#6669=IFCAXIS2PLACEMENT3D(#6666,#6667,#6668);
#6670=IFCLOCALPLACEMENT(#95,#6669);
#6671=IFCCARTESIANPOINT((0.,0.));
#6672=IFCCARTESIANPOINT((0.,0.05));
#6673=IFCCARTESIANPOINT((0.885,0.05));
#6674=IFCCARTESIANPOINT((0.885,0.));
#6675=IFCCARTESIANPOINT((0.,0.));
#6676=IFCPOLYLINE((#6671,#6672,#6673,#6674,#6675));
#6677=IFCDIRECTION((0.,0.,1.));
#6678=IFCARBITRARYCLOSEDPROFILEDEF(.AREA.,$,#6676);
#6679=IFCCARTESIANPOINT((0.,0.,0.));
#6680=IFCDIRECTION((0.,0.,1.));
#6681=IFCDIRECTION((1.,0.,0.));
#6682=IFCAXIS2PLACEMENT3D(#6679,#6680,#6681);
#6683=IFCEXTRUDEDAREASOLID(#6678,#6682,#6677,2.01);
#6684=IFCSHAPEREPRESENTATION(#20,'Body','SweptSolid',(#6683));
#6685=IFCPRODUCTDEFINITIONSHAPE($,$,(#6684));
#6686=IFCPRESENTATIONSTYLEASSIGNMENT((#445));
#6687=IFCSTYLEDITEM(#6683,(#6686),'Holzt\X2\00FC\X0\r');
#6688=IFCRELFILLSELEMENT('1W2fZ1jYLCAvQhRchYlrCo',#9585,$,$,#6636,#6665);
#6689=IFCOWNERHISTORY(#3,#4,.READWRITE.,.ADDED.,1791469320,#3,#4,1791469320);
#6690=IFCPROPERTYSET('0_pWWp_5PAAQ70kxBSTqAz',#6689,'Pset_DoorCommon',$,(#6693,#6694));
#6691=IFCOWNERHISTORY(#3,#4,.READWRITE.,.ADDED.,1791469320,#3,#4,1791469320);
#6692=IFCRELDEFINESBYPROPERTIES('2aWR$xXWb8pw4eC0URdWXY',#6691,$,$,(#6665),#6690);
#6693=IFCPROPERTYSINGLEVALUE('IsExternal',$,IFCBOOLEAN(.F.),$);
#6694=IFCPROPERTYSINGLEVALUE('Reference',$,IFCIDENTIFIER('Innent\X2\00FC\X0\r EG Flur\X2\2013\X0\Schlafzimmer'),$);
#6695=IFCOWNERHISTORY(#3,#4,.READWRITE.,.ADDED.,1791469320,#3,#4,1791469320);
#6696=IFCPROPERTYSET('3nqZHE2Sf5$u9Ia$vjIf$_',#6695,'Oberhofer_Info',$,(#6699,#6700,#6701,#6702,#6703));
#6697=IFCOWNERHISTORY(#3,#4,.READWRITE.,.ADDED.,1791469320,#3,#4,1791469320);
#6698=IFCRELDEFINESBYPROPERTIES('3mIfN6nnr0rgzvKggNuJQo',#6697,$,$,(#6665),#6696);
#6699=IFCPROPERTYSINGLEVALUE('Status',$,IFCLABEL('Bestand'),$);
#6700=IFCPROPERTYSINGLEVALUE('Quelle',$,IFCLABEL('Tektur-Grundriss (Anschlagstriche)'),$);
#6701=IFCPROPERTYSINGLEVALUE('Annahmen',$,IFCLABEL('Lage/Breite im Plan nicht eindeutig \X2\2013\X0\ ANNAHME (Zugang zum Raum)'),$);
#6702=IFCPROPERTYSINGLEVALUE('Breite_m',$,IFCREAL(0.88),$);
#6703=IFCPROPERTYSINGLEVALUE('Hoehe_m',$,IFCREAL(2.01),$);
#6704=IFCOWNERHISTORY(#3,#4,.READWRITE.,.MODIFIED.,1791469320,#3,#4,1791469320);
#6705=IFCOPENINGELEMENT('2RuHCTWtj2Qw6ccrPw1W1z',#6704,'\X2\00D6\X0\ffnung Innent\X2\00FC\X0\r EG K\X2\00FC\X0\che\X2\2013\X0\Speisekammer',$,$,#6732,#6725,$);
#6711=IFCCARTESIANPOINT((0.,0.));
#6712=IFCCARTESIANPOINT((0.,0.315));
#6713=IFCCARTESIANPOINT((0.7350000000000003,0.315));
#6714=IFCCARTESIANPOINT((0.7350000000000003,0.));
#6715=IFCCARTESIANPOINT((0.,0.));
#6716=IFCPOLYLINE((#6711,#6712,#6713,#6714,#6715));
#6717=IFCDIRECTION((0.,0.,1.));
#6718=IFCARBITRARYCLOSEDPROFILEDEF(.AREA.,$,#6716);
#6719=IFCCARTESIANPOINT((0.,0.,0.));
#6720=IFCDIRECTION((0.,0.,1.));
#6721=IFCDIRECTION((1.,0.,0.));
#6722=IFCAXIS2PLACEMENT3D(#6719,#6720,#6721);
#6723=IFCEXTRUDEDAREASOLID(#6718,#6722,#6717,2.01);
#6724=IFCSHAPEREPRESENTATION(#20,'Body','SweptSolid',(#6723));
#6725=IFCPRODUCTDEFINITIONSHAPE($,$,(#6724));
#6726=IFCOWNERHISTORY(#3,#4,.READWRITE.,.ADDED.,1791469320,#3,#4,1791469320);
#6727=IFCRELVOIDSELEMENT('1ZDPQ_2P5C6fJZzARbvILQ',#6726,$,$,#5487,#6705);
#6728=IFCCARTESIANPOINT((0.3799999999999999,-0.09999999999999964,0.));
#6729=IFCDIRECTION((0.,0.,1.));
#6730=IFCDIRECTION((1.,0.,0.));
#6731=IFCAXIS2PLACEMENT3D(#6728,#6729,#6730);
#6732=IFCLOCALPLACEMENT(#5492,#6731);
#6733=IFCOWNERHISTORY(#3,#4,.READWRITE.,.MODIFIED.,1791469320,#3,#4,1791469320);
#6734=IFCDOOR('3SXD_avkrFT9Rdnq3$g4md',#6733,'Innent\X2\00FC\X0\r EG K\X2\00FC\X0\che\X2\2013\X0\Speisekammer',$,$,#6739,#6754,$,2.01,0.735);
#6735=IFCCARTESIANPOINT((6.0025,7.835,0.));
#6736=IFCDIRECTION((0.,0.,1.));
#6737=IFCDIRECTION((0.,-1.,0.));
#6738=IFCAXIS2PLACEMENT3D(#6735,#6736,#6737);
#6739=IFCLOCALPLACEMENT(#95,#6738);
#6740=IFCCARTESIANPOINT((0.,0.));
#6741=IFCCARTESIANPOINT((0.,0.05));
#6742=IFCCARTESIANPOINT((0.7350000000000003,0.05));
#6743=IFCCARTESIANPOINT((0.7350000000000003,0.));
#6744=IFCCARTESIANPOINT((0.,0.));
#6745=IFCPOLYLINE((#6740,#6741,#6742,#6743,#6744));
#6746=IFCDIRECTION((0.,0.,1.));
#6747=IFCARBITRARYCLOSEDPROFILEDEF(.AREA.,$,#6745);
#6748=IFCCARTESIANPOINT((0.,0.,0.));
#6749=IFCDIRECTION((0.,0.,1.));
#6750=IFCDIRECTION((1.,0.,0.));
#6751=IFCAXIS2PLACEMENT3D(#6748,#6749,#6750);
#6752=IFCEXTRUDEDAREASOLID(#6747,#6751,#6746,2.01);
#6753=IFCSHAPEREPRESENTATION(#20,'Body','SweptSolid',(#6752));
#6754=IFCPRODUCTDEFINITIONSHAPE($,$,(#6753));
#6755=IFCPRESENTATIONSTYLEASSIGNMENT((#445));
#6756=IFCSTYLEDITEM(#6752,(#6755),'Holzt\X2\00FC\X0\r');
#6757=IFCRELFILLSELEMENT('1ppsDJV$XFmPmj$1y$62UW',#9585,$,$,#6705,#6734);
#6758=IFCOWNERHISTORY(#3,#4,.READWRITE.,.ADDED.,1791469320,#3,#4,1791469320);
#6759=IFCPROPERTYSET('1Zdfogs4z9VhwiuOeknqW9',#6758,'Pset_DoorCommon',$,(#6762,#6763));
#6760=IFCOWNERHISTORY(#3,#4,.READWRITE.,.ADDED.,1791469320,#3,#4,1791469320);
#6761=IFCRELDEFINESBYPROPERTIES('0bLQeiQBL3a8iSalHIow_E',#6760,$,$,(#6734),#6759);
#6762=IFCPROPERTYSINGLEVALUE('IsExternal',$,IFCBOOLEAN(.F.),$);
#6763=IFCPROPERTYSINGLEVALUE('Reference',$,IFCIDENTIFIER('Innent\X2\00FC\X0\r EG K\X2\00FC\X0\che\X2\2013\X0\Speisekammer'),$);
#6764=IFCOWNERHISTORY(#3,#4,.READWRITE.,.ADDED.,1791469320,#3,#4,1791469320);
#6765=IFCPROPERTYSET('3ZHvXhE6HDxvz6If7_VN9Z',#6764,'Oberhofer_Info',$,(#6768,#6769,#6770,#6771,#6772));
#6766=IFCOWNERHISTORY(#3,#4,.READWRITE.,.ADDED.,1791469320,#3,#4,1791469320);
#6767=IFCRELDEFINESBYPROPERTIES('0kun9WQHL9$xAKSQoN3e30',#6766,$,$,(#6734),#6765);
#6768=IFCPROPERTYSINGLEVALUE('Status',$,IFCLABEL('Bestand'),$);
#6769=IFCPROPERTYSINGLEVALUE('Quelle',$,IFCLABEL('Tektur-Grundriss (Anschlagstriche)'),$);
#6770=IFCPROPERTYSINGLEVALUE('Annahmen',$,IFCLABEL('Lage/Breite im Plan nicht eindeutig \X2\2013\X0\ ANNAHME (Zugang zum Raum)'),$);
#6771=IFCPROPERTYSINGLEVALUE('Breite_m',$,IFCREAL(0.74),$);
#6772=IFCPROPERTYSINGLEVALUE('Hoehe_m',$,IFCREAL(2.01),$);
#6773=IFCOWNERHISTORY(#3,#4,.READWRITE.,.MODIFIED.,1791469320,#3,#4,1791469320);
#6774=IFCOPENINGELEMENT('2Z2h7UsSv5ZvJct56rdDDj',#6773,'\X2\00D6\X0\ffnung Innent\X2\00FC\X0\r EG Anbau W.-K\X2\00FC\X0\che\X2\2013\X0\Nebenraum',$,$,#6801,#6794,$);
#6780=IFCCARTESIANPOINT((0.,0.));
#6781=IFCCARTESIANPOINT((0.,0.315));
#6782=IFCCARTESIANPOINT((0.7849999999999999,0.315));
#6783=IFCCARTESIANPOINT((0.7849999999999999,0.));
#6784=IFCCARTESIANPOINT((0.,0.));
#6785=IFCPOLYLINE((#6780,#6781,#6782,#6783,#6784));
#6786=IFCDIRECTION((0.,0.,1.));
#6787=IFCARBITRARYCLOSEDPROFILEDEF(.AREA.,$,#6785);
#6788=IFCCARTESIANPOINT((0.,0.,0.));
#6789=IFCDIRECTION((0.,0.,1.));
#6790=IFCDIRECTION((1.,0.,0.));
#6791=IFCAXIS2PLACEMENT3D(#6788,#6789,#6790);
#6792=IFCEXTRUDEDAREASOLID(#6787,#6791,#6786,2.01);
#6793=IFCSHAPEREPRESENTATION(#20,'Body','SweptSolid',(#6792));
#6794=IFCPRODUCTDEFINITIONSHAPE($,$,(#6793));
#6795=IFCOWNERHISTORY(#3,#4,.READWRITE.,.ADDED.,1791469320,#3,#4,1791469320);
#6796=IFCRELVOIDSELEMENT('2WI92pMy56PRHtIiFwtRiw',#6795,$,$,#5757,#6774);
#6797=IFCCARTESIANPOINT((0.04999999999999999,-0.09999999999999964,0.));
#6798=IFCDIRECTION((0.,0.,1.));
#6799=IFCDIRECTION((1.,0.,0.));
#6800=IFCAXIS2PLACEMENT3D(#6797,#6798,#6799);
#6801=IFCLOCALPLACEMENT(#5762,#6800);
#6802=IFCOWNERHISTORY(#3,#4,.READWRITE.,.MODIFIED.,1791469320,#3,#4,1791469320);
#6803=IFCDOOR('0nf6XhJ8D1LhO9XIB_OIfp',#6802,'Innent\X2\00FC\X0\r EG Anbau W.-K\X2\00FC\X0\che\X2\2013\X0\Nebenraum',$,$,#6808,#6823,$,2.01,0.785);
#6804=IFCCARTESIANPOINT((0.35,10.7325,0.));
#6805=IFCDIRECTION((0.,0.,1.));
#6806=IFCDIRECTION((1.,0.,0.));
#6807=IFCAXIS2PLACEMENT3D(#6804,#6805,#6806);
#6808=IFCLOCALPLACEMENT(#95,#6807);
#6809=IFCCARTESIANPOINT((0.,0.));
#6810=IFCCARTESIANPOINT((0.,0.05));
#6811=IFCCARTESIANPOINT((0.7849999999999999,0.05));
#6812=IFCCARTESIANPOINT((0.7849999999999999,0.));
#6813=IFCCARTESIANPOINT((0.,0.));
#6814=IFCPOLYLINE((#6809,#6810,#6811,#6812,#6813));
#6815=IFCDIRECTION((0.,0.,1.));
#6816=IFCARBITRARYCLOSEDPROFILEDEF(.AREA.,$,#6814);
#6817=IFCCARTESIANPOINT((0.,0.,0.));
#6818=IFCDIRECTION((0.,0.,1.));
#6819=IFCDIRECTION((1.,0.,0.));
#6820=IFCAXIS2PLACEMENT3D(#6817,#6818,#6819);
#6821=IFCEXTRUDEDAREASOLID(#6816,#6820,#6815,2.01);
#6822=IFCSHAPEREPRESENTATION(#20,'Body','SweptSolid',(#6821));
#6823=IFCPRODUCTDEFINITIONSHAPE($,$,(#6822));
#6824=IFCPRESENTATIONSTYLEASSIGNMENT((#445));
#6825=IFCSTYLEDITEM(#6821,(#6824),'Holzt\X2\00FC\X0\r');
#6826=IFCRELFILLSELEMENT('2Jo4N9UB9E9xQBRVegiWkT',#9585,$,$,#6774,#6803);
#6827=IFCOWNERHISTORY(#3,#4,.READWRITE.,.ADDED.,1791469320,#3,#4,1791469320);
#6828=IFCPROPERTYSET('27pQ_BSnP9g9qI_hB4oxQg',#6827,'Pset_DoorCommon',$,(#6831,#6832));
#6829=IFCOWNERHISTORY(#3,#4,.READWRITE.,.ADDED.,1791469320,#3,#4,1791469320);
#6830=IFCRELDEFINESBYPROPERTIES('3ZYxvVJLv0pPzI7DNkt1WT',#6829,$,$,(#6803),#6828);
#6831=IFCPROPERTYSINGLEVALUE('IsExternal',$,IFCBOOLEAN(.F.),$);
#6832=IFCPROPERTYSINGLEVALUE('Reference',$,IFCIDENTIFIER('Innent\X2\00FC\X0\r EG Anbau W.-K\X2\00FC\X0\che\X2\2013\X0\Nebenraum'),$);
#6833=IFCOWNERHISTORY(#3,#4,.READWRITE.,.ADDED.,1791469320,#3,#4,1791469320);
#6834=IFCPROPERTYSET('0nu7iONUj6sBYYcnt1wTkd',#6833,'Oberhofer_Info',$,(#6837,#6838,#6839,#6840,#6841));
#6835=IFCOWNERHISTORY(#3,#4,.READWRITE.,.ADDED.,1791469320,#3,#4,1791469320);
#6836=IFCRELDEFINESBYPROPERTIES('06ouKvAvrCyPTiw268v77A',#6835,$,$,(#6803),#6834);
#6837=IFCPROPERTYSINGLEVALUE('Status',$,IFCLABEL('Bestand'),$);
#6838=IFCPROPERTYSINGLEVALUE('Quelle',$,IFCLABEL('Tektur-Grundriss (Anschlagstriche)'),$);
#6839=IFCPROPERTYSINGLEVALUE('Annahmen',$,IFCLABEL('Anschlagstriche im Plan, Deutung unsicher'),$);
#6840=IFCPROPERTYSINGLEVALUE('Breite_m',$,IFCREAL(0.78),$);
#6841=IFCPROPERTYSINGLEVALUE('Hoehe_m',$,IFCREAL(2.01),$);
#6842=IFCOWNERHISTORY(#3,#4,.READWRITE.,.MODIFIED.,1791469320,#3,#4,1791469320);
#6843=IFCOPENINGELEMENT('3o$nNG7DjCzB9zyhYke_xc',#6842,'\X2\00D6\X0\ffnung Innent\X2\00FC\X0\r EG Anbau Nebenraum\X2\2013\X0\SCHW',$,$,#6870,#6863,$);
#6849=IFCCARTESIANPOINT((0.,0.));
#6850=IFCCARTESIANPOINT((0.,0.315));
#6851=IFCCARTESIANPOINT((0.7850000000000001,0.315));
#6852=IFCCARTESIANPOINT((0.7850000000000001,0.));
#6853=IFCCARTESIANPOINT((0.,0.));
#6854=IFCPOLYLINE((#6849,#6850,#6851,#6852,#6853));
#6855=IFCDIRECTION((0.,0.,1.));
#6856=IFCARBITRARYCLOSEDPROFILEDEF(.AREA.,$,#6854);
#6857=IFCCARTESIANPOINT((0.,0.,0.));
#6858=IFCDIRECTION((0.,0.,1.));
#6859=IFCDIRECTION((1.,0.,0.));
#6860=IFCAXIS2PLACEMENT3D(#6857,#6858,#6859);
#6861=IFCEXTRUDEDAREASOLID(#6856,#6860,#6855,2.01);
#6862=IFCSHAPEREPRESENTATION(#20,'Body','SweptSolid',(#6861));
#6863=IFCPRODUCTDEFINITIONSHAPE($,$,(#6862));
#6864=IFCOWNERHISTORY(#3,#4,.READWRITE.,.ADDED.,1791469320,#3,#4,1791469320);
#6865=IFCRELVOIDSELEMENT('1hjL1fpSTAfw$uNJIlmp1p',#6864,$,$,#5816,#6843);
#6866=IFCCARTESIANPOINT((0.6950000000000003,-0.10000000000000009,0.));
#6867=IFCDIRECTION((0.,0.,1.));
#6868=IFCDIRECTION((1.,0.,0.));
#6869=IFCAXIS2PLACEMENT3D(#6866,#6867,#6868);
#6870=IFCLOCALPLACEMENT(#5821,#6869);
#6871=IFCOWNERHISTORY(#3,#4,.READWRITE.,.MODIFIED.,1791469320,#3,#4,1791469320);
#6872=IFCDOOR('2nefgqaWz2CB2UmbwaKk1_',#6871,'Innent\X2\00FC\X0\r EG Anbau Nebenraum\X2\2013\X0\SCHW',$,$,#6877,#6892,$,2.01,0.785);
#6873=IFCCARTESIANPOINT((1.2325,12.385,0.));
#6874=IFCDIRECTION((0.,0.,1.));
#6875=IFCDIRECTION((0.,-1.,0.));
#6876=IFCAXIS2PLACEMENT3D(#6873,#6874,#6875);
#6877=IFCLOCALPLACEMENT(#95,#6876);
#6878=IFCCARTESIANPOINT((0.,0.));
#6879=IFCCARTESIANPOINT((0.,0.05));
#6880=IFCCARTESIANPOINT((0.7850000000000001,0.05));
#6881=IFCCARTESIANPOINT((0.7850000000000001,0.));
#6882=IFCCARTESIANPOINT((0.,0.));
#6883=IFCPOLYLINE((#6878,#6879,#6880,#6881,#6882));
#6884=IFCDIRECTION((0.,0.,1.));
#6885=IFCARBITRARYCLOSEDPROFILEDEF(.AREA.,$,#6883);
#6886=IFCCARTESIANPOINT((0.,0.,0.));
#6887=IFCDIRECTION((0.,0.,1.));
#6888=IFCDIRECTION((1.,0.,0.));
#6889=IFCAXIS2PLACEMENT3D(#6886,#6887,#6888);
#6890=IFCEXTRUDEDAREASOLID(#6885,#6889,#6884,2.01);
#6891=IFCSHAPEREPRESENTATION(#20,'Body','SweptSolid',(#6890));
#6892=IFCPRODUCTDEFINITIONSHAPE($,$,(#6891));
#6893=IFCPRESENTATIONSTYLEASSIGNMENT((#445));
#6894=IFCSTYLEDITEM(#6890,(#6893),'Holzt\X2\00FC\X0\r');
#6895=IFCRELFILLSELEMENT('3U55pjVZvEl9EaWCBXIpO9',#9585,$,$,#6843,#6872);
#6896=IFCOWNERHISTORY(#3,#4,.READWRITE.,.ADDED.,1791469320,#3,#4,1791469320);
#6897=IFCPROPERTYSET('2Qvw$5mRr2juGXFRmlJ6g0',#6896,'Pset_DoorCommon',$,(#6900,#6901));
#6898=IFCOWNERHISTORY(#3,#4,.READWRITE.,.ADDED.,1791469320,#3,#4,1791469320);
#6899=IFCRELDEFINESBYPROPERTIES('2VwtvWcn963w5GyxHrRiK0',#6898,$,$,(#6872),#6897);
#6900=IFCPROPERTYSINGLEVALUE('IsExternal',$,IFCBOOLEAN(.F.),$);
#6901=IFCPROPERTYSINGLEVALUE('Reference',$,IFCIDENTIFIER('Innent\X2\00FC\X0\r EG Anbau Nebenraum\X2\2013\X0\SCHW'),$);
#6902=IFCOWNERHISTORY(#3,#4,.READWRITE.,.ADDED.,1791469320,#3,#4,1791469320);
#6903=IFCPROPERTYSET('3KWM2y87n6DQ5df9Wf95jP',#6902,'Oberhofer_Info',$,(#6906,#6907,#6908,#6909,#6910));
#6904=IFCOWNERHISTORY(#3,#4,.READWRITE.,.ADDED.,1791469320,#3,#4,1791469320);
#6905=IFCRELDEFINESBYPROPERTIES('2Q7OkC59H6VRJBHJc3_0BW',#6904,$,$,(#6872),#6903);
#6906=IFCPROPERTYSINGLEVALUE('Status',$,IFCLABEL('Bestand'),$);
#6907=IFCPROPERTYSINGLEVALUE('Quelle',$,IFCLABEL('Tektur-Grundriss (Anschlagstriche)'),$);
#6908=IFCPROPERTYSINGLEVALUE('Annahmen',$,IFCLABEL('Lage/Breite im Plan nicht eindeutig \X2\2013\X0\ ANNAHME (Zugang zum Raum)'),$);
#6909=IFCPROPERTYSINGLEVALUE('Breite_m',$,IFCREAL(0.79),$);
#6910=IFCPROPERTYSINGLEVALUE('Hoehe_m',$,IFCREAL(2.01),$);
#6911=IFCOWNERHISTORY(#3,#4,.READWRITE.,.MODIFIED.,1791469320,#3,#4,1791469320);
#6912=IFCOPENINGELEMENT('3kWfLbBuH3qP1fo4wVk2o_',#6911,'\X2\00D6\X0\ffnung T\X2\00FC\X0\r EG K\X2\00FC\X0\che\X2\2013\X0\Anbau W.-K\X2\00FC\X0\che (in Au\X2\00DF\X0\enwand Gartenseite)',$,$,#6939,#6932,$);
#6918=IFCCARTESIANPOINT((0.,0.));
#6919=IFCCARTESIANPOINT((0.,0.565));
#6920=IFCCARTESIANPOINT((0.7850000000000001,0.565));
#6921=IFCCARTESIANPOINT((0.7850000000000001,0.));
#6922=IFCCARTESIANPOINT((0.,0.));
#6923=IFCPOLYLINE((#6918,#6919,#6920,#6921,#6922));
#6924=IFCDIRECTION((0.,0.,1.));
#6925=IFCARBITRARYCLOSEDPROFILEDEF(.AREA.,$,#6923);
#6926=IFCCARTESIANPOINT((0.,0.,0.));
#6927=IFCDIRECTION((0.,0.,1.));
#6928=IFCDIRECTION((1.,0.,0.));
#6929=IFCAXIS2PLACEMENT3D(#6926,#6927,#6928);
#6930=IFCEXTRUDEDAREASOLID(#6925,#6929,#6924,2.01);
#6931=IFCSHAPEREPRESENTATION(#20,'Body','SweptSolid',(#6930));
#6932=IFCPRODUCTDEFINITIONSHAPE($,$,(#6931));
#6933=IFCOWNERHISTORY(#3,#4,.READWRITE.,.ADDED.,1791469320,#3,#4,1791469320);
#6934=IFCRELVOIDSELEMENT('1y_3$EEJTE0x3usLGOMFHY',#6933,$,$,#690,#6912);
#6935=IFCCARTESIANPOINT((7.945,-0.09999999999999964,0.5));
#6936=IFCDIRECTION((0.,0.,1.));
#6937=IFCDIRECTION((1.,0.,0.));
#6938=IFCAXIS2PLACEMENT3D(#6935,#6936,#6937);
#6939=IFCLOCALPLACEMENT(#695,#6938);
#6940=IFCOWNERHISTORY(#3,#4,.READWRITE.,.MODIFIED.,1791469320,#3,#4,1791469320);
#6941=IFCDOOR('24S4s8mx11B9QeMycgpcg7',#6940,'T\X2\00FC\X0\r EG K\X2\00FC\X0\che\X2\2013\X0\Anbau W.-K\X2\00FC\X0\che (in Au\X2\00DF\X0\enwand Gartenseite)',$,$,#6946,#6961,$,2.01,0.785);
#6942=IFCCARTESIANPOINT((3.535,8.4225,0.));
#6943=IFCDIRECTION((0.,0.,1.));
#6944=IFCDIRECTION((-1.,0.,0.));
#6945=IFCAXIS2PLACEMENT3D(#6942,#6943,#6944);
#6946=IFCLOCALPLACEMENT(#95,#6945);
#6947=IFCCARTESIANPOINT((0.,0.));
#6948=IFCCARTESIANPOINT((0.,0.05));
#6949=IFCCARTESIANPOINT((0.7850000000000001,0.05));
#6950=IFCCARTESIANPOINT((0.7850000000000001,0.));
#6951=IFCCARTESIANPOINT((0.,0.));
#6952=IFCPOLYLINE((#6947,#6948,#6949,#6950,#6951));
#6953=IFCDIRECTION((0.,0.,1.));
#6954=IFCARBITRARYCLOSEDPROFILEDEF(.AREA.,$,#6952);
#6955=IFCCARTESIANPOINT((0.,0.,0.));
#6956=IFCDIRECTION((0.,0.,1.));
#6957=IFCDIRECTION((1.,0.,0.));
#6958=IFCAXIS2PLACEMENT3D(#6955,#6956,#6957);
#6959=IFCEXTRUDEDAREASOLID(#6954,#6958,#6953,2.01);
#6960=IFCSHAPEREPRESENTATION(#20,'Body','SweptSolid',(#6959));
#6961=IFCPRODUCTDEFINITIONSHAPE($,$,(#6960));
#6962=IFCPRESENTATIONSTYLEASSIGNMENT((#445));
#6963=IFCSTYLEDITEM(#6959,(#6962),'Holzt\X2\00FC\X0\r');
#6964=IFCRELFILLSELEMENT('3IzRzc4VfFkxka3wZvyatW',#9585,$,$,#6912,#6941);
#6965=IFCOWNERHISTORY(#3,#4,.READWRITE.,.ADDED.,1791469320,#3,#4,1791469320);
#6966=IFCPROPERTYSET('03$AfURV5BNeoPCsjL0x7K',#6965,'Pset_DoorCommon',$,(#6969,#6970));
#6967=IFCOWNERHISTORY(#3,#4,.READWRITE.,.ADDED.,1791469320,#3,#4,1791469320);
#6968=IFCRELDEFINESBYPROPERTIES('11_Y6VcmnDUftY49Y418Cw',#6967,$,$,(#6941),#6966);
#6969=IFCPROPERTYSINGLEVALUE('IsExternal',$,IFCBOOLEAN(.F.),$);
#6970=IFCPROPERTYSINGLEVALUE('Reference',$,IFCIDENTIFIER('T\X2\00FC\X0\r EG K\X2\00FC\X0\che\X2\2013\X0\Anbau W.-K\X2\00FC\X0\che (in Au\X2\00DF\X0\enwand Gartenseite)'),$);
#6971=IFCOWNERHISTORY(#3,#4,.READWRITE.,.ADDED.,1791469320,#3,#4,1791469320);
#6972=IFCPROPERTYSET('2iwkn1rN5ADw6Xj1OLKdbO',#6971,'Oberhofer_Info',$,(#6975,#6976,#6977,#6978,#6979));
#6973=IFCOWNERHISTORY(#3,#4,.READWRITE.,.ADDED.,1791469320,#3,#4,1791469320);
#6974=IFCRELDEFINESBYPROPERTIES('1h0VLz5a971eMpTPuvqfhD',#6973,$,$,(#6941),#6972);
#6975=IFCPROPERTYSINGLEVALUE('Status',$,IFCLABEL('Bestand'),$);
#6976=IFCPROPERTYSINGLEVALUE('Quelle',$,IFCLABEL('Tektur-Grundriss (Anschlagstriche)'),$);
#6977=IFCPROPERTYSINGLEVALUE('Annahmen',$,IFCLABEL('Lage/Breite im Plan nicht eindeutig \X2\2013\X0\ ANNAHME (Zugang zum Raum); Anbau hat sonst keinen Zugang im Modell'),$);
#6978=IFCPROPERTYSINGLEVALUE('Breite_m',$,IFCREAL(0.79),$);
#6979=IFCPROPERTYSINGLEVALUE('Hoehe_m',$,IFCREAL(2.01),$);
#6980=IFCOWNERHISTORY(#3,#4,.READWRITE.,.MODIFIED.,1791469320,#3,#4,1791469320);
#6981=IFCOPENINGELEMENT('2nRUhJCg57vR23r1GAgQKq',#6980,'\X2\00D6\X0\ffnung Innent\X2\00FC\X0\r DG Flur\X2\2013\X0\Lager/Abstellraum',$,$,#7008,#7001,$);
#6987=IFCCARTESIANPOINT((0.,0.));
#6988=IFCCARTESIANPOINT((0.,0.44));
#6989=IFCCARTESIANPOINT((0.8850000000000007,0.44));
#6990=IFCCARTESIANPOINT((0.8850000000000007,0.));
#6991=IFCCARTESIANPOINT((0.,0.));
#6992=IFCPOLYLINE((#6987,#6988,#6989,#6990,#6991));
#6993=IFCDIRECTION((0.,0.,1.));
#6994=IFCARBITRARYCLOSEDPROFILEDEF(.AREA.,$,#6992);
#6995=IFCCARTESIANPOINT((0.,0.,0.));
#6996=IFCDIRECTION((0.,0.,1.));
#6997=IFCDIRECTION((1.,0.,0.));
#6998=IFCAXIS2PLACEMENT3D(#6995,#6996,#6997);
#6999=IFCEXTRUDEDAREASOLID(#6994,#6998,#6993,2.01);
#7000=IFCSHAPEREPRESENTATION(#20,'Body','SweptSolid',(#6999));
#7001=IFCPRODUCTDEFINITIONSHAPE($,$,(#7000));
#7002=IFCOWNERHISTORY(#3,#4,.READWRITE.,.ADDED.,1791469320,#3,#4,1791469320);
#7003=IFCRELVOIDSELEMENT('04d49QMPnA6PsBawLq9mqI',#7002,$,$,#5875,#6981);
#7004=IFCCARTESIANPOINT((0.5649999999999995,-0.10000000000000009,0.));
#7005=IFCDIRECTION((0.,0.,1.));
#7006=IFCDIRECTION((1.,0.,0.));
#7007=IFCAXIS2PLACEMENT3D(#7004,#7005,#7006);
#7008=IFCLOCALPLACEMENT(#5880,#7007);
#7009=IFCOWNERHISTORY(#3,#4,.READWRITE.,.MODIFIED.,1791469320,#3,#4,1791469320);
#7010=IFCDOOR('2JNfiFHRrDPxNpg$ci4Iu_',#7009,'Innent\X2\00FC\X0\r DG Flur\X2\2013\X0\Lager/Abstellraum',$,$,#7015,#7030,$,2.01,0.885);
#7011=IFCCARTESIANPOINT((3.3449999999999998,6.235,0.));
#7012=IFCDIRECTION((0.,0.,1.));
#7013=IFCDIRECTION((0.,-1.,0.));
#7014=IFCAXIS2PLACEMENT3D(#7011,#7012,#7013);
#7015=IFCLOCALPLACEMENT(#102,#7014);
#7016=IFCCARTESIANPOINT((0.,0.));
#7017=IFCCARTESIANPOINT((0.,0.05));
#7018=IFCCARTESIANPOINT((0.8850000000000007,0.05));
#7019=IFCCARTESIANPOINT((0.8850000000000007,0.));
#7020=IFCCARTESIANPOINT((0.,0.));
#7021=IFCPOLYLINE((#7016,#7017,#7018,#7019,#7020));
#7022=IFCDIRECTION((0.,0.,1.));
#7023=IFCARBITRARYCLOSEDPROFILEDEF(.AREA.,$,#7021);
#7024=IFCCARTESIANPOINT((0.,0.,0.));
#7025=IFCDIRECTION((0.,0.,1.));
#7026=IFCDIRECTION((1.,0.,0.));
#7027=IFCAXIS2PLACEMENT3D(#7024,#7025,#7026);
#7028=IFCEXTRUDEDAREASOLID(#7023,#7027,#7022,2.01);
#7029=IFCSHAPEREPRESENTATION(#20,'Body','SweptSolid',(#7028));
#7030=IFCPRODUCTDEFINITIONSHAPE($,$,(#7029));
#7031=IFCPRESENTATIONSTYLEASSIGNMENT((#445));
#7032=IFCSTYLEDITEM(#7028,(#7031),'Holzt\X2\00FC\X0\r');
#7033=IFCRELFILLSELEMENT('3BbejT6D5CyAXx9PlFxp4U',#9585,$,$,#6981,#7010);
#7034=IFCOWNERHISTORY(#3,#4,.READWRITE.,.ADDED.,1791469320,#3,#4,1791469320);
#7035=IFCPROPERTYSET('1N2bObavPDpOfwp67lYs4S',#7034,'Pset_DoorCommon',$,(#7038,#7039));
#7036=IFCOWNERHISTORY(#3,#4,.READWRITE.,.ADDED.,1791469320,#3,#4,1791469320);
#7037=IFCRELDEFINESBYPROPERTIES('31xD9APqvCiwjpq_CQ6OEt',#7036,$,$,(#7010),#7035);
#7038=IFCPROPERTYSINGLEVALUE('IsExternal',$,IFCBOOLEAN(.F.),$);
#7039=IFCPROPERTYSINGLEVALUE('Reference',$,IFCIDENTIFIER('Innent\X2\00FC\X0\r DG Flur\X2\2013\X0\Lager/Abstellraum'),$);
#7040=IFCOWNERHISTORY(#3,#4,.READWRITE.,.ADDED.,1791469320,#3,#4,1791469320);
#7041=IFCPROPERTYSET('0Mq4DAIkD88AAMdqy1B02m',#7040,'Oberhofer_Info',$,(#7044,#7045,#7046,#7047,#7048));
#7042=IFCOWNERHISTORY(#3,#4,.READWRITE.,.ADDED.,1791469320,#3,#4,1791469320);
#7043=IFCRELDEFINESBYPROPERTIES('0E7Bc5FGXA8vl7CIKA5vVs',#7042,$,$,(#7010),#7041);
#7044=IFCPROPERTYSINGLEVALUE('Status',$,IFCLABEL('Bestand'),$);
#7045=IFCPROPERTYSINGLEVALUE('Quelle',$,IFCLABEL('Tektur-Grundriss (Anschlagstriche)'),$);
#7046=IFCPROPERTYSINGLEVALUE('Annahmen',$,IFCLABEL('nein'),$);
#7047=IFCPROPERTYSINGLEVALUE('Breite_m',$,IFCREAL(0.89),$);
#7048=IFCPROPERTYSINGLEVALUE('Hoehe_m',$,IFCREAL(2.01),$);
#7049=IFCOWNERHISTORY(#3,#4,.READWRITE.,.MODIFIED.,1791469320,#3,#4,1791469320);
#7050=IFCOPENINGELEMENT('0vxA$jgrnFzRuTbXjAmm0A',#7049,'\X2\00D6\X0\ffnung Innent\X2\00FC\X0\r DG Flur\X2\2013\X0\Schlafzimmer Eltern',$,$,#7077,#7070,$);
#7056=IFCCARTESIANPOINT((0.,0.));
#7057=IFCCARTESIANPOINT((0.,0.315));
#7058=IFCCARTESIANPOINT((0.8849999999999998,0.315));
#7059=IFCCARTESIANPOINT((0.8849999999999998,0.));
#7060=IFCCARTESIANPOINT((0.,0.));
#7061=IFCPOLYLINE((#7056,#7057,#7058,#7059,#7060));
#7062=IFCDIRECTION((0.,0.,1.));
#7063=IFCARBITRARYCLOSEDPROFILEDEF(.AREA.,$,#7061);
#7064=IFCCARTESIANPOINT((0.,0.,0.));
#7065=IFCDIRECTION((0.,0.,1.));
#7066=IFCDIRECTION((1.,0.,0.));
#7067=IFCAXIS2PLACEMENT3D(#7064,#7065,#7066);
#7068=IFCEXTRUDEDAREASOLID(#7063,#7067,#7062,2.01);
#7069=IFCSHAPEREPRESENTATION(#20,'Body','SweptSolid',(#7068));
#7070=IFCPRODUCTDEFINITIONSHAPE($,$,(#7069));
#7071=IFCOWNERHISTORY(#3,#4,.READWRITE.,.ADDED.,1791469320,#3,#4,1791469320);
#7072=IFCRELVOIDSELEMENT('0z7wD_XYX0LBhpbKEZAln8',#7071,$,$,#6068,#7050);
#7073=IFCCARTESIANPOINT((0.11500000000000021,-0.09999999999999964,0.));
#7074=IFCDIRECTION((0.,0.,1.));
#7075=IFCDIRECTION((1.,0.,0.));
#7076=IFCAXIS2PLACEMENT3D(#7073,#7074,#7075);
#7077=IFCLOCALPLACEMENT(#6073,#7076);
#7078=IFCOWNERHISTORY(#3,#4,.READWRITE.,.MODIFIED.,1791469320,#3,#4,1791469320);
#7079=IFCDOOR('3e5TPV8g5DlQ$x6yeaHs2d',#7078,'Innent\X2\00FC\X0\r DG Flur\X2\2013\X0\Schlafzimmer Eltern',$,$,#7084,#7099,$,2.01,0.885);
#7080=IFCCARTESIANPOINT((7.0925,6.685,0.));
#7081=IFCDIRECTION((0.,0.,1.));
#7082=IFCDIRECTION((0.,-1.,0.));
#7083=IFCAXIS2PLACEMENT3D(#7080,#7081,#7082);
#7084=IFCLOCALPLACEMENT(#102,#7083);
#7085=IFCCARTESIANPOINT((0.,0.));
#7086=IFCCARTESIANPOINT((0.,0.05));
#7087=IFCCARTESIANPOINT((0.8849999999999998,0.05));
#7088=IFCCARTESIANPOINT((0.8849999999999998,0.));
#7089=IFCCARTESIANPOINT((0.,0.));
#7090=IFCPOLYLINE((#7085,#7086,#7087,#7088,#7089));
#7091=IFCDIRECTION((0.,0.,1.));
#7092=IFCARBITRARYCLOSEDPROFILEDEF(.AREA.,$,#7090);
#7093=IFCCARTESIANPOINT((0.,0.,0.));
#7094=IFCDIRECTION((0.,0.,1.));
#7095=IFCDIRECTION((1.,0.,0.));
#7096=IFCAXIS2PLACEMENT3D(#7093,#7094,#7095);
#7097=IFCEXTRUDEDAREASOLID(#7092,#7096,#7091,2.01);
#7098=IFCSHAPEREPRESENTATION(#20,'Body','SweptSolid',(#7097));
#7099=IFCPRODUCTDEFINITIONSHAPE($,$,(#7098));
#7100=IFCPRESENTATIONSTYLEASSIGNMENT((#445));
#7101=IFCSTYLEDITEM(#7097,(#7100),'Holzt\X2\00FC\X0\r');
#7102=IFCRELFILLSELEMENT('00MIKB5U13UwuElsdN$Wzd',#9585,$,$,#7050,#7079);
#7103=IFCOWNERHISTORY(#3,#4,.READWRITE.,.ADDED.,1791469320,#3,#4,1791469320);
#7104=IFCPROPERTYSET('0KHC1aqLrCOhVFSv7FKLyK',#7103,'Pset_DoorCommon',$,(#7107,#7108));
#7105=IFCOWNERHISTORY(#3,#4,.READWRITE.,.ADDED.,1791469320,#3,#4,1791469320);
#7106=IFCRELDEFINESBYPROPERTIES('29CW1dfon6ou339z64u5zx',#7105,$,$,(#7079),#7104);
#7107=IFCPROPERTYSINGLEVALUE('IsExternal',$,IFCBOOLEAN(.F.),$);
#7108=IFCPROPERTYSINGLEVALUE('Reference',$,IFCIDENTIFIER('Innent\X2\00FC\X0\r DG Flur\X2\2013\X0\Schlafzimmer Eltern'),$);
#7109=IFCOWNERHISTORY(#3,#4,.READWRITE.,.ADDED.,1791469320,#3,#4,1791469320);
#7110=IFCPROPERTYSET('0lHBgoR650fvcYwPiQethB',#7109,'Oberhofer_Info',$,(#7113,#7114,#7115,#7116,#7117));
#7111=IFCOWNERHISTORY(#3,#4,.READWRITE.,.ADDED.,1791469320,#3,#4,1791469320);
#7112=IFCRELDEFINESBYPROPERTIES('0Z2IRYW15C3fuKjAcnysAo',#7111,$,$,(#7079),#7110);
#7113=IFCPROPERTYSINGLEVALUE('Status',$,IFCLABEL('Bestand'),$);
#7114=IFCPROPERTYSINGLEVALUE('Quelle',$,IFCLABEL('Tektur-Grundriss (Anschlagstriche)'),$);
#7115=IFCPROPERTYSINGLEVALUE('Annahmen',$,IFCLABEL('nein'),$);
#7116=IFCPROPERTYSINGLEVALUE('Breite_m',$,IFCREAL(0.88),$);
#7117=IFCPROPERTYSINGLEVALUE('Hoehe_m',$,IFCREAL(2.01),$);
#7118=IFCOWNERHISTORY(#3,#4,.READWRITE.,.MODIFIED.,1791469320,#3,#4,1791469320);
#7119=IFCOPENINGELEMENT('3BE77qrWrAX9hZb2uKaU03',#7118,'\X2\00D6\X0\ffnung Innent\X2\00FC\X0\r DG Flur\X2\2013\X0\Kinderzimmer',$,$,#7146,#7139,$);
#7125=IFCCARTESIANPOINT((0.,0.));
#7126=IFCCARTESIANPOINT((0.,0.315));
#7127=IFCCARTESIANPOINT((0.8849999999999998,0.315));
#7128=IFCCARTESIANPOINT((0.8849999999999998,0.));
#7129=IFCCARTESIANPOINT((0.,0.));
#7130=IFCPOLYLINE((#7125,#7126,#7127,#7128,#7129));
#7131=IFCDIRECTION((0.,0.,1.));
#7132=IFCARBITRARYCLOSEDPROFILEDEF(.AREA.,$,#7130);
#7133=IFCCARTESIANPOINT((0.,0.,0.));
#7134=IFCDIRECTION((0.,0.,1.));
#7135=IFCDIRECTION((1.,0.,0.));
#7136=IFCAXIS2PLACEMENT3D(#7133,#7134,#7135);
#7137=IFCEXTRUDEDAREASOLID(#7132,#7136,#7131,2.01);
#7138=IFCSHAPEREPRESENTATION(#20,'Body','SweptSolid',(#7137));
#7139=IFCPRODUCTDEFINITIONSHAPE($,$,(#7138));
#7140=IFCOWNERHISTORY(#3,#4,.READWRITE.,.ADDED.,1791469320,#3,#4,1791469320);
#7141=IFCRELVOIDSELEMENT('2N6RLS2n17euzwBa_$bbBc',#7140,$,$,#6023,#7119);
#7142=IFCCARTESIANPOINT((0.05999999999999961,-0.10000000000000009,0.));
#7143=IFCDIRECTION((0.,0.,1.));
#7144=IFCDIRECTION((1.,0.,0.));
#7145=IFCAXIS2PLACEMENT3D(#7142,#7143,#7144);
#7146=IFCLOCALPLACEMENT(#6028,#7145);
#7147=IFCOWNERHISTORY(#3,#4,.READWRITE.,.MODIFIED.,1791469320,#3,#4,1791469320);
#7148=IFCDOOR('1gVeaaoH91CApARLiIfWu9',#7147,'Innent\X2\00FC\X0\r DG Flur\X2\2013\X0\Kinderzimmer',$,$,#7153,#7168,$,2.01,0.885);
#7149=IFCCARTESIANPOINT((3.55,3.2975,0.));
#7150=IFCDIRECTION((0.,0.,1.));
#7151=IFCDIRECTION((1.,0.,0.));
#7152=IFCAXIS2PLACEMENT3D(#7149,#7150,#7151);
#7153=IFCLOCALPLACEMENT(#102,#7152);
#7154=IFCCARTESIANPOINT((0.,0.));
#7155=IFCCARTESIANPOINT((0.,0.05));
#7156=IFCCARTESIANPOINT((0.8849999999999998,0.05));
#7157=IFCCARTESIANPOINT((0.8849999999999998,0.));
#7158=IFCCARTESIANPOINT((0.,0.));
#7159=IFCPOLYLINE((#7154,#7155,#7156,#7157,#7158));
#7160=IFCDIRECTION((0.,0.,1.));
#7161=IFCARBITRARYCLOSEDPROFILEDEF(.AREA.,$,#7159);
#7162=IFCCARTESIANPOINT((0.,0.,0.));
#7163=IFCDIRECTION((0.,0.,1.));
#7164=IFCDIRECTION((1.,0.,0.));
#7165=IFCAXIS2PLACEMENT3D(#7162,#7163,#7164);
#7166=IFCEXTRUDEDAREASOLID(#7161,#7165,#7160,2.01);
#7167=IFCSHAPEREPRESENTATION(#20,'Body','SweptSolid',(#7166));
#7168=IFCPRODUCTDEFINITIONSHAPE($,$,(#7167));
#7169=IFCPRESENTATIONSTYLEASSIGNMENT((#445));
#7170=IFCSTYLEDITEM(#7166,(#7169),'Holzt\X2\00FC\X0\r');
#7171=IFCRELFILLSELEMENT('2YTiXRCBnByvZHxMGlubcx',#9585,$,$,#7119,#7148);
#7172=IFCOWNERHISTORY(#3,#4,.READWRITE.,.ADDED.,1791469320,#3,#4,1791469320);
#7173=IFCPROPERTYSET('3Quow_CArFk9mRtn45kuSu',#7172,'Pset_DoorCommon',$,(#7176,#7177));
#7174=IFCOWNERHISTORY(#3,#4,.READWRITE.,.ADDED.,1791469320,#3,#4,1791469320);
#7175=IFCRELDEFINESBYPROPERTIES('2Ue8yDzYXFAweBZ592uVuI',#7174,$,$,(#7148),#7173);
#7176=IFCPROPERTYSINGLEVALUE('IsExternal',$,IFCBOOLEAN(.F.),$);
#7177=IFCPROPERTYSINGLEVALUE('Reference',$,IFCIDENTIFIER('Innent\X2\00FC\X0\r DG Flur\X2\2013\X0\Kinderzimmer'),$);
#7178=IFCOWNERHISTORY(#3,#4,.READWRITE.,.ADDED.,1791469320,#3,#4,1791469320);
#7179=IFCPROPERTYSET('3n$tSrLxj9L87llMJAKTkm',#7178,'Oberhofer_Info',$,(#7182,#7183,#7184,#7185,#7186));
#7180=IFCOWNERHISTORY(#3,#4,.READWRITE.,.ADDED.,1791469320,#3,#4,1791469320);
#7181=IFCRELDEFINESBYPROPERTIES('0GfD38o0rFSf4Z5rA5zxUA',#7180,$,$,(#7148),#7179);
#7182=IFCPROPERTYSINGLEVALUE('Status',$,IFCLABEL('Bestand'),$);
#7183=IFCPROPERTYSINGLEVALUE('Quelle',$,IFCLABEL('Tektur-Grundriss (Anschlagstriche)'),$);
#7184=IFCPROPERTYSINGLEVALUE('Annahmen',$,IFCLABEL('nein'),$);
#7185=IFCPROPERTYSINGLEVALUE('Breite_m',$,IFCREAL(0.88),$);
#7186=IFCPROPERTYSINGLEVALUE('Hoehe_m',$,IFCREAL(2.01),$);
#7187=IFCOWNERHISTORY(#3,#4,.READWRITE.,.MODIFIED.,1791469320,#3,#4,1791469320);
#7188=IFCSPACE('00KsZbgOPE7xkZt9iPQRiX',#7187,'B-EG-01',$,$,#7195,#7208,'Schlafzimmer (Gast / \X2\201E\X0\Oma\X2\201C\X0\)',.ELEMENT.,.INTERNAL.,$);
#7189=IFCOWNERHISTORY(#3,#4,.READWRITE.,.MODIFIED.,1791469321,#3,#4,1791469320);
#7190=IFCRELAGGREGATES('3DnTsXenfBjxZXYFp1LSNe',#7189,$,$,#90,(#7276,#7407,#7535,#7233,#7591,#7188,#7364,#7492,#7648,#7321,#7449));
#7191=IFCCARTESIANPOINT((0.,0.,-0.5));
#7192=IFCDIRECTION((0.,0.,1.));
#7193=IFCDIRECTION((1.,0.,0.));
#7194=IFCAXIS2PLACEMENT3D(#7191,#7192,#7193);
#7195=IFCLOCALPLACEMENT(#95,#7194);
#7196=IFCCARTESIANPOINT((0.365,0.365));
#7197=IFCCARTESIANPOINT((4.43,0.365));
#7198=IFCCARTESIANPOINT((4.43,3.27));
#7199=IFCCARTESIANPOINT((0.365,3.27));
#7200=IFCCARTESIANPOINT((0.365,0.365));
#7201=IFCPOLYLINE((#7196,#7197,#7198,#7199,#7200));
#7202=IFCARBITRARYCLOSEDPROFILEDEF(.AREA.,$,#7201);
#7203=IFCCARTESIANPOINT((0.,0.,0.5));
#7204=IFCAXIS2PLACEMENT3D(#7203,$,$);
#7205=IFCDIRECTION((0.,0.,1.));
#7206=IFCEXTRUDEDAREASOLID(#7202,#7204,#7205,2.8);
#7207=IFCSHAPEREPRESENTATION(#20,'Body','SweptSolid',(#7206));
#7208=IFCPRODUCTDEFINITIONSHAPE($,$,(#7207));
#7209=IFCPRESENTATIONSTYLEASSIGNMENT((#469));
#7210=IFCSTYLEDITEM(#7206,(#7209),'Raum');
#7211=IFCOWNERHISTORY(#3,#4,.READWRITE.,.ADDED.,1791469320,#3,#4,1791469320);
#7212=IFCELEMENTQUANTITY('0vf1EB2X9CEhTqMecRxRjF',#7211,'BaseQuantities',$,'BaseQuantities',(#7215,#7216,#7217));
#7213=IFCOWNERHISTORY(#3,#4,.READWRITE.,.ADDED.,1791469320,#3,#4,1791469320);
#7214=IFCRELDEFINESBYPROPERTIES('0CoK888QT5H9UI1qRYG35I',#7213,$,$,(#7188),#7212);
#7215=IFCQUANTITYAREA('NetFloorArea',$,$,11.81);
#7216=IFCQUANTITYAREA('GrossFloorArea',$,$,11.81);
#7217=IFCQUANTITYLENGTH('Height',$,$,2.8);
#7218=IFCOWNERHISTORY(#3,#4,.READWRITE.,.ADDED.,1791469320,#3,#4,1791469320);
#7219=IFCPROPERTYSET('3wlcDG28r1C9RVlM9OyG0q',#7218,'Pset_SpaceCommon',$,(#7222,#7223));
#7220=IFCOWNERHISTORY(#3,#4,.READWRITE.,.ADDED.,1791469320,#3,#4,1791469320);
#7221=IFCRELDEFINESBYPROPERTIES('35PQEzFM51huQk0pOJaZ_L',#7220,$,$,(#7188),#7219);
#7222=IFCPROPERTYSINGLEVALUE('Reference',$,IFCIDENTIFIER('Schlafzimmer (Gast / \X2\201E\X0\Oma\X2\201C\X0\)'),$);
#7223=IFCPROPERTYSINGLEVALUE('IsExternal',$,IFCBOOLEAN(.F.),$);
#7224=IFCOWNERHISTORY(#3,#4,.READWRITE.,.ADDED.,1791469320,#3,#4,1791469320);
#7225=IFCPROPERTYSET('0fzWKcNHv6yOX92D$Vsim5',#7224,'Oberhofer_Info',$,(#7228,#7229,#7230,#7231));
#7226=IFCOWNERHISTORY(#3,#4,.READWRITE.,.ADDED.,1791469320,#3,#4,1791469320);
#7227=IFCRELDEFINESBYPROPERTIES('2pp5$8Z9jFg8__ENSlHimC',#7226,$,$,(#7188),#7225);
#7228=IFCPROPERTYSINGLEVALUE('Status',$,IFCLABEL('Bestand'),$);
#7229=IFCPROPERTYSINGLEVALUE('Quelle',$,IFCLABEL('Tektur-Grundriss Erdgeschoss M 1:100 (Scan), Lage gemessen \X2\00B1\X0\10 cm'),$);
#7230=IFCPROPERTYSINGLEVALUE('Flaeche_Hinweis',$,IFCLABEL('Grundfl\X2\00E4\X0\che zwischen den W\X2\00E4\X0\nden'),$);
#7231=IFCPROPERTYSINGLEVALUE('Annahmen',$,IFCLABEL('Plan: 4,00 \X2\00D7\X0\ 3,00 m'),$);
#7232=IFCOWNERHISTORY(#3,#4,.READWRITE.,.MODIFIED.,1791469320,#3,#4,1791469320);
#7233=IFCSPACE('0fJuVdtmPEIeU7GJd06VDj',#7232,'B-EG-02',$,$,#7238,#7251,'Bad',.ELEMENT.,.INTERNAL.,$);
#7234=IFCCARTESIANPOINT((0.,0.,-0.5));
#7235=IFCDIRECTION((0.,0.,1.));
#7236=IFCDIRECTION((1.,0.,0.));
#7237=IFCAXIS2PLACEMENT3D(#7234,#7235,#7236);
#7238=IFCLOCALPLACEMENT(#95,#7237);
#7239=IFCCARTESIANPOINT((0.365,3.385));
#7240=IFCCARTESIANPOINT((3.29,3.385));
#7241=IFCCARTESIANPOINT((3.29,4.975));
#7242=IFCCARTESIANPOINT((0.365,4.975));
#7243=IFCCARTESIANPOINT((0.365,3.385));
#7244=IFCPOLYLINE((#7239,#7240,#7241,#7242,#7243));
#7245=IFCARBITRARYCLOSEDPROFILEDEF(.AREA.,$,#7244);
#7246=IFCCARTESIANPOINT((0.,0.,0.5));
#7247=IFCAXIS2PLACEMENT3D(#7246,$,$);
#7248=IFCDIRECTION((0.,0.,1.));
#7249=IFCEXTRUDEDAREASOLID(#7245,#7247,#7248,2.8);
#7250=IFCSHAPEREPRESENTATION(#20,'Body','SweptSolid',(#7249));
#7251=IFCPRODUCTDEFINITIONSHAPE($,$,(#7250));
#7252=IFCPRESENTATIONSTYLEASSIGNMENT((#469));
#7253=IFCSTYLEDITEM(#7249,(#7252),'Raum');
#7254=IFCOWNERHISTORY(#3,#4,.READWRITE.,.ADDED.,1791469320,#3,#4,1791469320);
#7255=IFCELEMENTQUANTITY('2ETRrIGUTEv8AKe7Z9SP1w',#7254,'BaseQuantities',$,'BaseQuantities',(#7258,#7259,#7260));
#7256=IFCOWNERHISTORY(#3,#4,.READWRITE.,.ADDED.,1791469320,#3,#4,1791469320);
#7257=IFCRELDEFINESBYPROPERTIES('13ecMaaRn55x77v5785yOO',#7256,$,$,(#7233),#7255);
#7258=IFCQUANTITYAREA('NetFloorArea',$,$,4.65);
#7259=IFCQUANTITYAREA('GrossFloorArea',$,$,4.65);
#7260=IFCQUANTITYLENGTH('Height',$,$,2.8);
#7261=IFCOWNERHISTORY(#3,#4,.READWRITE.,.ADDED.,1791469320,#3,#4,1791469320);
#7262=IFCPROPERTYSET('3qW7CH2hX3YPJtnxRCMbOm',#7261,'Pset_SpaceCommon',$,(#7265,#7266));
#7263=IFCOWNERHISTORY(#3,#4,.READWRITE.,.ADDED.,1791469320,#3,#4,1791469320);
#7264=IFCRELDEFINESBYPROPERTIES('1iWtCZ1zL8RhziJFvfnH5H',#7263,$,$,(#7233),#7262);
#7265=IFCPROPERTYSINGLEVALUE('Reference',$,IFCIDENTIFIER('Bad'),$);
#7266=IFCPROPERTYSINGLEVALUE('IsExternal',$,IFCBOOLEAN(.F.),$);
#7267=IFCOWNERHISTORY(#3,#4,.READWRITE.,.ADDED.,1791469320,#3,#4,1791469320);
#7268=IFCPROPERTYSET('3SloiAAIX7WBjNMafAkR0R',#7267,'Oberhofer_Info',$,(#7271,#7272,#7273,#7274));
#7269=IFCOWNERHISTORY(#3,#4,.READWRITE.,.ADDED.,1791469320,#3,#4,1791469320);
#7270=IFCRELDEFINESBYPROPERTIES('0Qcl3nGV9BNxTja$vPwIhl',#7269,$,$,(#7233),#7268);
#7271=IFCPROPERTYSINGLEVALUE('Status',$,IFCLABEL('Bestand'),$);
#7272=IFCPROPERTYSINGLEVALUE('Quelle',$,IFCLABEL('Tektur-Grundriss Erdgeschoss M 1:100 (Scan), Lage gemessen \X2\00B1\X0\10 cm'),$);
#7273=IFCPROPERTYSINGLEVALUE('Flaeche_Hinweis',$,IFCLABEL('Grundfl\X2\00E4\X0\che zwischen den W\X2\00E4\X0\nden'),$);
#7274=IFCPROPERTYSINGLEVALUE('Annahmen',$,IFCLABEL('Plan: Tiefe 1,50 m'),$);
#7275=IFCOWNERHISTORY(#3,#4,.READWRITE.,.MODIFIED.,1791469320,#3,#4,1791469320);
#7276=IFCSPACE('28yLTSaF5DjxMusBGY3Vg9',#7275,'B-EG-03',$,$,#7281,#7296,'Flur mit Treppe',.ELEMENT.,.INTERNAL.,$);
#7277=IFCCARTESIANPOINT((0.,0.,-0.5));
#7278=IFCDIRECTION((0.,0.,1.));
#7279=IFCDIRECTION((1.,0.,0.));
#7280=IFCAXIS2PLACEMENT3D(#7277,#7278,#7279);
#7281=IFCLOCALPLACEMENT(#95,#7280);
#7282=IFCCARTESIANPOINT((4.545,0.365));
#7283=IFCCARTESIANPOINT((7.06,0.365));
#7284=IFCCARTESIANPOINT((7.06,4.975));
#7285=IFCCARTESIANPOINT((3.405,4.975));
#7286=IFCCARTESIANPOINT((3.405,3.385));
#7287=IFCCARTESIANPOINT((4.545,3.385));
#7288=IFCCARTESIANPOINT((4.545,0.365));
#7289=IFCPOLYLINE((#7282,#7283,#7284,#7285,#7286,#7287,#7288));
#7290=IFCARBITRARYCLOSEDPROFILEDEF(.AREA.,$,#7289);
#7291=IFCCARTESIANPOINT((0.,0.,0.5));
#7292=IFCAXIS2PLACEMENT3D(#7291,$,$);
#7293=IFCDIRECTION((0.,0.,1.));
#7294=IFCEXTRUDEDAREASOLID(#7290,#7292,#7293,2.8);
#7295=IFCSHAPEREPRESENTATION(#20,'Body','SweptSolid',(#7294));
#7296=IFCPRODUCTDEFINITIONSHAPE($,$,(#7295));
#7297=IFCPRESENTATIONSTYLEASSIGNMENT((#469));
#7298=IFCSTYLEDITEM(#7294,(#7297),'Raum');
#7299=IFCOWNERHISTORY(#3,#4,.READWRITE.,.ADDED.,1791469320,#3,#4,1791469320);
#7300=IFCELEMENTQUANTITY('0_qbDCnZL9s9FCCDL8FGWT',#7299,'BaseQuantities',$,'BaseQuantities',(#7303,#7304,#7305));
#7301=IFCOWNERHISTORY(#3,#4,.READWRITE.,.ADDED.,1791469320,#3,#4,1791469320);
#7302=IFCRELDEFINESBYPROPERTIES('2IwNw6_Cj6oRJrMsHPRyu7',#7301,$,$,(#7276),#7300);
#7303=IFCQUANTITYAREA('NetFloorArea',$,$,13.41);
#7304=IFCQUANTITYAREA('GrossFloorArea',$,$,13.41);
#7305=IFCQUANTITYLENGTH('Height',$,$,2.8);
#7306=IFCOWNERHISTORY(#3,#4,.READWRITE.,.ADDED.,1791469320,#3,#4,1791469320);
#7307=IFCPROPERTYSET('20$382ByT2hRzewxAPT1Od',#7306,'Pset_SpaceCommon',$,(#7310,#7311));
#7308=IFCOWNERHISTORY(#3,#4,.READWRITE.,.ADDED.,1791469320,#3,#4,1791469320);
#7309=IFCRELDEFINESBYPROPERTIES('1lfHsaW$D7zfV5e8kCdZQx',#7308,$,$,(#7276),#7307);
#7310=IFCPROPERTYSINGLEVALUE('Reference',$,IFCIDENTIFIER('Flur mit Treppe'),$);
#7311=IFCPROPERTYSINGLEVALUE('IsExternal',$,IFCBOOLEAN(.F.),$);
#7312=IFCOWNERHISTORY(#3,#4,.READWRITE.,.ADDED.,1791469320,#3,#4,1791469320);
#7313=IFCPROPERTYSET('0QTBBJm_H5tucR3K4mjcz8',#7312,'Oberhofer_Info',$,(#7316,#7317,#7318,#7319));
#7314=IFCOWNERHISTORY(#3,#4,.READWRITE.,.ADDED.,1791469320,#3,#4,1791469320);
#7315=IFCRELDEFINESBYPROPERTIES('2uPK1Ju_b2KBMeFcaAEuUO',#7314,$,$,(#7276),#7313);
#7316=IFCPROPERTYSINGLEVALUE('Status',$,IFCLABEL('Bestand'),$);
#7317=IFCPROPERTYSINGLEVALUE('Quelle',$,IFCLABEL('Tektur-Grundriss Erdgeschoss M 1:100 (Scan), Lage gemessen \X2\00B1\X0\10 cm'),$);
#7318=IFCPROPERTYSINGLEVALUE('Flaeche_Hinweis',$,IFCLABEL('Grundfl\X2\00E4\X0\che zwischen den W\X2\00E4\X0\nden'),$);
#7319=IFCPROPERTYSINGLEVALUE('Annahmen',$,IFCLABEL('Treppe (U-f\X2\00F6\X0\rmig) nicht modelliert'),$);
#7320=IFCOWNERHISTORY(#3,#4,.READWRITE.,.MODIFIED.,1791469320,#3,#4,1791469320);
#7321=IFCSPACE('2QoFeRAU12qOS3ZdSe6zxM',#7320,'B-EG-04',$,$,#7326,#7339,'Abstellraum',.ELEMENT.,.INTERNAL.,$);
#7322=IFCCARTESIANPOINT((0.,0.,-0.5));
#7323=IFCDIRECTION((0.,0.,1.));
#7324=IFCDIRECTION((1.,0.,0.));
#7325=IFCAXIS2PLACEMENT3D(#7322,#7323,#7324);
#7326=IFCLOCALPLACEMENT(#95,#7325);
#7327=IFCCARTESIANPOINT((0.365,5.09));
#7328=IFCCARTESIANPOINT((2.565,5.09));
#7329=IFCCARTESIANPOINT((2.565,8.215));
#7330=IFCCARTESIANPOINT((0.365,8.215));
#7331=IFCCARTESIANPOINT((0.365,5.09));
#7332=IFCPOLYLINE((#7327,#7328,#7329,#7330,#7331));
#7333=IFCARBITRARYCLOSEDPROFILEDEF(.AREA.,$,#7332);
#7334=IFCCARTESIANPOINT((0.,0.,0.5));
#7335=IFCAXIS2PLACEMENT3D(#7334,$,$);
#7336=IFCDIRECTION((0.,0.,1.));
#7337=IFCEXTRUDEDAREASOLID(#7333,#7335,#7336,2.8);
#7338=IFCSHAPEREPRESENTATION(#20,'Body','SweptSolid',(#7337));
#7339=IFCPRODUCTDEFINITIONSHAPE($,$,(#7338));
#7340=IFCPRESENTATIONSTYLEASSIGNMENT((#469));
#7341=IFCSTYLEDITEM(#7337,(#7340),'Raum');
#7342=IFCOWNERHISTORY(#3,#4,.READWRITE.,.ADDED.,1791469320,#3,#4,1791469320);
#7343=IFCELEMENTQUANTITY('0ycD40_Y98WQRVjS3Oq_M0',#7342,'BaseQuantities',$,'BaseQuantities',(#7346,#7347,#7348));
#7344=IFCOWNERHISTORY(#3,#4,.READWRITE.,.ADDED.,1791469320,#3,#4,1791469320);
#7345=IFCRELDEFINESBYPROPERTIES('1aHQynoQT02eULanY2LU$P',#7344,$,$,(#7321),#7343);
#7346=IFCQUANTITYAREA('NetFloorArea',$,$,6.88);
#7347=IFCQUANTITYAREA('GrossFloorArea',$,$,6.88);
#7348=IFCQUANTITYLENGTH('Height',$,$,2.8);
#7349=IFCOWNERHISTORY(#3,#4,.READWRITE.,.ADDED.,1791469320,#3,#4,1791469320);
#7350=IFCPROPERTYSET('0A0HZyvOr0MfsSeFyI8CeR',#7349,'Pset_SpaceCommon',$,(#7353,#7354));
#7351=IFCOWNERHISTORY(#3,#4,.READWRITE.,.ADDED.,1791469320,#3,#4,1791469320);
#7352=IFCRELDEFINESBYPROPERTIES('1AWAKV7qrC5OewCBnpzg3D',#7351,$,$,(#7321),#7350);
#7353=IFCPROPERTYSINGLEVALUE('Reference',$,IFCIDENTIFIER('Abstellraum'),$);
#7354=IFCPROPERTYSINGLEVALUE('IsExternal',$,IFCBOOLEAN(.F.),$);
#7355=IFCOWNERHISTORY(#3,#4,.READWRITE.,.ADDED.,1791469320,#3,#4,1791469320);
#7356=IFCPROPERTYSET('0C_Ib37Lf0nBKZ7CnF0Oy9',#7355,'Oberhofer_Info',$,(#7359,#7360,#7361,#7362));
#7357=IFCOWNERHISTORY(#3,#4,.READWRITE.,.ADDED.,1791469320,#3,#4,1791469320);
#7358=IFCRELDEFINESBYPROPERTIES('33NruynEP6NxArK8EnIpxq',#7357,$,$,(#7321),#7356);
#7359=IFCPROPERTYSINGLEVALUE('Status',$,IFCLABEL('Bestand'),$);
#7360=IFCPROPERTYSINGLEVALUE('Quelle',$,IFCLABEL('Tektur-Grundriss Erdgeschoss M 1:100 (Scan), Lage gemessen \X2\00B1\X0\10 cm'),$);
#7361=IFCPROPERTYSINGLEVALUE('Flaeche_Hinweis',$,IFCLABEL('Grundfl\X2\00E4\X0\che zwischen den W\X2\00E4\X0\nden'),$);
#7362=IFCPROPERTYSINGLEVALUE('Annahmen',$,IFCLABEL('Plan: Breite 2,20 m'),$);
#7363=IFCOWNERHISTORY(#3,#4,.READWRITE.,.MODIFIED.,1791469320,#3,#4,1791469320);
#7364=IFCSPACE('2O7aRGDi1308z37iZQyHxi',#7363,'B-EG-05',$,$,#7369,#7382,'K\X2\00FC\X0\che',.ELEMENT.,.INTERNAL.,$);
#7365=IFCCARTESIANPOINT((0.,0.,-0.5));
#7366=IFCDIRECTION((0.,0.,1.));
#7367=IFCDIRECTION((1.,0.,0.));
#7368=IFCAXIS2PLACEMENT3D(#7365,#7366,#7367);
#7369=IFCLOCALPLACEMENT(#95,#7368);
#7370=IFCCARTESIANPOINT((2.68,5.09));
#7371=IFCCARTESIANPOINT((5.97,5.09));
#7372=IFCCARTESIANPOINT((5.97,8.215));
#7373=IFCCARTESIANPOINT((2.68,8.215));
#7374=IFCCARTESIANPOINT((2.68,5.09));
#7375=IFCPOLYLINE((#7370,#7371,#7372,#7373,#7374));
#7376=IFCARBITRARYCLOSEDPROFILEDEF(.AREA.,$,#7375);
#7377=IFCCARTESIANPOINT((0.,0.,0.5));
#7378=IFCAXIS2PLACEMENT3D(#7377,$,$);
#7379=IFCDIRECTION((0.,0.,1.));
#7380=IFCEXTRUDEDAREASOLID(#7376,#7378,#7379,2.8);
#7381=IFCSHAPEREPRESENTATION(#20,'Body','SweptSolid',(#7380));
#7382=IFCPRODUCTDEFINITIONSHAPE($,$,(#7381));
#7383=IFCPRESENTATIONSTYLEASSIGNMENT((#469));
#7384=IFCSTYLEDITEM(#7380,(#7383),'Raum');
#7385=IFCOWNERHISTORY(#3,#4,.READWRITE.,.ADDED.,1791469320,#3,#4,1791469320);
#7386=IFCELEMENTQUANTITY('2Qx_LlM5j9581wch0HQIoX',#7385,'BaseQuantities',$,'BaseQuantities',(#7389,#7390,#7391));
#7387=IFCOWNERHISTORY(#3,#4,.READWRITE.,.ADDED.,1791469320,#3,#4,1791469320);
#7388=IFCRELDEFINESBYPROPERTIES('1WGW6UNN5BCAJ8ycirniOf',#7387,$,$,(#7364),#7386);
#7389=IFCQUANTITYAREA('NetFloorArea',$,$,10.28);
#7390=IFCQUANTITYAREA('GrossFloorArea',$,$,10.28);
#7391=IFCQUANTITYLENGTH('Height',$,$,2.8);
#7392=IFCOWNERHISTORY(#3,#4,.READWRITE.,.ADDED.,1791469320,#3,#4,1791469320);
#7393=IFCPROPERTYSET('3f8sWXJh12S8k8wBY$njis',#7392,'Pset_SpaceCommon',$,(#7396,#7397));
#7394=IFCOWNERHISTORY(#3,#4,.READWRITE.,.ADDED.,1791469320,#3,#4,1791469320);
#7395=IFCRELDEFINESBYPROPERTIES('2E0Y2cQd52_xWkOsFgSF0z',#7394,$,$,(#7364),#7393);
#7396=IFCPROPERTYSINGLEVALUE('Reference',$,IFCIDENTIFIER('K\X2\00FC\X0\che'),$);
#7397=IFCPROPERTYSINGLEVALUE('IsExternal',$,IFCBOOLEAN(.F.),$);
#7398=IFCOWNERHISTORY(#3,#4,.READWRITE.,.ADDED.,1791469320,#3,#4,1791469320);
#7399=IFCPROPERTYSET('1fDtxDdt16BO1GyhYpVd34',#7398,'Oberhofer_Info',$,(#7402,#7403,#7404,#7405));
#7400=IFCOWNERHISTORY(#3,#4,.READWRITE.,.ADDED.,1791469320,#3,#4,1791469320);
#7401=IFCRELDEFINESBYPROPERTIES('1gQ9ROPsr46uyMLXHTsgbf',#7400,$,$,(#7364),#7399);
#7402=IFCPROPERTYSINGLEVALUE('Status',$,IFCLABEL('Bestand'),$);
#7403=IFCPROPERTYSINGLEVALUE('Quelle',$,IFCLABEL('Tektur-Grundriss Erdgeschoss M 1:100 (Scan), Lage gemessen \X2\00B1\X0\10 cm'),$);
#7404=IFCPROPERTYSINGLEVALUE('Flaeche_Hinweis',$,IFCLABEL('Grundfl\X2\00E4\X0\che zwischen den W\X2\00E4\X0\nden'),$);
#7405=IFCPROPERTYSINGLEVALUE('Annahmen',$,IFCLABEL('Plan: 3,29 \X2\00D7\X0\ 3,40 m; Tiefe im Scan nur ca. 3,13 m (Bema\X2\00DF\X0\ung nicht widerspruchsfrei)'),$);
#7406=IFCOWNERHISTORY(#3,#4,.READWRITE.,.MODIFIED.,1791469320,#3,#4,1791469320);
#7407=IFCSPACE('0K$Fzmj75BIB0boRC0Kwvd',#7406,'B-EG-06',$,$,#7412,#7425,'Speisekammer',.ELEMENT.,.INTERNAL.,$);
#7408=IFCCARTESIANPOINT((0.,0.,-0.5));
#7409=IFCDIRECTION((0.,0.,1.));
#7410=IFCDIRECTION((1.,0.,0.));
#7411=IFCAXIS2PLACEMENT3D(#7408,#7409,#7410);
#7412=IFCLOCALPLACEMENT(#95,#7411);
#7413=IFCCARTESIANPOINT((6.085,6.58));
#7414=IFCCARTESIANPOINT((7.06,6.58));
#7415=IFCCARTESIANPOINT((7.06,8.215));
#7416=IFCCARTESIANPOINT((6.085,8.215));
#7417=IFCCARTESIANPOINT((6.085,6.58));
#7418=IFCPOLYLINE((#7413,#7414,#7415,#7416,#7417));
#7419=IFCARBITRARYCLOSEDPROFILEDEF(.AREA.,$,#7418);
#7420=IFCCARTESIANPOINT((0.,0.,0.5));
#7421=IFCAXIS2PLACEMENT3D(#7420,$,$);
#7422=IFCDIRECTION((0.,0.,1.));
#7423=IFCEXTRUDEDAREASOLID(#7419,#7421,#7422,2.8);
#7424=IFCSHAPEREPRESENTATION(#20,'Body','SweptSolid',(#7423));
#7425=IFCPRODUCTDEFINITIONSHAPE($,$,(#7424));
#7426=IFCPRESENTATIONSTYLEASSIGNMENT((#469));
#7427=IFCSTYLEDITEM(#7423,(#7426),'Raum');
#7428=IFCOWNERHISTORY(#3,#4,.READWRITE.,.ADDED.,1791469320,#3,#4,1791469320);
#7429=IFCELEMENTQUANTITY('1SFNMeRmv1igcE_TbG8zKF',#7428,'BaseQuantities',$,'BaseQuantities',(#7432,#7433,#7434));
#7430=IFCOWNERHISTORY(#3,#4,.READWRITE.,.ADDED.,1791469320,#3,#4,1791469320);
#7431=IFCRELDEFINESBYPROPERTIES('3UNTOSvdD69fGTqo40gq2s',#7430,$,$,(#7407),#7429);
#7432=IFCQUANTITYAREA('NetFloorArea',$,$,1.59);
#7433=IFCQUANTITYAREA('GrossFloorArea',$,$,1.59);
#7434=IFCQUANTITYLENGTH('Height',$,$,2.8);
#7435=IFCOWNERHISTORY(#3,#4,.READWRITE.,.ADDED.,1791469320,#3,#4,1791469320);
#7436=IFCPROPERTYSET('1uXnNYXd15wuuTCf7WWKWQ',#7435,'Pset_SpaceCommon',$,(#7439,#7440));
#7437=IFCOWNERHISTORY(#3,#4,.READWRITE.,.ADDED.,1791469320,#3,#4,1791469320);
#7438=IFCRELDEFINESBYPROPERTIES('3fpGLlDRP3gOYVP0kqjzR9',#7437,$,$,(#7407),#7436);
#7439=IFCPROPERTYSINGLEVALUE('Reference',$,IFCIDENTIFIER('Speisekammer'),$);
#7440=IFCPROPERTYSINGLEVALUE('IsExternal',$,IFCBOOLEAN(.F.),$);
#7441=IFCOWNERHISTORY(#3,#4,.READWRITE.,.ADDED.,1791469320,#3,#4,1791469320);
#7442=IFCPROPERTYSET('21kYLu3dzCo8JKSNi2fivj',#7441,'Oberhofer_Info',$,(#7445,#7446,#7447));
#7443=IFCOWNERHISTORY(#3,#4,.READWRITE.,.ADDED.,1791469320,#3,#4,1791469320);
#7444=IFCRELDEFINESBYPROPERTIES('25DxTLFArFOOuBGbRyQ7Jg',#7443,$,$,(#7407),#7442);
#7445=IFCPROPERTYSINGLEVALUE('Status',$,IFCLABEL('Bestand'),$);
#7446=IFCPROPERTYSINGLEVALUE('Quelle',$,IFCLABEL('Tektur-Grundriss Erdgeschoss M 1:100 (Scan), Lage gemessen \X2\00B1\X0\10 cm'),$);
#7447=IFCPROPERTYSINGLEVALUE('Flaeche_Hinweis',$,IFCLABEL('Grundfl\X2\00E4\X0\che zwischen den W\X2\00E4\X0\nden'),$);
#7448=IFCOWNERHISTORY(#3,#4,.READWRITE.,.MODIFIED.,1791469321,#3,#4,1791469320);
#7449=IFCSPACE('2yE6XTUuf95hP1tXTks6hl',#7448,'B-EG-07',$,$,#7454,#7467,'Wohnzimmer (stra\X2\00DF\X0\enseitig)',.ELEMENT.,.INTERNAL.,$);
#7450=IFCCARTESIANPOINT((0.,0.,-0.5));
#7451=IFCDIRECTION((0.,0.,1.));
#7452=IFCDIRECTION((1.,0.,0.));
#7453=IFCAXIS2PLACEMENT3D(#7450,#7451,#7452);
#7454=IFCLOCALPLACEMENT(#95,#7453);
#7455=IFCCARTESIANPOINT((7.175,0.365));
#7456=IFCCARTESIANPOINT((11.115,0.365));
#7457=IFCCARTESIANPOINT((11.115,4.3));
#7458=IFCCARTESIANPOINT((7.175,4.3));
#7459=IFCCARTESIANPOINT((7.175,0.365));
#7460=IFCPOLYLINE((#7455,#7456,#7457,#7458,#7459));
#7461=IFCARBITRARYCLOSEDPROFILEDEF(.AREA.,$,#7460);
#7462=IFCCARTESIANPOINT((0.,0.,0.5));
#7463=IFCAXIS2PLACEMENT3D(#7462,$,$);
#7464=IFCDIRECTION((0.,0.,1.));
#7465=IFCEXTRUDEDAREASOLID(#7461,#7463,#7464,2.8);
#7466=IFCSHAPEREPRESENTATION(#20,'Body','SweptSolid',(#7465));
#7467=IFCPRODUCTDEFINITIONSHAPE($,$,(#7466));
#7468=IFCPRESENTATIONSTYLEASSIGNMENT((#469));
#7469=IFCSTYLEDITEM(#7465,(#7468),'Raum');
#7470=IFCOWNERHISTORY(#3,#4,.READWRITE.,.ADDED.,1791469321,#3,#4,1791469321);
#7471=IFCELEMENTQUANTITY('2chuuBlxrClPjWWzpJZcmb',#7470,'BaseQuantities',$,'BaseQuantities',(#7474,#7475,#7476));
#7472=IFCOWNERHISTORY(#3,#4,.READWRITE.,.ADDED.,1791469321,#3,#4,1791469321);
#7473=IFCRELDEFINESBYPROPERTIES('2lD_jm8mnBLQ5QUgKM6WKL',#7472,$,$,(#7449),#7471);
#7474=IFCQUANTITYAREA('NetFloorArea',$,$,15.5);
#7475=IFCQUANTITYAREA('GrossFloorArea',$,$,15.5);
#7476=IFCQUANTITYLENGTH('Height',$,$,2.8);
#7477=IFCOWNERHISTORY(#3,#4,.READWRITE.,.ADDED.,1791469321,#3,#4,1791469321);
#7478=IFCPROPERTYSET('0n32BYtP57BOQxWdjowJAB',#7477,'Pset_SpaceCommon',$,(#7481,#7482));
#7479=IFCOWNERHISTORY(#3,#4,.READWRITE.,.ADDED.,1791469321,#3,#4,1791469321);
#7480=IFCRELDEFINESBYPROPERTIES('1p85jxDs11OPoPqF$5D3Z3',#7479,$,$,(#7449),#7478);
#7481=IFCPROPERTYSINGLEVALUE('Reference',$,IFCIDENTIFIER('Wohnzimmer (stra\X2\00DF\X0\enseitig)'),$);
#7482=IFCPROPERTYSINGLEVALUE('IsExternal',$,IFCBOOLEAN(.F.),$);
#7483=IFCOWNERHISTORY(#3,#4,.READWRITE.,.ADDED.,1791469321,#3,#4,1791469321);
#7484=IFCPROPERTYSET('3AGuIJ9R13MxB5BJrkT1X1',#7483,'Oberhofer_Info',$,(#7487,#7488,#7489,#7490));
#7485=IFCOWNERHISTORY(#3,#4,.READWRITE.,.ADDED.,1791469321,#3,#4,1791469321);
#7486=IFCRELDEFINESBYPROPERTIES('36PB1OkEj8FedCDKwmeTFR',#7485,$,$,(#7449),#7484);
#7487=IFCPROPERTYSINGLEVALUE('Status',$,IFCLABEL('Bestand'),$);
#7488=IFCPROPERTYSINGLEVALUE('Quelle',$,IFCLABEL('Tektur-Grundriss Erdgeschoss M 1:100 (Scan), Lage gemessen \X2\00B1\X0\10 cm'),$);
#7489=IFCPROPERTYSINGLEVALUE('Flaeche_Hinweis',$,IFCLABEL('Grundfl\X2\00E4\X0\che zwischen den W\X2\00E4\X0\nden'),$);
#7490=IFCPROPERTYSINGLEVALUE('Annahmen',$,IFCLABEL('Plan: 4,00 \X2\00D7\X0\ 4,00 m; Trennung zum gartenseitigen Teil im Plan als Dreifachlinie (Schiebeelement/Unterzug?) \X2\2013\X0\ nicht als Wand modelliert'),$);
#7491=IFCOWNERHISTORY(#3,#4,.READWRITE.,.MODIFIED.,1791469321,#3,#4,1791469321);
#7492=IFCSPACE('2LltfD60j0gQrnSyfq1ymW',#7491,'B-EG-08',$,$,#7497,#7510,'Wohnzimmer (gartenseitig)',.ELEMENT.,.INTERNAL.,$);
#7493=IFCCARTESIANPOINT((0.,0.,-0.5));
#7494=IFCDIRECTION((0.,0.,1.));
#7495=IFCDIRECTION((1.,0.,0.));
#7496=IFCAXIS2PLACEMENT3D(#7493,#7494,#7495);
#7497=IFCLOCALPLACEMENT(#95,#7496);
#7498=IFCCARTESIANPOINT((7.175,4.3));
#7499=IFCCARTESIANPOINT((11.115,4.3));
#7500=IFCCARTESIANPOINT((11.115,8.215));
#7501=IFCCARTESIANPOINT((7.175,8.215));
#7502=IFCCARTESIANPOINT((7.175,4.3));
#7503=IFCPOLYLINE((#7498,#7499,#7500,#7501,#7502));
#7504=IFCARBITRARYCLOSEDPROFILEDEF(.AREA.,$,#7503);
#7505=IFCCARTESIANPOINT((0.,0.,0.5));
#7506=IFCAXIS2PLACEMENT3D(#7505,$,$);
#7507=IFCDIRECTION((0.,0.,1.));
#7508=IFCEXTRUDEDAREASOLID(#7504,#7506,#7507,2.8);
#7509=IFCSHAPEREPRESENTATION(#20,'Body','SweptSolid',(#7508));
#7510=IFCPRODUCTDEFINITIONSHAPE($,$,(#7509));
#7511=IFCPRESENTATIONSTYLEASSIGNMENT((#469));
#7512=IFCSTYLEDITEM(#7508,(#7511),'Raum');
#7513=IFCOWNERHISTORY(#3,#4,.READWRITE.,.ADDED.,1791469321,#3,#4,1791469321);
#7514=IFCELEMENTQUANTITY('2oiAzaarfAFwl0APj6M449',#7513,'BaseQuantities',$,'BaseQuantities',(#7517,#7518,#7519));
#7515=IFCOWNERHISTORY(#3,#4,.READWRITE.,.ADDED.,1791469321,#3,#4,1791469321);
#7516=IFCRELDEFINESBYPROPERTIES('2P0GzKoLH0TAEjNOtaRh9I',#7515,$,$,(#7492),#7514);
#7517=IFCQUANTITYAREA('NetFloorArea',$,$,15.43);
#7518=IFCQUANTITYAREA('GrossFloorArea',$,$,15.43);
#7519=IFCQUANTITYLENGTH('Height',$,$,2.8);
#7520=IFCOWNERHISTORY(#3,#4,.READWRITE.,.ADDED.,1791469321,#3,#4,1791469321);
#7521=IFCPROPERTYSET('194Nst4v16J8H2BoafbsG4',#7520,'Pset_SpaceCommon',$,(#7524,#7525));
#7522=IFCOWNERHISTORY(#3,#4,.READWRITE.,.ADDED.,1791469321,#3,#4,1791469321);
#7523=IFCRELDEFINESBYPROPERTIES('38snNrl6vE38sTWbzGBqfG',#7522,$,$,(#7492),#7521);
#7524=IFCPROPERTYSINGLEVALUE('Reference',$,IFCIDENTIFIER('Wohnzimmer (gartenseitig)'),$);
#7525=IFCPROPERTYSINGLEVALUE('IsExternal',$,IFCBOOLEAN(.F.),$);
#7526=IFCOWNERHISTORY(#3,#4,.READWRITE.,.ADDED.,1791469321,#3,#4,1791469321);
#7527=IFCPROPERTYSET('1bataTrQnAXQjRaEnY6rrT',#7526,'Oberhofer_Info',$,(#7530,#7531,#7532,#7533));
#7528=IFCOWNERHISTORY(#3,#4,.READWRITE.,.ADDED.,1791469321,#3,#4,1791469321);
#7529=IFCRELDEFINESBYPROPERTIES('2mxLKgucT0ewOsUrQV1W_C',#7528,$,$,(#7492),#7527);
#7530=IFCPROPERTYSINGLEVALUE('Status',$,IFCLABEL('Bestand'),$);
#7531=IFCPROPERTYSINGLEVALUE('Quelle',$,IFCLABEL('Tektur-Grundriss Erdgeschoss M 1:100 (Scan), Lage gemessen \X2\00B1\X0\10 cm'),$);
#7532=IFCPROPERTYSINGLEVALUE('Flaeche_Hinweis',$,IFCLABEL('Grundfl\X2\00E4\X0\che zwischen den W\X2\00E4\X0\nden'),$);
#7533=IFCPROPERTYSINGLEVALUE('Annahmen',$,IFCLABEL('Plan: 4,00 \X2\00D7\X0\ 4,00 m; offen zum stra\X2\00DF\X0\enseitigen Teil (Deutung)'),$);
#7534=IFCOWNERHISTORY(#3,#4,.READWRITE.,.MODIFIED.,1791469321,#3,#4,1791469321);
#7535=IFCSPACE('3byiUXd4b2z8HMIT15Kba9',#7534,'B-EG-09',$,$,#7540,#7567,'Wohnk\X2\00FC\X0\che Anbau (\X2\201E\X0\W.-K\X2\00FC\X0\che\X2\201C\X0\)',.ELEMENT.,.INTERNAL.,$);
#7536=IFCCARTESIANPOINT((0.,0.,-0.5));
#7537=IFCDIRECTION((0.,0.,1.));
#7538=IFCDIRECTION((1.,0.,0.));
#7539=IFCAXIS2PLACEMENT3D(#7536,#7537,#7538);
#7540=IFCLOCALPLACEMENT(#95,#7539);
#7541=IFCCARTESIANPOINT((0.3,8.58));
#7542=IFCCARTESIANPOINT((3.6,8.58));
#7543=IFCCARTESIANPOINT((3.6,10.7));
#7544=IFCCARTESIANPOINT((0.3,10.7));
#7545=IFCCARTESIANPOINT((0.3,8.58));
#7546=IFCPOLYLINE((#7541,#7542,#7543,#7544,#7545));
#7547=IFCARBITRARYCLOSEDPROFILEDEF(.AREA.,$,#7546);
#7548=IFCCARTESIANPOINT((0.,0.,0.5));
#7549=IFCAXIS2PLACEMENT3D(#7548,$,$);
#7550=IFCDIRECTION((0.,0.,1.));
#7551=IFCEXTRUDEDAREASOLID(#7547,#7549,#7550,2.6);
#7552=IFCCARTESIANPOINT((-0.27528400000000003,0.,2.88617));
#7553=IFCDIRECTION((-0.57358,0.,0.81915));
#7554=IFCDIRECTION((0.,1.,-0.));
#7555=IFCAXIS2PLACEMENT3D(#7552,#7553,#7554);
#7556=IFCPLANE(#7555);
#7557=IFCHALFSPACESOLID(#7556,.F.);
#7558=IFCBOOLEANCLIPPINGRESULT(.DIFFERENCE.,#7551,#7557);
#7559=IFCCARTESIANPOINT((4.175284,0.,2.88617));
#7560=IFCDIRECTION((0.57358,0.,0.81915));
#7561=IFCDIRECTION((0.,-1.,0.));
#7562=IFCAXIS2PLACEMENT3D(#7559,#7560,#7561);
#7563=IFCPLANE(#7562);
#7564=IFCHALFSPACESOLID(#7563,.F.);
#7565=IFCBOOLEANCLIPPINGRESULT(.DIFFERENCE.,#7558,#7564);
#7566=IFCSHAPEREPRESENTATION(#20,'Body','Clipping',(#7565));
#7567=IFCPRODUCTDEFINITIONSHAPE($,$,(#7566));
#7568=IFCPRESENTATIONSTYLEASSIGNMENT((#469));
#7569=IFCSTYLEDITEM(#7565,(#7568),'Raum');
#7570=IFCOWNERHISTORY(#3,#4,.READWRITE.,.ADDED.,1791469321,#3,#4,1791469321);
#7571=IFCELEMENTQUANTITY('3OL5FVp$jEzRu63tZPGFHF',#7570,'BaseQuantities',$,'BaseQuantities',(#7574,#7575,#7576));
#7572=IFCOWNERHISTORY(#3,#4,.READWRITE.,.ADDED.,1791469321,#3,#4,1791469321);
#7573=IFCRELDEFINESBYPROPERTIES('3h6d3AzKn65viFpRisvmjV',#7572,$,$,(#7535),#7571);
#7574=IFCQUANTITYAREA('NetFloorArea',$,$,7.);
#7575=IFCQUANTITYAREA('GrossFloorArea',$,$,7.);
#7576=IFCQUANTITYLENGTH('Height',$,$,2.6);
#7577=IFCOWNERHISTORY(#3,#4,.READWRITE.,.ADDED.,1791469321,#3,#4,1791469321);
#7578=IFCPROPERTYSET('2IchKq6j1B$wS9vwBT7Qlj',#7577,'Pset_SpaceCommon',$,(#7581,#7582));
#7579=IFCOWNERHISTORY(#3,#4,.READWRITE.,.ADDED.,1791469321,#3,#4,1791469321);
#7580=IFCRELDEFINESBYPROPERTIES('0jL5kEaW1C0fHpnw6ym90P',#7579,$,$,(#7535),#7578);
#7581=IFCPROPERTYSINGLEVALUE('Reference',$,IFCIDENTIFIER('Wohnk\X2\00FC\X0\che Anbau (\X2\201E\X0\W.-K\X2\00FC\X0\che\X2\201C\X0\)'),$);
#7582=IFCPROPERTYSINGLEVALUE('IsExternal',$,IFCBOOLEAN(.F.),$);
#7583=IFCOWNERHISTORY(#3,#4,.READWRITE.,.ADDED.,1791469321,#3,#4,1791469321);
#7584=IFCPROPERTYSET('1Z51F6lcr4UO8VvNnxPPto',#7583,'Oberhofer_Info',$,(#7587,#7588,#7589));
#7585=IFCOWNERHISTORY(#3,#4,.READWRITE.,.ADDED.,1791469321,#3,#4,1791469321);
#7586=IFCRELDEFINESBYPROPERTIES('1fBO1JnOrDsflKEjlwmbvq',#7585,$,$,(#7535),#7584);
#7587=IFCPROPERTYSINGLEVALUE('Status',$,IFCLABEL('Bestand'),$);
#7588=IFCPROPERTYSINGLEVALUE('Quelle',$,IFCLABEL('Tektur-Grundriss Erdgeschoss M 1:100 (Scan), Lage gemessen \X2\00B1\X0\10 cm'),$);
#7589=IFCPROPERTYSINGLEVALUE('Flaeche_Hinweis',$,IFCLABEL('Grundfl\X2\00E4\X0\che zwischen den W\X2\00E4\X0\nden'),$);
#7590=IFCOWNERHISTORY(#3,#4,.READWRITE.,.MODIFIED.,1791469321,#3,#4,1791469321);
#7591=IFCSPACE('1hvLitqQn8cRB4VqH4VUjU',#7590,'B-EG-10',$,$,#7596,#7623,'SCHW (Bezeichnung lt. Plan)',.ELEMENT.,.INTERNAL.,$);
#7592=IFCCARTESIANPOINT((0.,0.,-0.5));
#7593=IFCDIRECTION((0.,0.,1.));
#7594=IFCDIRECTION((1.,0.,0.));
#7595=IFCAXIS2PLACEMENT3D(#7592,#7593,#7594);
#7596=IFCLOCALPLACEMENT(#95,#7595);
#7597=IFCCARTESIANPOINT((1.315,10.815));
#7598=IFCCARTESIANPOINT((3.6,10.815));
#7599=IFCCARTESIANPOINT((3.6,13.08));
#7600=IFCCARTESIANPOINT((1.315,13.08));
#7601=IFCCARTESIANPOINT((1.315,10.815));
#7602=IFCPOLYLINE((#7597,#7598,#7599,#7600,#7601));
#7603=IFCARBITRARYCLOSEDPROFILEDEF(.AREA.,$,#7602);
#7604=IFCCARTESIANPOINT((0.,0.,0.5));
#7605=IFCAXIS2PLACEMENT3D(#7604,$,$);
#7606=IFCDIRECTION((0.,0.,1.));
#7607=IFCEXTRUDEDAREASOLID(#7603,#7605,#7606,2.6);
#7608=IFCCARTESIANPOINT((-0.27528400000000003,0.,2.88617));
#7609=IFCDIRECTION((-0.57358,0.,0.81915));
#7610=IFCDIRECTION((0.,1.,-0.));
#7611=IFCAXIS2PLACEMENT3D(#7608,#7609,#7610);
#7612=IFCPLANE(#7611);
#7613=IFCHALFSPACESOLID(#7612,.F.);
#7614=IFCBOOLEANCLIPPINGRESULT(.DIFFERENCE.,#7607,#7613);
#7615=IFCCARTESIANPOINT((4.175284,0.,2.88617));
#7616=IFCDIRECTION((0.57358,0.,0.81915));
#7617=IFCDIRECTION((0.,-1.,0.));
#7618=IFCAXIS2PLACEMENT3D(#7615,#7616,#7617);
#7619=IFCPLANE(#7618);
#7620=IFCHALFSPACESOLID(#7619,.F.);
#7621=IFCBOOLEANCLIPPINGRESULT(.DIFFERENCE.,#7614,#7620);
#7622=IFCSHAPEREPRESENTATION(#20,'Body','Clipping',(#7621));
#7623=IFCPRODUCTDEFINITIONSHAPE($,$,(#7622));
#7624=IFCPRESENTATIONSTYLEASSIGNMENT((#469));
#7625=IFCSTYLEDITEM(#7621,(#7624),'Raum');
#7626=IFCOWNERHISTORY(#3,#4,.READWRITE.,.ADDED.,1791469321,#3,#4,1791469321);
#7627=IFCELEMENTQUANTITY('0Z5lpEjVz5lfZJY2N5WtuD',#7626,'BaseQuantities',$,'BaseQuantities',(#7630,#7631,#7632));
#7628=IFCOWNERHISTORY(#3,#4,.READWRITE.,.ADDED.,1791469321,#3,#4,1791469321);
#7629=IFCRELDEFINESBYPROPERTIES('0HNeZj0$1C3uSDLTZOgJpv',#7628,$,$,(#7591),#7627);
#7630=IFCQUANTITYAREA('NetFloorArea',$,$,5.18);
#7631=IFCQUANTITYAREA('GrossFloorArea',$,$,5.18);
#7632=IFCQUANTITYLENGTH('Height',$,$,2.6);
#7633=IFCOWNERHISTORY(#3,#4,.READWRITE.,.ADDED.,1791469321,#3,#4,1791469321);
#7634=IFCPROPERTYSET('31hofBXffAcwplyY8Szg2l',#7633,'Pset_SpaceCommon',$,(#7637,#7638));
#7635=IFCOWNERHISTORY(#3,#4,.READWRITE.,.ADDED.,1791469321,#3,#4,1791469321);
#7636=IFCRELDEFINESBYPROPERTIES('27OMu4L_nFqwptIdzGAi_7',#7635,$,$,(#7591),#7634);
#7637=IFCPROPERTYSINGLEVALUE('Reference',$,IFCIDENTIFIER('SCHW (Bezeichnung lt. Plan)'),$);
#7638=IFCPROPERTYSINGLEVALUE('IsExternal',$,IFCBOOLEAN(.F.),$);
#7639=IFCOWNERHISTORY(#3,#4,.READWRITE.,.ADDED.,1791469321,#3,#4,1791469321);
#7640=IFCPROPERTYSET('1_GddR69z7fxat$BUjWllg',#7639,'Oberhofer_Info',$,(#7643,#7644,#7645,#7646));
#7641=IFCOWNERHISTORY(#3,#4,.READWRITE.,.ADDED.,1791469321,#3,#4,1791469321);
#7642=IFCRELDEFINESBYPROPERTIES('2F7PLSq8z4tvgRD_wRiLy3',#7641,$,$,(#7591),#7640);
#7643=IFCPROPERTYSINGLEVALUE('Status',$,IFCLABEL('Bestand'),$);
#7644=IFCPROPERTYSINGLEVALUE('Quelle',$,IFCLABEL('Tektur-Grundriss Erdgeschoss M 1:100 (Scan), Lage gemessen \X2\00B1\X0\10 cm'),$);
#7645=IFCPROPERTYSINGLEVALUE('Flaeche_Hinweis',$,IFCLABEL('Grundfl\X2\00E4\X0\che zwischen den W\X2\00E4\X0\nden'),$);
#7646=IFCPROPERTYSINGLEVALUE('Annahmen',$,IFCLABEL('Bezeichnung \X2\201E\X0\SCHW\X2\201C\X0\ handschriftlich, Nutzung unklar'),$);
#7647=IFCOWNERHISTORY(#3,#4,.READWRITE.,.MODIFIED.,1791469321,#3,#4,1791469321);
#7648=IFCSPACE('22M$LuHuf5ZhTSmbf74POP',#7647,'B-EG-11',$,$,#7653,#7680,'Nebenraum Anbau',.ELEMENT.,.INTERNAL.,$);
#7649=IFCCARTESIANPOINT((0.,0.,-0.5));
#7650=IFCDIRECTION((0.,0.,1.));
#7651=IFCDIRECTION((1.,0.,0.));
#7652=IFCAXIS2PLACEMENT3D(#7649,#7650,#7651);
#7653=IFCLOCALPLACEMENT(#95,#7652);
#7654=IFCCARTESIANPOINT((0.3,10.815));
#7655=IFCCARTESIANPOINT((1.2,10.815));
#7656=IFCCARTESIANPOINT((1.2,13.08));
#7657=IFCCARTESIANPOINT((0.3,13.08));
#7658=IFCCARTESIANPOINT((0.3,10.815));
#7659=IFCPOLYLINE((#7654,#7655,#7656,#7657,#7658));
#7660=IFCARBITRARYCLOSEDPROFILEDEF(.AREA.,$,#7659);
#7661=IFCCARTESIANPOINT((0.,0.,0.5));
#7662=IFCAXIS2PLACEMENT3D(#7661,$,$);
#7663=IFCDIRECTION((0.,0.,1.));
#7664=IFCEXTRUDEDAREASOLID(#7660,#7662,#7663,2.6);
#7665=IFCCARTESIANPOINT((-0.27528400000000003,0.,2.88617));
#7666=IFCDIRECTION((-0.57358,0.,0.81915));
#7667=IFCDIRECTION((0.,1.,-0.));
#7668=IFCAXIS2PLACEMENT3D(#7665,#7666,#7667);
#7669=IFCPLANE(#7668);
#7670=IFCHALFSPACESOLID(#7669,.F.);
#7671=IFCBOOLEANCLIPPINGRESULT(.DIFFERENCE.,#7664,#7670);
#7672=IFCCARTESIANPOINT((4.175284,0.,2.88617));
#7673=IFCDIRECTION((0.57358,0.,0.81915));
#7674=IFCDIRECTION((0.,-1.,0.));
#7675=IFCAXIS2PLACEMENT3D(#7672,#7673,#7674);
#7676=IFCPLANE(#7675);
#7677=IFCHALFSPACESOLID(#7676,.F.);
#7678=IFCBOOLEANCLIPPINGRESULT(.DIFFERENCE.,#7671,#7677);
#7679=IFCSHAPEREPRESENTATION(#20,'Body','Clipping',(#7678));
#7680=IFCPRODUCTDEFINITIONSHAPE($,$,(#7679));
#7681=IFCPRESENTATIONSTYLEASSIGNMENT((#469));
#7682=IFCSTYLEDITEM(#7678,(#7681),'Raum');
#7683=IFCOWNERHISTORY(#3,#4,.READWRITE.,.ADDED.,1791469321,#3,#4,1791469321);
#7684=IFCELEMENTQUANTITY('1FBCBkYG1FXhgC0je4CfLl',#7683,'BaseQuantities',$,'BaseQuantities',(#7687,#7688,#7689));
#7685=IFCOWNERHISTORY(#3,#4,.READWRITE.,.ADDED.,1791469321,#3,#4,1791469321);
#7686=IFCRELDEFINESBYPROPERTIES('0StMSNXIz8iA7bbOBetRrz',#7685,$,$,(#7648),#7684);
#7687=IFCQUANTITYAREA('NetFloorArea',$,$,2.04);
#7688=IFCQUANTITYAREA('GrossFloorArea',$,$,2.04);
#7689=IFCQUANTITYLENGTH('Height',$,$,2.6);
#7690=IFCOWNERHISTORY(#3,#4,.READWRITE.,.ADDED.,1791469321,#3,#4,1791469321);
#7691=IFCPROPERTYSET('0of6thWwH8fx33wvKipcQW',#7690,'Pset_SpaceCommon',$,(#7694,#7695));
#7692=IFCOWNERHISTORY(#3,#4,.READWRITE.,.ADDED.,1791469321,#3,#4,1791469321);
#7693=IFCRELDEFINESBYPROPERTIES('2SXWGk9fjAbube1lBhTBwa',#7692,$,$,(#7648),#7691);
#7694=IFCPROPERTYSINGLEVALUE('Reference',$,IFCIDENTIFIER('Nebenraum Anbau'),$);
#7695=IFCPROPERTYSINGLEVALUE('IsExternal',$,IFCBOOLEAN(.F.),$);
#7696=IFCOWNERHISTORY(#3,#4,.READWRITE.,.ADDED.,1791469321,#3,#4,1791469321);
#7697=IFCPROPERTYSET('26xOiLlW59_PbWuwiavjbl',#7696,'Oberhofer_Info',$,(#7700,#7701,#7702,#7703));
#7698=IFCOWNERHISTORY(#3,#4,.READWRITE.,.ADDED.,1791469321,#3,#4,1791469321);
#7699=IFCRELDEFINESBYPROPERTIES('1EZxH6CDz9E9sFbLys5M_M',#7698,$,$,(#7648),#7697);
#7700=IFCPROPERTYSINGLEVALUE('Status',$,IFCLABEL('Bestand'),$);
#7701=IFCPROPERTYSINGLEVALUE('Quelle',$,IFCLABEL('Tektur-Grundriss Erdgeschoss M 1:100 (Scan), Lage gemessen \X2\00B1\X0\10 cm'),$);
#7702=IFCPROPERTYSINGLEVALUE('Flaeche_Hinweis',$,IFCLABEL('Grundfl\X2\00E4\X0\che zwischen den W\X2\00E4\X0\nden'),$);
#7703=IFCPROPERTYSINGLEVALUE('Annahmen',$,IFCLABEL('Schmaler Streifen im Plan, Nutzung unklar'),$);
#7704=IFCOWNERHISTORY(#3,#4,.READWRITE.,.MODIFIED.,1791469321,#3,#4,1791469321);
#7705=IFCSPACE('3TlRrEqCPEuwnMngGE4kF6',#7704,'B-DG-01',$,$,#7712,#7753,'Lager und Abstellraum',.ELEMENT.,.INTERNAL.,$);
#7706=IFCOWNERHISTORY(#3,#4,.READWRITE.,.MODIFIED.,1791469321,#3,#4,1791469321);
#7707=IFCRELAGGREGATES('3rFufZWkf1Q9odah8UryDu',#7706,$,$,#97,(#7922,#7705,#7849,#7778));
#7708=IFCCARTESIANPOINT((0.,0.,-3.5));
#7709=IFCDIRECTION((0.,0.,1.));
#7710=IFCDIRECTION((1.,0.,0.));
#7711=IFCAXIS2PLACEMENT3D(#7708,#7709,#7710);
#7712=IFCLOCALPLACEMENT(#102,#7711);
#7713=IFCCARTESIANPOINT((0.365,2.225));
#7714=IFCCARTESIANPOINT((3.25,2.225));
#7715=IFCCARTESIANPOINT((3.25,6.8));
#7716=IFCCARTESIANPOINT((0.365,6.8));
#7717=IFCCARTESIANPOINT((0.365,2.225));
#7718=IFCPOLYLINE((#7713,#7714,#7715,#7716,#7717));
#7719=IFCARBITRARYCLOSEDPROFILEDEF(.AREA.,$,#7718);
#7720=IFCCARTESIANPOINT((0.,0.,3.5));
#7721=IFCAXIS2PLACEMENT3D(#7720,$,$);
#7722=IFCDIRECTION((0.,0.,1.));
#7723=IFCEXTRUDEDAREASOLID(#7719,#7721,#7722,2.5);
#7724=IFCCARTESIANPOINT((0.,4.447602,8.926868));
#7725=IFCDIRECTION((0.,-0.78801,0.61566));
#7726=IFCDIRECTION((-1.,0.,0.));
#7727=IFCAXIS2PLACEMENT3D(#7724,#7725,#7726);
#7728=IFCPLANE(#7727);
#7729=IFCHALFSPACESOLID(#7728,.F.);
#7730=IFCBOOLEANCLIPPINGRESULT(.DIFFERENCE.,#7723,#7729);
#7731=IFCCARTESIANPOINT((0.,4.132398,8.926868));
#7732=IFCDIRECTION((0.,0.78801,0.61566));
#7733=IFCDIRECTION((1.,0.,0.));
#7734=IFCAXIS2PLACEMENT3D(#7731,#7732,#7733);
#7735=IFCPLANE(#7734);
#7736=IFCHALFSPACESOLID(#7735,.F.);
#7737=IFCBOOLEANCLIPPINGRESULT(.DIFFERENCE.,#7730,#7736);
#7738=IFCCARTESIANPOINT((-0.236792,0.,5.771442));
#7739=IFCDIRECTION((-0.76604,0.,0.64279));
#7740=IFCDIRECTION((0.,1.,-0.));
#7741=IFCAXIS2PLACEMENT3D(#7738,#7739,#7740);
#7742=IFCPLANE(#7741);
#7743=IFCHALFSPACESOLID(#7742,.F.);
#7744=IFCBOOLEANCLIPPINGRESULT(.DIFFERENCE.,#7737,#7743);
#7745=IFCCARTESIANPOINT((11.716792,0.,5.771442));
#7746=IFCDIRECTION((0.76604,0.,0.64279));
#7747=IFCDIRECTION((0.,-1.,0.));
#7748=IFCAXIS2PLACEMENT3D(#7745,#7746,#7747);
#7749=IFCPLANE(#7748);
#7750=IFCHALFSPACESOLID(#7749,.F.);
#7751=IFCBOOLEANCLIPPINGRESULT(.DIFFERENCE.,#7744,#7750);
#7752=IFCSHAPEREPRESENTATION(#20,'Body','Clipping',(#7751));
#7753=IFCPRODUCTDEFINITIONSHAPE($,$,(#7752));
#7754=IFCPRESENTATIONSTYLEASSIGNMENT((#469));
#7755=IFCSTYLEDITEM(#7751,(#7754),'Raum');
#7756=IFCOWNERHISTORY(#3,#4,.READWRITE.,.ADDED.,1791469321,#3,#4,1791469321);
#7757=IFCELEMENTQUANTITY('2YelhqjBXFIxkAvK3844nz',#7756,'BaseQuantities',$,'BaseQuantities',(#7760,#7761,#7762));
#7758=IFCOWNERHISTORY(#3,#4,.READWRITE.,.ADDED.,1791469321,#3,#4,1791469321);
#7759=IFCRELDEFINESBYPROPERTIES('1F8OKXBsHFqQdL2Vp2LRkL',#7758,$,$,(#7705),#7757);
#7760=IFCQUANTITYAREA('NetFloorArea',$,$,13.2);
#7761=IFCQUANTITYAREA('GrossFloorArea',$,$,13.2);
#7762=IFCQUANTITYLENGTH('Height',$,$,2.5);
#7763=IFCOWNERHISTORY(#3,#4,.READWRITE.,.ADDED.,1791469321,#3,#4,1791469321);
#7764=IFCPROPERTYSET('2XqNkR$s1CRwuHjICwUzvb',#7763,'Pset_SpaceCommon',$,(#7767,#7768));
#7765=IFCOWNERHISTORY(#3,#4,.READWRITE.,.ADDED.,1791469321,#3,#4,1791469321);
#7766=IFCRELDEFINESBYPROPERTIES('0oZUN2I318hx1qUPXqPct2',#7765,$,$,(#7705),#7764);
#7767=IFCPROPERTYSINGLEVALUE('Reference',$,IFCIDENTIFIER('Lager und Abstellraum'),$);
#7768=IFCPROPERTYSINGLEVALUE('IsExternal',$,IFCBOOLEAN(.F.),$);
#7769=IFCOWNERHISTORY(#3,#4,.READWRITE.,.ADDED.,1791469321,#3,#4,1791469321);
#7770=IFCPROPERTYSET('0C30tugND999Pncrrd3H_y',#7769,'Oberhofer_Info',$,(#7773,#7774,#7775,#7776));
#7771=IFCOWNERHISTORY(#3,#4,.READWRITE.,.ADDED.,1791469321,#3,#4,1791469321);
#7772=IFCRELDEFINESBYPROPERTIES('2a_Jtg3qH59RSFBNvyH2Az',#7771,$,$,(#7705),#7770);
#7773=IFCPROPERTYSINGLEVALUE('Status',$,IFCLABEL('Bestand'),$);
#7774=IFCPROPERTYSINGLEVALUE('Quelle',$,IFCLABEL('Tektur-Grundriss Dachgeschoss M 1:100 (Scan), Lage aus Bema\X2\00DF\X0\ung/Messung \X2\00B1\X0\10 cm'),$);
#7775=IFCPROPERTYSINGLEVALUE('Flaeche_Hinweis',$,IFCLABEL('Grundfl\X2\00E4\X0\che zwischen den W\X2\00E4\X0\nden; ohne Abzug Dachschr\X2\00E4\X0\gen (keine Wohnfl\X2\00E4\X0\che nach WoFlV)'),$);
#7776=IFCPROPERTYSINGLEVALUE('Annahmen',$,IFCLABEL('Plan: Breite 3,00 m'),$);
#7777=IFCOWNERHISTORY(#3,#4,.READWRITE.,.MODIFIED.,1791469321,#3,#4,1791469321);
#7778=IFCSPACE('1FOrdreAX0kBSq22k8kPXd',#7777,'B-DG-02',$,$,#7783,#7824,'Flur DG mit Treppenauge',.ELEMENT.,.INTERNAL.,$);
#7779=IFCCARTESIANPOINT((0.,0.,-3.5));
#7780=IFCDIRECTION((0.,0.,1.));
#7781=IFCDIRECTION((1.,0.,0.));
#7782=IFCAXIS2PLACEMENT3D(#7779,#7780,#7781);
#7783=IFCLOCALPLACEMENT(#102,#7782);
#7784=IFCCARTESIANPOINT((3.49,3.38));
#7785=IFCCARTESIANPOINT((7.06,3.38));
#7786=IFCCARTESIANPOINT((7.06,6.8));
#7787=IFCCARTESIANPOINT((3.49,6.8));
#7788=IFCCARTESIANPOINT((3.49,3.38));
#7789=IFCPOLYLINE((#7784,#7785,#7786,#7787,#7788));
#7790=IFCARBITRARYCLOSEDPROFILEDEF(.AREA.,$,#7789);
#7791=IFCCARTESIANPOINT((0.,0.,3.5));
#7792=IFCAXIS2PLACEMENT3D(#7791,$,$);
#7793=IFCDIRECTION((0.,0.,1.));
#7794=IFCEXTRUDEDAREASOLID(#7790,#7792,#7793,2.5);
#7795=IFCCARTESIANPOINT((0.,4.447602,8.926868));
#7796=IFCDIRECTION((0.,-0.78801,0.61566));
#7797=IFCDIRECTION((-1.,0.,0.));
#7798=IFCAXIS2PLACEMENT3D(#7795,#7796,#7797);
#7799=IFCPLANE(#7798);
#7800=IFCHALFSPACESOLID(#7799,.F.);
#7801=IFCBOOLEANCLIPPINGRESULT(.DIFFERENCE.,#7794,#7800);
#7802=IFCCARTESIANPOINT((0.,4.132398,8.926868));
#7803=IFCDIRECTION((0.,0.78801,0.61566));
#7804=IFCDIRECTION((1.,0.,0.));
#7805=IFCAXIS2PLACEMENT3D(#7802,#7803,#7804);
#7806=IFCPLANE(#7805);
#7807=IFCHALFSPACESOLID(#7806,.F.);
#7808=IFCBOOLEANCLIPPINGRESULT(.DIFFERENCE.,#7801,#7807);
#7809=IFCCARTESIANPOINT((-0.236792,0.,5.771442));
#7810=IFCDIRECTION((-0.76604,0.,0.64279));
#7811=IFCDIRECTION((0.,1.,-0.));
#7812=IFCAXIS2PLACEMENT3D(#7809,#7810,#7811);
#7813=IFCPLANE(#7812);
#7814=IFCHALFSPACESOLID(#7813,.F.);
#7815=IFCBOOLEANCLIPPINGRESULT(.DIFFERENCE.,#7808,#7814);
#7816=IFCCARTESIANPOINT((11.716792,0.,5.771442));
#7817=IFCDIRECTION((0.76604,0.,0.64279));
#7818=IFCDIRECTION((0.,-1.,0.));
#7819=IFCAXIS2PLACEMENT3D(#7816,#7817,#7818);
#7820=IFCPLANE(#7819);
#7821=IFCHALFSPACESOLID(#7820,.F.);
#7822=IFCBOOLEANCLIPPINGRESULT(.DIFFERENCE.,#7815,#7821);
#7823=IFCSHAPEREPRESENTATION(#20,'Body','Clipping',(#7822));
#7824=IFCPRODUCTDEFINITIONSHAPE($,$,(#7823));
#7825=IFCPRESENTATIONSTYLEASSIGNMENT((#469));
#7826=IFCSTYLEDITEM(#7822,(#7825),'Raum');
#7827=IFCOWNERHISTORY(#3,#4,.READWRITE.,.ADDED.,1791469321,#3,#4,1791469321);
#7828=IFCELEMENTQUANTITY('1ebSstxQ9A28oPAINN1Y78',#7827,'BaseQuantities',$,'BaseQuantities',(#7831,#7832,#7833));
#7829=IFCOWNERHISTORY(#3,#4,.READWRITE.,.ADDED.,1791469321,#3,#4,1791469321);
#7830=IFCRELDEFINESBYPROPERTIES('11NRnne6H2JwpTVm7q1JEw',#7829,$,$,(#7778),#7828);
#7831=IFCQUANTITYAREA('NetFloorArea',$,$,12.21);
#7832=IFCQUANTITYAREA('GrossFloorArea',$,$,12.21);
#7833=IFCQUANTITYLENGTH('Height',$,$,2.5);
#7834=IFCOWNERHISTORY(#3,#4,.READWRITE.,.ADDED.,1791469321,#3,#4,1791469321);
#7835=IFCPROPERTYSET('0fMRf4hJvAMwE5WdXOoBaL',#7834,'Pset_SpaceCommon',$,(#7838,#7839));
#7836=IFCOWNERHISTORY(#3,#4,.READWRITE.,.ADDED.,1791469321,#3,#4,1791469321);
#7837=IFCRELDEFINESBYPROPERTIES('3$Oz53kj591fGeUg1PHqFG',#7836,$,$,(#7778),#7835);
#7838=IFCPROPERTYSINGLEVALUE('Reference',$,IFCIDENTIFIER('Flur DG mit Treppenauge'),$);
#7839=IFCPROPERTYSINGLEVALUE('IsExternal',$,IFCBOOLEAN(.F.),$);
#7840=IFCOWNERHISTORY(#3,#4,.READWRITE.,.ADDED.,1791469321,#3,#4,1791469321);
#7841=IFCPROPERTYSET('2SqoQ$EAH88wfip27s1z0r',#7840,'Oberhofer_Info',$,(#7844,#7845,#7846,#7847));
#7842=IFCOWNERHISTORY(#3,#4,.READWRITE.,.ADDED.,1791469321,#3,#4,1791469321);
#7843=IFCRELDEFINESBYPROPERTIES('3uJbMn3HT8mOmOvyyOp54u',#7842,$,$,(#7778),#7841);
#7844=IFCPROPERTYSINGLEVALUE('Status',$,IFCLABEL('Bestand'),$);
#7845=IFCPROPERTYSINGLEVALUE('Quelle',$,IFCLABEL('Tektur-Grundriss Dachgeschoss M 1:100 (Scan), Lage aus Bema\X2\00DF\X0\ung/Messung \X2\00B1\X0\10 cm'),$);
#7846=IFCPROPERTYSINGLEVALUE('Flaeche_Hinweis',$,IFCLABEL('Grundfl\X2\00E4\X0\che zwischen den W\X2\00E4\X0\nden; ohne Abzug Dachschr\X2\00E4\X0\gen (keine Wohnfl\X2\00E4\X0\che nach WoFlV)'),$);
#7847=IFCPROPERTYSINGLEVALUE('Annahmen',$,IFCLABEL('Plan: Breite 3,75 m; Treppen\X2\00F6\X0\ffnung nicht modelliert'),$);
#7848=IFCOWNERHISTORY(#3,#4,.READWRITE.,.MODIFIED.,1791469321,#3,#4,1791469321);
#7849=IFCSPACE('2$1_f9uLXD8ejqquyhWeXn',#7848,'B-DG-03',$,$,#7854,#7897,'Schlafzimmer Eltern',.ELEMENT.,.INTERNAL.,$);
#7850=IFCCARTESIANPOINT((0.,0.,-3.5));
#7851=IFCDIRECTION((0.,0.,1.));
#7852=IFCDIRECTION((1.,0.,0.));
#7853=IFCAXIS2PLACEMENT3D(#7850,#7851,#7852);
#7854=IFCLOCALPLACEMENT(#102,#7853);
#7855=IFCCARTESIANPOINT((7.175,3.38));
#7856=IFCCARTESIANPOINT((7.175,6.8));
#7857=IFCCARTESIANPOINT((11.115,6.8));
#7858=IFCCARTESIANPOINT((11.115,2.225));
#7859=IFCCARTESIANPOINT((8.23,2.225));
#7860=IFCCARTESIANPOINT((8.23,3.38));
#7861=IFCCARTESIANPOINT((7.175,3.38));
#7862=IFCPOLYLINE((#7855,#7856,#7857,#7858,#7859,#7860,#7861));
#7863=IFCARBITRARYCLOSEDPROFILEDEF(.AREA.,$,#7862);
#7864=IFCCARTESIANPOINT((0.,0.,3.5));
#7865=IFCAXIS2PLACEMENT3D(#7864,$,$);
#7866=IFCDIRECTION((0.,0.,1.));
#7867=IFCEXTRUDEDAREASOLID(#7863,#7865,#7866,2.5);
#7868=IFCCARTESIANPOINT((0.,4.447602,8.926868));
#7869=IFCDIRECTION((0.,-0.78801,0.61566));
#7870=IFCDIRECTION((-1.,0.,0.));
#7871=IFCAXIS2PLACEMENT3D(#7868,#7869,#7870);
#7872=IFCPLANE(#7871);
#7873=IFCHALFSPACESOLID(#7872,.F.);
#7874=IFCBOOLEANCLIPPINGRESULT(.DIFFERENCE.,#7867,#7873);
#7875=IFCCARTESIANPOINT((0.,4.132398,8.926868));
#7876=IFCDIRECTION((0.,0.78801,0.61566));
#7877=IFCDIRECTION((1.,0.,0.));
#7878=IFCAXIS2PLACEMENT3D(#7875,#7876,#7877);
#7879=IFCPLANE(#7878);
#7880=IFCHALFSPACESOLID(#7879,.F.);
#7881=IFCBOOLEANCLIPPINGRESULT(.DIFFERENCE.,#7874,#7880);
#7882=IFCCARTESIANPOINT((-0.236792,0.,5.771442));
#7883=IFCDIRECTION((-0.76604,0.,0.64279));
#7884=IFCDIRECTION((0.,1.,-0.));
#7885=IFCAXIS2PLACEMENT3D(#7882,#7883,#7884);
#7886=IFCPLANE(#7885);
#7887=IFCHALFSPACESOLID(#7886,.F.);
#7888=IFCBOOLEANCLIPPINGRESULT(.DIFFERENCE.,#7881,#7887);
#7889=IFCCARTESIANPOINT((11.716792,0.,5.771442));
#7890=IFCDIRECTION((0.76604,0.,0.64279));
#7891=IFCDIRECTION((0.,-1.,0.));
#7892=IFCAXIS2PLACEMENT3D(#7889,#7890,#7891);
#7893=IFCPLANE(#7892);
#7894=IFCHALFSPACESOLID(#7893,.F.);
#7895=IFCBOOLEANCLIPPINGRESULT(.DIFFERENCE.,#7888,#7894);
#7896=IFCSHAPEREPRESENTATION(#20,'Body','Clipping',(#7895));
#7897=IFCPRODUCTDEFINITIONSHAPE($,$,(#7896));
#7898=IFCPRESENTATIONSTYLEASSIGNMENT((#469));
#7899=IFCSTYLEDITEM(#7895,(#7898),'Raum');
#7900=IFCOWNERHISTORY(#3,#4,.READWRITE.,.ADDED.,1791469321,#3,#4,1791469321);
#7901=IFCELEMENTQUANTITY('3Q3KhOiVL8j8fCUkdWwfYn',#7900,'BaseQuantities',$,'BaseQuantities',(#7904,#7905,#7906));
#7902=IFCOWNERHISTORY(#3,#4,.READWRITE.,.ADDED.,1791469321,#3,#4,1791469321);
#7903=IFCRELDEFINESBYPROPERTIES('1MqmN8uFT7AgQK2Fow3pCh',#7902,$,$,(#7849),#7901);
#7904=IFCQUANTITYAREA('NetFloorArea',$,$,16.81);
#7905=IFCQUANTITYAREA('GrossFloorArea',$,$,16.81);
#7906=IFCQUANTITYLENGTH('Height',$,$,2.5);
#7907=IFCOWNERHISTORY(#3,#4,.READWRITE.,.ADDED.,1791469321,#3,#4,1791469321);
#7908=IFCPROPERTYSET('1JsOdjdKv6LPuoYbshdKuf',#7907,'Pset_SpaceCommon',$,(#7911,#7912));
#7909=IFCOWNERHISTORY(#3,#4,.READWRITE.,.ADDED.,1791469321,#3,#4,1791469321);
#7910=IFCRELDEFINESBYPROPERTIES('0uUMjvOPD1$uXluBzXYjO6',#7909,$,$,(#7849),#7908);
#7911=IFCPROPERTYSINGLEVALUE('Reference',$,IFCIDENTIFIER('Schlafzimmer Eltern'),$);
#7912=IFCPROPERTYSINGLEVALUE('IsExternal',$,IFCBOOLEAN(.F.),$);
#7913=IFCOWNERHISTORY(#3,#4,.READWRITE.,.ADDED.,1791469321,#3,#4,1791469321);
#7914=IFCPROPERTYSET('20y0C2a8P8EfbI6WdGSrnM',#7913,'Oberhofer_Info',$,(#7917,#7918,#7919,#7920));
#7915=IFCOWNERHISTORY(#3,#4,.READWRITE.,.ADDED.,1791469321,#3,#4,1791469321);
#7916=IFCRELDEFINESBYPROPERTIES('0dFgv7vHr7ZhrceU1S3vo1',#7915,$,$,(#7849),#7914);
#7917=IFCPROPERTYSINGLEVALUE('Status',$,IFCLABEL('Bestand'),$);
#7918=IFCPROPERTYSINGLEVALUE('Quelle',$,IFCLABEL('Tektur-Grundriss Dachgeschoss M 1:100 (Scan), Lage aus Bema\X2\00DF\X0\ung/Messung \X2\00B1\X0\10 cm'),$);
#7919=IFCPROPERTYSINGLEVALUE('Flaeche_Hinweis',$,IFCLABEL('Grundfl\X2\00E4\X0\che zwischen den W\X2\00E4\X0\nden; ohne Abzug Dachschr\X2\00E4\X0\gen (keine Wohnfl\X2\00E4\X0\che nach WoFlV)'),$);
#7920=IFCPROPERTYSINGLEVALUE('Annahmen',$,IFCLABEL('Plan: 4,00 \X2\00D7\X0\ 3,50 m + Nische 1,15 m'),$);
#7921=IFCOWNERHISTORY(#3,#4,.READWRITE.,.MODIFIED.,1791469321,#3,#4,1791469321);
#7922=IFCSPACE('0Gu6C3g8z2yBU1FbPl8grf',#7921,'B-DG-04',$,$,#7927,#7961,'Kinderschlafzimmer (Zwerchhaus)',.ELEMENT.,.INTERNAL.,$);
#7923=IFCCARTESIANPOINT((0.,0.,-3.5));
#7924=IFCDIRECTION((0.,0.,1.));
#7925=IFCDIRECTION((1.,0.,0.));
#7926=IFCAXIS2PLACEMENT3D(#7923,#7924,#7925);
#7927=IFCLOCALPLACEMENT(#102,#7926);
#7928=IFCCARTESIANPOINT((3.49,0.365));
#7929=IFCCARTESIANPOINT((7.99,0.365));
#7930=IFCCARTESIANPOINT((7.99,3.265));
#7931=IFCCARTESIANPOINT((3.49,3.265));
#7932=IFCCARTESIANPOINT((3.49,0.365));
#7933=IFCPOLYLINE((#7928,#7929,#7930,#7931,#7932));
#7934=IFCARBITRARYCLOSEDPROFILEDEF(.AREA.,$,#7933);
#7935=IFCCARTESIANPOINT((0.,0.,3.5));
#7936=IFCAXIS2PLACEMENT3D(#7935,$,$);
#7937=IFCDIRECTION((0.,0.,1.));
#7938=IFCEXTRUDEDAREASOLID(#7934,#7936,#7937,2.5);
#7939=IFCCARTESIANPOINT((0.,-0.291072,5.682265999999999));
#7940=IFCDIRECTION((0.,-0.54464,0.83867));
#7941=IFCDIRECTION((-1.,0.,0.));
#7942=IFCAXIS2PLACEMENT3D(#7939,#7940,#7941);
#7943=IFCPLANE(#7942);
#7944=IFCHALFSPACESOLID(#7943,.F.);
#7945=IFCBOOLEANCLIPPINGRESULT(.DIFFERENCE.,#7938,#7944);
#7946=IFCCARTESIANPOINT((3.061804,0.,5.732442));
#7947=IFCDIRECTION((-0.80902,0.,0.58779));
#7948=IFCDIRECTION((0.,1.,-0.));
#7949=IFCAXIS2PLACEMENT3D(#7946,#7947,#7948);
#7950=IFCPLANE(#7949);
#7951=IFCHALFSPACESOLID(#7950,.F.);
#7952=IFCBOOLEANCLIPPINGRESULT(.DIFFERENCE.,#7945,#7951);
#7953=IFCCARTESIANPOINT((8.418196,0.,5.732442));
#7954=IFCDIRECTION((0.80902,0.,0.58779));
#7955=IFCDIRECTION((0.,-1.,0.));
#7956=IFCAXIS2PLACEMENT3D(#7953,#7954,#7955);
#7957=IFCPLANE(#7956);
#7958=IFCHALFSPACESOLID(#7957,.F.);
#7959=IFCBOOLEANCLIPPINGRESULT(.DIFFERENCE.,#7952,#7958);
#7960=IFCSHAPEREPRESENTATION(#20,'Body','Clipping',(#7959));
#7961=IFCPRODUCTDEFINITIONSHAPE($,$,(#7960));
#7962=IFCPRESENTATIONSTYLEASSIGNMENT((#469));
#7963=IFCSTYLEDITEM(#7959,(#7962),'Raum');
#7964=IFCOWNERHISTORY(#3,#4,.READWRITE.,.ADDED.,1791469321,#3,#4,1791469321);
#7965=IFCELEMENTQUANTITY('22tgY7gb1BZg6evmheSXa8',#7964,'BaseQuantities',$,'BaseQuantities',(#7968,#7969,#7970));
#7966=IFCOWNERHISTORY(#3,#4,.READWRITE.,.ADDED.,1791469321,#3,#4,1791469321);
#7967=IFCRELDEFINESBYPROPERTIES('096ev7TtXD9x$p2OBrypHO',#7966,$,$,(#7922),#7965);
#7968=IFCQUANTITYAREA('NetFloorArea',$,$,13.05);
#7969=IFCQUANTITYAREA('GrossFloorArea',$,$,13.05);
#7970=IFCQUANTITYLENGTH('Height',$,$,2.5);
#7971=IFCOWNERHISTORY(#3,#4,.READWRITE.,.ADDED.,1791469321,#3,#4,1791469321);
#7972=IFCPROPERTYSET('0rjG51_KX9Xwl_mPZ7FvLx',#7971,'Pset_SpaceCommon',$,(#7975,#7976));
#7973=IFCOWNERHISTORY(#3,#4,.READWRITE.,.ADDED.,1791469321,#3,#4,1791469321);
#7974=IFCRELDEFINESBYPROPERTIES('3YcyeysebEtxIeAD9OCsek',#7973,$,$,(#7922),#7972);
#7975=IFCPROPERTYSINGLEVALUE('Reference',$,IFCIDENTIFIER('Kinderschlafzimmer (Zwerchhaus)'),$);
#7976=IFCPROPERTYSINGLEVALUE('IsExternal',$,IFCBOOLEAN(.F.),$);
#7977=IFCOWNERHISTORY(#3,#4,.READWRITE.,.ADDED.,1791469321,#3,#4,1791469321);
#7978=IFCPROPERTYSET('18D2rUoZ13OQoyiXLeGq2m',#7977,'Oberhofer_Info',$,(#7981,#7982,#7983,#7984));
#7979=IFCOWNERHISTORY(#3,#4,.READWRITE.,.ADDED.,1791469321,#3,#4,1791469321);
#7980=IFCRELDEFINESBYPROPERTIES('2qcgJ3kgbDkRmTXNKQoj8h',#7979,$,$,(#7922),#7978);
#7981=IFCPROPERTYSINGLEVALUE('Status',$,IFCLABEL('Bestand'),$);
#7982=IFCPROPERTYSINGLEVALUE('Quelle',$,IFCLABEL('Tektur-Grundriss Dachgeschoss M 1:100 (Scan), Lage aus Bema\X2\00DF\X0\ung/Messung \X2\00B1\X0\10 cm'),$);
#7983=IFCPROPERTYSINGLEVALUE('Flaeche_Hinweis',$,IFCLABEL('Grundfl\X2\00E4\X0\che zwischen den W\X2\00E4\X0\nden; ohne Abzug Dachschr\X2\00E4\X0\gen (keine Wohnfl\X2\00E4\X0\che nach WoFlV)'),$);
#7984=IFCPROPERTYSINGLEVALUE('Annahmen',$,IFCLABEL('Plan: 4,85 \X2\00D7\X0\ 2,90 m; Modell 4,50 m breit (Zwerchhaus-Wangen)'),$);
#7985=IFCOWNERHISTORY(#3,#4,.READWRITE.,.MODIFIED.,1791469321,#3,#4,1791469321);
#7986=IFCSLAB('3XkvdhJH1EhR78W0YDuTzi',#7985,'Bodenplatte Keller',$,$,#7991,#8004,$,$);
#7987=IFCCARTESIANPOINT((0.,0.,2.));
#7988=IFCDIRECTION((0.,0.,1.));
#7989=IFCDIRECTION((1.,0.,0.));
#7990=IFCAXIS2PLACEMENT3D(#7987,#7988,#7989);
#7991=IFCLOCALPLACEMENT(#88,#7990);
#7992=IFCCARTESIANPOINT((0.3,0.3));
#7993=IFCCARTESIANPOINT((11.18,0.3));
#7994=IFCCARTESIANPOINT((11.18,8.28));
#7995=IFCCARTESIANPOINT((0.3,8.28));
#7996=IFCCARTESIANPOINT((0.3,0.3));
#7997=IFCPOLYLINE((#7992,#7993,#7994,#7995,#7996));
#7998=IFCARBITRARYCLOSEDPROFILEDEF(.AREA.,$,#7997);
#7999=IFCCARTESIANPOINT((0.,0.,-2.15));
#8000=IFCAXIS2PLACEMENT3D(#7999,$,$);
#8001=IFCDIRECTION((0.,0.,1.));
#8002=IFCEXTRUDEDAREASOLID(#7998,#8000,#8001,0.15);
#8003=IFCSHAPEREPRESENTATION(#20,'Body','SweptSolid',(#8002));
#8004=IFCPRODUCTDEFINITIONSHAPE($,$,(#8003));
#8005=IFCOWNERHISTORY(#3,#4,.READWRITE.,.ADDED.,1791469321,#3,#4,1791469321);
#8006=IFCRELDEFINESBYTYPE('1GkUnPwD9A1evZ86pyZeJX',#8005,$,$,(#7986),#304);
#8007=IFCMATERIALLAYERSETUSAGE(#305,.AXIS3.,.POSITIVE.,0.);
#8008=IFCOWNERHISTORY(#3,#4,.READWRITE.,.ADDED.,1791469321,#3,#4,1791469321);
#8009=IFCRELASSOCIATESMATERIAL('1OVV2IJ0136RkYkfE6Px87',#8008,$,$,(#7986),#8007);
#8010=IFCPRESENTATIONSTYLEASSIGNMENT((#209));
#8011=IFCSTYLEDITEM(#8002,(#8010),'Beton/Mauerwerk Keller (Annahme)');
#8012=IFCOWNERHISTORY(#3,#4,.READWRITE.,.ADDED.,1791469321,#3,#4,1791469321);
#8013=IFCPROPERTYSET('1vvZIh3ub5oAdQjjoBgXUm',#8012,'Pset_SlabCommon',$,(#8016,#8017,#8018));
#8014=IFCOWNERHISTORY(#3,#4,.READWRITE.,.ADDED.,1791469321,#3,#4,1791469321);
#8015=IFCRELDEFINESBYPROPERTIES('2DuiCdcI91eRejKS3TM0VD',#8014,$,$,(#7986),#8013);
#8016=IFCPROPERTYSINGLEVALUE('IsExternal',$,IFCBOOLEAN(.F.),$);
#8017=IFCPROPERTYSINGLEVALUE('LoadBearing',$,IFCBOOLEAN(.T.),$);
#8018=IFCPROPERTYSINGLEVALUE('Reference',$,IFCIDENTIFIER('Bodenplatte Keller 15 (Annahme)'),$);
#8019=IFCOWNERHISTORY(#3,#4,.READWRITE.,.ADDED.,1791469321,#3,#4,1791469321);
#8020=IFCPROPERTYSET('3ipBKxslTAXBTu7k8s7$ja',#8019,'Oberhofer_Info',$,(#8023,#8024));
#8021=IFCOWNERHISTORY(#3,#4,.READWRITE.,.ADDED.,1791469321,#3,#4,1791469321);
#8022=IFCRELDEFINESBYPROPERTIES('2s1o3E$Qn26vJ258eGGiAM',#8021,$,$,(#7986),#8020);
#8023=IFCPROPERTYSINGLEVALUE('Status',$,IFCLABEL('Bestand'),$);
#8024=IFCPROPERTYSINGLEVALUE('Quelle',$,IFCLABEL('Keller lt. Tektur unter Hauptbau; H\X2\00F6\X0\he/Wanddicke Annahme'),$);
#8025=IFCOWNERHISTORY(#3,#4,.READWRITE.,.MODIFIED.,1791469321,#3,#4,1791469321);
#8026=IFCSLAB('0kQ3mEVNT8qQXAY0i3crtJ',#8025,'Kellerdecke / Fu\X2\00DF\X0\boden EG',$,$,#8031,#8044,$,$);
#8027=IFCCARTESIANPOINT((0.,0.,-0.5));
#8028=IFCDIRECTION((0.,0.,1.));
#8029=IFCDIRECTION((1.,0.,0.));
#8030=IFCAXIS2PLACEMENT3D(#8027,#8028,#8029);
#8031=IFCLOCALPLACEMENT(#95,#8030);
#8032=IFCCARTESIANPOINT((0.365,0.365));
#8033=IFCCARTESIANPOINT((11.115,0.365));
#8034=IFCCARTESIANPOINT((11.115,8.215));
#8035=IFCCARTESIANPOINT((0.365,8.215));
#8036=IFCCARTESIANPOINT((0.365,0.365));
#8037=IFCPOLYLINE((#8032,#8033,#8034,#8035,#8036));
#8038=IFCARBITRARYCLOSEDPROFILEDEF(.AREA.,$,#8037);
#8039=IFCCARTESIANPOINT((0.,0.,0.3));
#8040=IFCAXIS2PLACEMENT3D(#8039,$,$);
#8041=IFCDIRECTION((0.,0.,1.));
#8042=IFCEXTRUDEDAREASOLID(#8038,#8040,#8041,0.2);
#8043=IFCSHAPEREPRESENTATION(#20,'Body','SweptSolid',(#8042));
#8044=IFCPRODUCTDEFINITIONSHAPE($,$,(#8043));
#8045=IFCOWNERHISTORY(#3,#4,.READWRITE.,.MODIFIED.,1791469321,#3,#4,1791469321);
#8046=IFCRELDEFINESBYTYPE('17q05mEPr8kRqWWTWifUli',#8045,$,$,(#8066,#8026,#8104,#8142),#290);
#8047=IFCMATERIALLAYERSETUSAGE(#291,.AXIS3.,.POSITIVE.,0.);
#8048=IFCOWNERHISTORY(#3,#4,.READWRITE.,.ADDED.,1791469321,#3,#4,1791469321);
#8049=IFCRELASSOCIATESMATERIAL('1$A3IxgWzEggmFluy3lFUe',#8048,$,$,(#8026),#8047);
#8050=IFCPRESENTATIONSTYLEASSIGNMENT((#209));
#8051=IFCSTYLEDITEM(#8042,(#8050),'Beton/Mauerwerk Keller (Annahme)');
#8052=IFCOWNERHISTORY(#3,#4,.READWRITE.,.ADDED.,1791469321,#3,#4,1791469321);
#8053=IFCPROPERTYSET('0u$cAU7rfFYOO6jr8_TYTo',#8052,'Pset_SlabCommon',$,(#8056,#8057,#8058));
#8054=IFCOWNERHISTORY(#3,#4,.READWRITE.,.ADDED.,1791469321,#3,#4,1791469321);
#8055=IFCRELDEFINESBYPROPERTIES('1$kUeLq9HAAfpiArHEtDUl',#8054,$,$,(#8026),#8053);
#8056=IFCPROPERTYSINGLEVALUE('IsExternal',$,IFCBOOLEAN(.F.),$);
#8057=IFCPROPERTYSINGLEVALUE('LoadBearing',$,IFCBOOLEAN(.T.),$);
#8058=IFCPROPERTYSINGLEVALUE('Reference',$,IFCIDENTIFIER('Decke Bestand 20 (Konstruktion unbekannt)'),$);
#8059=IFCOWNERHISTORY(#3,#4,.READWRITE.,.ADDED.,1791469321,#3,#4,1791469321);
#8060=IFCPROPERTYSET('0H8S4sOJb3vu$e3fLNSRiB',#8059,'Oberhofer_Info',$,(#8063,#8064));
#8061=IFCOWNERHISTORY(#3,#4,.READWRITE.,.ADDED.,1791469321,#3,#4,1791469321);
#8062=IFCRELDEFINESBYPROPERTIES('3vX21z61b14wrpYYZDELPZ',#8061,$,$,(#8026),#8060);
#8063=IFCPROPERTYSINGLEVALUE('Status',$,IFCLABEL('Bestand'),$);
#8064=IFCPROPERTYSINGLEVALUE('Quelle',$,IFCLABEL('H\X2\00F6\X0\henlage Annahme: OKFF EG \X2\2248\X0\ +0,50 (Fenster-UK 1,30, Br\X2\00FC\X0\stung ~0,80); EG-Geschossh\X2\00F6\X0\he 3,00 (Tektur-Auswertung)'),$);
#8065=IFCOWNERHISTORY(#3,#4,.READWRITE.,.MODIFIED.,1791469321,#3,#4,1791469321);
#8066=IFCSLAB('3hIbOFS4nA_hzlkRV0_eoF',#8065,'Fu\X2\00DF\X0\boden EG Anbau',$,$,#8071,#8084,$,$);
#8067=IFCCARTESIANPOINT((0.,0.,-0.5));
#8068=IFCDIRECTION((0.,0.,1.));
#8069=IFCDIRECTION((1.,0.,0.));
#8070=IFCAXIS2PLACEMENT3D(#8067,#8068,#8069);
#8071=IFCLOCALPLACEMENT(#95,#8070);
#8072=IFCCARTESIANPOINT((0.3,8.58));
#8073=IFCCARTESIANPOINT((3.6,8.58));
#8074=IFCCARTESIANPOINT((3.6,13.079999999999998));
#8075=IFCCARTESIANPOINT((0.3,13.079999999999998));
#8076=IFCCARTESIANPOINT((0.3,8.58));
#8077=IFCPOLYLINE((#8072,#8073,#8074,#8075,#8076));
#8078=IFCARBITRARYCLOSEDPROFILEDEF(.AREA.,$,#8077);
#8079=IFCCARTESIANPOINT((0.,0.,0.3));
#8080=IFCAXIS2PLACEMENT3D(#8079,$,$);
#8081=IFCDIRECTION((0.,0.,1.));
#8082=IFCEXTRUDEDAREASOLID(#8078,#8080,#8081,0.2);
#8083=IFCSHAPEREPRESENTATION(#20,'Body','SweptSolid',(#8082));
#8084=IFCPRODUCTDEFINITIONSHAPE($,$,(#8083));
#8085=IFCMATERIALLAYERSETUSAGE(#291,.AXIS3.,.POSITIVE.,0.);
#8086=IFCOWNERHISTORY(#3,#4,.READWRITE.,.ADDED.,1791469321,#3,#4,1791469321);
#8087=IFCRELASSOCIATESMATERIAL('0vBY9s921A0gsTwZ4zYudg',#8086,$,$,(#8066),#8085);
#8088=IFCPRESENTATIONSTYLEASSIGNMENT((#209));
#8089=IFCSTYLEDITEM(#8082,(#8088),'Beton/Mauerwerk Keller (Annahme)');
#8090=IFCOWNERHISTORY(#3,#4,.READWRITE.,.ADDED.,1791469321,#3,#4,1791469321);
#8091=IFCPROPERTYSET('2F8AjuZTj6_8gKDXCXkXav',#8090,'Pset_SlabCommon',$,(#8094,#8095,#8096));
#8092=IFCOWNERHISTORY(#3,#4,.READWRITE.,.ADDED.,1791469321,#3,#4,1791469321);
#8093=IFCRELDEFINESBYPROPERTIES('2_KGIqFh15JBZ48R_FWLBU',#8092,$,$,(#8066),#8091);
#8094=IFCPROPERTYSINGLEVALUE('IsExternal',$,IFCBOOLEAN(.F.),$);
#8095=IFCPROPERTYSINGLEVALUE('LoadBearing',$,IFCBOOLEAN(.T.),$);
#8096=IFCPROPERTYSINGLEVALUE('Reference',$,IFCIDENTIFIER('Decke Bestand 20 (Konstruktion unbekannt)'),$);
#8097=IFCOWNERHISTORY(#3,#4,.READWRITE.,.ADDED.,1791469321,#3,#4,1791469321);
#8098=IFCPROPERTYSET('0adA$7l9166AE_nCWXKX7e',#8097,'Oberhofer_Info',$,(#8101,#8102));
#8099=IFCOWNERHISTORY(#3,#4,.READWRITE.,.ADDED.,1791469321,#3,#4,1791469321);
#8100=IFCRELDEFINESBYPROPERTIES('1nnyikQZH1UuboSg4p1JUF',#8099,$,$,(#8066),#8098);
#8101=IFCPROPERTYSINGLEVALUE('Status',$,IFCLABEL('Bestand'),$);
#8102=IFCPROPERTYSINGLEVALUE('Quelle',$,IFCLABEL('H\X2\00F6\X0\henlage Annahme: OKFF EG \X2\2248\X0\ +0,50 (Fenster-UK 1,30, Br\X2\00FC\X0\stung ~0,80); EG-Geschossh\X2\00F6\X0\he 3,00 (Tektur-Auswertung); Unterkellerung Anbau unbekannt'),$);
#8103=IFCOWNERHISTORY(#3,#4,.READWRITE.,.MODIFIED.,1791469321,#3,#4,1791469321);
#8104=IFCSLAB('3Cck78R4f66PuB6Pp5V3OW',#8103,'Fu\X2\00DF\X0\boden Windfang-Erker',$,$,#8109,#8122,$,$);
#8105=IFCCARTESIANPOINT((0.,0.,-0.5));
#8106=IFCDIRECTION((0.,0.,1.));
#8107=IFCDIRECTION((1.,0.,0.));
#8108=IFCAXIS2PLACEMENT3D(#8105,#8106,#8107);
#8109=IFCLOCALPLACEMENT(#95,#8108);
#8110=IFCCARTESIANPOINT((4.04,-1.7));
#8111=IFCCARTESIANPOINT((7.44,-1.7));
#8112=IFCCARTESIANPOINT((7.44,0.));
#8113=IFCCARTESIANPOINT((4.04,0.));
#8114=IFCCARTESIANPOINT((4.04,-1.7));
#8115=IFCPOLYLINE((#8110,#8111,#8112,#8113,#8114));
#8116=IFCARBITRARYCLOSEDPROFILEDEF(.AREA.,$,#8115);
#8117=IFCCARTESIANPOINT((0.,0.,-0.05000000000000002));
#8118=IFCAXIS2PLACEMENT3D(#8117,$,$);
#8119=IFCDIRECTION((0.,0.,1.));
#8120=IFCEXTRUDEDAREASOLID(#8116,#8118,#8119,0.2);
#8121=IFCSHAPEREPRESENTATION(#20,'Body','SweptSolid',(#8120));
#8122=IFCPRODUCTDEFINITIONSHAPE($,$,(#8121));
#8123=IFCMATERIALLAYERSETUSAGE(#291,.AXIS3.,.POSITIVE.,0.);
#8124=IFCOWNERHISTORY(#3,#4,.READWRITE.,.ADDED.,1791469321,#3,#4,1791469321);
#8125=IFCRELASSOCIATESMATERIAL('00Go_wCVLFDBv7YX6uT8YB',#8124,$,$,(#8104),#8123);
#8126=IFCPRESENTATIONSTYLEASSIGNMENT((#209));
#8127=IFCSTYLEDITEM(#8120,(#8126),'Beton/Mauerwerk Keller (Annahme)');
#8128=IFCOWNERHISTORY(#3,#4,.READWRITE.,.ADDED.,1791469321,#3,#4,1791469321);
#8129=IFCPROPERTYSET('1BBTyEKw90lOzsag9pNaPJ',#8128,'Pset_SlabCommon',$,(#8132,#8133,#8134));
#8130=IFCOWNERHISTORY(#3,#4,.READWRITE.,.ADDED.,1791469321,#3,#4,1791469321);
#8131=IFCRELDEFINESBYPROPERTIES('0QaN6OWMf2TwdqgXZxrkAX',#8130,$,$,(#8104),#8129);
#8132=IFCPROPERTYSINGLEVALUE('IsExternal',$,IFCBOOLEAN(.F.),$);
#8133=IFCPROPERTYSINGLEVALUE('LoadBearing',$,IFCBOOLEAN(.T.),$);
#8134=IFCPROPERTYSINGLEVALUE('Reference',$,IFCIDENTIFIER('Decke Bestand 20 (Konstruktion unbekannt)'),$);
#8135=IFCOWNERHISTORY(#3,#4,.READWRITE.,.ADDED.,1791469321,#3,#4,1791469321);
#8136=IFCPROPERTYSET('0$aWU276TBJwMsegro4cI9',#8135,'Oberhofer_Info',$,(#8139,#8140));
#8137=IFCOWNERHISTORY(#3,#4,.READWRITE.,.ADDED.,1791469321,#3,#4,1791469321);
#8138=IFCRELDEFINESBYPROPERTIES('374HxZ2WvCk8upBAiFU9jD',#8137,$,$,(#8104),#8136);
#8139=IFCPROPERTYSINGLEVALUE('Status',$,IFCLABEL('Bestand'),$);
#8140=IFCPROPERTYSINGLEVALUE('Quelle',$,IFCLABEL('T\X2\00FC\X0\rschwelle Erker +0,15 (Tektur/Foto)'),$);
#8141=IFCOWNERHISTORY(#3,#4,.READWRITE.,.MODIFIED.,1791469321,#3,#4,1791469321);
#8142=IFCSLAB('0A9BoEq85C2exNzts9tLno',#8141,'Decke \X2\00FC\X0\ber EG / Fu\X2\00DF\X0\boden DG',$,$,#8147,#8160,$,$);
#8143=IFCCARTESIANPOINT((0.,0.,-3.5));
#8144=IFCDIRECTION((0.,0.,1.));
#8145=IFCDIRECTION((1.,0.,0.));
#8146=IFCAXIS2PLACEMENT3D(#8143,#8144,#8145);
#8147=IFCLOCALPLACEMENT(#102,#8146);
#8148=IFCCARTESIANPOINT((0.365,0.365));
#8149=IFCCARTESIANPOINT((11.115,0.365));
#8150=IFCCARTESIANPOINT((11.115,8.215));
#8151=IFCCARTESIANPOINT((0.365,8.215));
#8152=IFCCARTESIANPOINT((0.365,0.365));
#8153=IFCPOLYLINE((#8148,#8149,#8150,#8151,#8152));
#8154=IFCARBITRARYCLOSEDPROFILEDEF(.AREA.,$,#8153);
#8155=IFCCARTESIANPOINT((0.,0.,3.3));
#8156=IFCAXIS2PLACEMENT3D(#8155,$,$);
#8157=IFCDIRECTION((0.,0.,1.));
#8158=IFCEXTRUDEDAREASOLID(#8154,#8156,#8157,0.2);
#8159=IFCSHAPEREPRESENTATION(#20,'Body','SweptSolid',(#8158));
#8160=IFCPRODUCTDEFINITIONSHAPE($,$,(#8159));
#8161=IFCMATERIALLAYERSETUSAGE(#291,.AXIS3.,.POSITIVE.,0.);
#8162=IFCOWNERHISTORY(#3,#4,.READWRITE.,.ADDED.,1791469321,#3,#4,1791469321);
#8163=IFCRELASSOCIATESMATERIAL('3AKIm1bS1EXgdNEmXcOS0P',#8162,$,$,(#8142),#8161);
#8164=IFCPRESENTATIONSTYLEASSIGNMENT((#209));
#8165=IFCSTYLEDITEM(#8158,(#8164),'Beton/Mauerwerk Keller (Annahme)');
#8166=IFCOWNERHISTORY(#3,#4,.READWRITE.,.ADDED.,1791469321,#3,#4,1791469321);
#8167=IFCPROPERTYSET('1zDY2L1wb2$wb0MUHQPw3k',#8166,'Pset_SlabCommon',$,(#8170,#8171,#8172));
#8168=IFCOWNERHISTORY(#3,#4,.READWRITE.,.ADDED.,1791469321,#3,#4,1791469321);
#8169=IFCRELDEFINESBYPROPERTIES('061AvEWiL7Ug7LkNCtV3$4',#8168,$,$,(#8142),#8167);
#8170=IFCPROPERTYSINGLEVALUE('IsExternal',$,IFCBOOLEAN(.F.),$);
#8171=IFCPROPERTYSINGLEVALUE('LoadBearing',$,IFCBOOLEAN(.T.),$);
#8172=IFCPROPERTYSINGLEVALUE('Reference',$,IFCIDENTIFIER('Decke Bestand 20 (Konstruktion unbekannt)'),$);
#8173=IFCOWNERHISTORY(#3,#4,.READWRITE.,.ADDED.,1791469321,#3,#4,1791469321);
#8174=IFCPROPERTYSET('28Mfq0lcz3yenzpqkTspp0',#8173,'Oberhofer_Info',$,(#8177,#8178));
#8175=IFCOWNERHISTORY(#3,#4,.READWRITE.,.ADDED.,1791469321,#3,#4,1791469321);
#8176=IFCRELDEFINESBYPROPERTIES('0nk$1$Ec10av2Bt$LtRjga',#8175,$,$,(#8142),#8174);
#8177=IFCPROPERTYSINGLEVALUE('Status',$,IFCLABEL('Bestand'),$);
#8178=IFCPROPERTYSINGLEVALUE('Quelle',$,IFCLABEL('H\X2\00F6\X0\henlage Annahme: OKFF EG \X2\2248\X0\ +0,50 (Fenster-UK 1,30, Br\X2\00FC\X0\stung ~0,80); EG-Geschossh\X2\00F6\X0\he 3,00 (Tektur-Auswertung)'),$);
#8179=IFCOWNERHISTORY(#3,#4,.READWRITE.,.MODIFIED.,1791469321,#3,#4,1791469321);
#8180=IFCSLAB('33D3BKpvHBchyeMh8yJVyS',#8179,'Boden Garage/Lager-Riegel',$,$,#8185,#8198,$,$);
#8181=IFCCARTESIANPOINT((0.,0.,0.));
#8182=IFCDIRECTION((0.,0.,1.));
#8183=IFCDIRECTION((1.,0.,0.));
#8184=IFCAXIS2PLACEMENT3D(#8181,#8182,#8183);
#8185=IFCLOCALPLACEMENT(#118,#8184);
#8186=IFCCARTESIANPOINT((11.279170075,22.120547475));
#8187=IFCCARTESIANPOINT((5.904219925,29.151368025));
#8188=IFCCARTESIANPOINT((3.7208299250000008,27.479450525));
#8189=IFCCARTESIANPOINT((9.095780075,20.448629975));
#8190=IFCCARTESIANPOINT((11.279170075,22.120547475));
#8191=IFCPOLYLINE((#8186,#8187,#8188,#8189,#8190));
#8192=IFCARBITRARYCLOSEDPROFILEDEF(.AREA.,$,#8191);
#8193=IFCCARTESIANPOINT((0.,0.,-0.1));
#8194=IFCAXIS2PLACEMENT3D(#8193,$,$);
#8195=IFCDIRECTION((0.,0.,1.));
#8196=IFCEXTRUDEDAREASOLID(#8192,#8194,#8195,0.1);
#8197=IFCSHAPEREPRESENTATION(#20,'Body','SweptSolid',(#8196));
#8198=IFCPRODUCTDEFINITIONSHAPE($,$,(#8197));
#8199=IFCOWNERHISTORY(#3,#4,.READWRITE.,.MODIFIED.,1791469321,#3,#4,1791469321);
#8200=IFCRELDEFINESBYTYPE('2O69r3MWb5iwSDWl_3P7VN',#8199,$,$,(#8220,#8180),#383);
#8201=IFCMATERIALLAYERSETUSAGE(#384,.AXIS3.,.POSITIVE.,0.);
#8202=IFCOWNERHISTORY(#3,#4,.READWRITE.,.ADDED.,1791469321,#3,#4,1791469321);
#8203=IFCRELASSOCIATESMATERIAL('3lPNXBvLr0NPdnONgDoZUy',#8202,$,$,(#8180),#8201);
#8204=IFCPRESENTATIONSTYLEASSIGNMENT((#209));
#8205=IFCSTYLEDITEM(#8196,(#8204),'Beton/Mauerwerk Keller (Annahme)');
#8206=IFCOWNERHISTORY(#3,#4,.READWRITE.,.ADDED.,1791469321,#3,#4,1791469321);
#8207=IFCPROPERTYSET('3My7RtyQX5m9MISrXWWuJk',#8206,'Pset_SlabCommon',$,(#8210,#8211,#8212));
#8208=IFCOWNERHISTORY(#3,#4,.READWRITE.,.ADDED.,1791469321,#3,#4,1791469321);
#8209=IFCRELDEFINESBYPROPERTIES('2sF907lMT9vQAw921sdkH4',#8208,$,$,(#8180),#8207);
#8210=IFCPROPERTYSINGLEVALUE('IsExternal',$,IFCBOOLEAN(.F.),$);
#8211=IFCPROPERTYSINGLEVALUE('LoadBearing',$,IFCBOOLEAN(.T.),$);
#8212=IFCPROPERTYSINGLEVALUE('Reference',$,IFCIDENTIFIER('Boden Nebengeb\X2\00E4\X0\ude Zementestrich 10'),$);
#8213=IFCOWNERHISTORY(#3,#4,.READWRITE.,.ADDED.,1791469321,#3,#4,1791469321);
#8214=IFCPROPERTYSET('1Z5ErrWZT4yP8lfAqhTGMI',#8213,'Oberhofer_Info',$,(#8217,#8218));
#8215=IFCOWNERHISTORY(#3,#4,.READWRITE.,.ADDED.,1791469321,#3,#4,1791469321);
#8216=IFCRELDEFINESBYPROPERTIES('2eh2D6aY52jRBrAM17Af6q',#8215,$,$,(#8180),#8214);
#8217=IFCPROPERTYSINGLEVALUE('Status',$,IFCLABEL('Bestand'),$);
#8218=IFCPROPERTYSINGLEVALUE('Quelle',$,IFCLABEL('Tektur: Zementestrich ~10 cm'),$);
#8219=IFCOWNERHISTORY(#3,#4,.READWRITE.,.MODIFIED.,1791469321,#3,#4,1791469321);
#8220=IFCSLAB('3jgrmjXNbDoAOH0iQwfjf3',#8219,'Boden Ger\X2\00E4\X0\tehaus',$,$,#8225,#8238,$,$);
#8221=IFCCARTESIANPOINT((0.,0.,0.));
#8222=IFCDIRECTION((0.,0.,1.));
#8223=IFCDIRECTION((1.,0.,0.));
#8224=IFCAXIS2PLACEMENT3D(#8221,#8222,#8223);
#8225=IFCLOCALPLACEMENT(#118,#8224);
#8226=IFCCARTESIANPOINT((6.05687475,23.60047475));
#8227=IFCCARTESIANPOINT((3.3238492500000003,27.175468249999998));
#8228=IFCCARTESIANPOINT((-0.24897075000000002,24.43960325));
#8229=IFCCARTESIANPOINT((2.4840547499999994,20.864609750000003));
#8230=IFCCARTESIANPOINT((6.05687475,23.60047475));
#8231=IFCPOLYLINE((#8226,#8227,#8228,#8229,#8230));
#8232=IFCARBITRARYCLOSEDPROFILEDEF(.AREA.,$,#8231);
#8233=IFCCARTESIANPOINT((0.,0.,-0.1));
#8234=IFCAXIS2PLACEMENT3D(#8233,$,$);
#8235=IFCDIRECTION((0.,0.,1.));
#8236=IFCEXTRUDEDAREASOLID(#8232,#8234,#8235,0.1);
#8237=IFCSHAPEREPRESENTATION(#20,'Body','SweptSolid',(#8236));
#8238=IFCPRODUCTDEFINITIONSHAPE($,$,(#8237));
#8239=IFCMATERIALLAYERSETUSAGE(#384,.AXIS3.,.POSITIVE.,0.);
#8240=IFCOWNERHISTORY(#3,#4,.READWRITE.,.ADDED.,1791469321,#3,#4,1791469321);
#8241=IFCRELASSOCIATESMATERIAL('1X$gHR3rXC5O7KyEpMnN1o',#8240,$,$,(#8220),#8239);
#8242=IFCPRESENTATIONSTYLEASSIGNMENT((#209));
#8243=IFCSTYLEDITEM(#8236,(#8242),'Beton/Mauerwerk Keller (Annahme)');
#8244=IFCOWNERHISTORY(#3,#4,.READWRITE.,.ADDED.,1791469321,#3,#4,1791469321);
#8245=IFCPROPERTYSET('38xzGrWWj74Amv7NsSa5w5',#8244,'Pset_SlabCommon',$,(#8248,#8249,#8250));
#8246=IFCOWNERHISTORY(#3,#4,.READWRITE.,.ADDED.,1791469321,#3,#4,1791469321);
#8247=IFCRELDEFINESBYPROPERTIES('1dFUOEQ1zCNvJOuqNCK1mb',#8246,$,$,(#8220),#8245);
#8248=IFCPROPERTYSINGLEVALUE('IsExternal',$,IFCBOOLEAN(.F.),$);
#8249=IFCPROPERTYSINGLEVALUE('LoadBearing',$,IFCBOOLEAN(.T.),$);
#8250=IFCPROPERTYSINGLEVALUE('Reference',$,IFCIDENTIFIER('Boden Nebengeb\X2\00E4\X0\ude Zementestrich 10'),$);
#8251=IFCOWNERHISTORY(#3,#4,.READWRITE.,.ADDED.,1791469321,#3,#4,1791469321);
#8252=IFCPROPERTYSET('3BzwyeAz56KhwSUEdi1BMe',#8251,'Oberhofer_Info',$,(#8255,#8256));
#8253=IFCOWNERHISTORY(#3,#4,.READWRITE.,.ADDED.,1791469321,#3,#4,1791469321);
#8254=IFCRELDEFINESBYPROPERTIES('3lhvDAx4P3YPuI4B9OfJ51',#8253,$,$,(#8220),#8252);
#8255=IFCPROPERTYSINGLEVALUE('Status',$,IFCLABEL('Bestand'),$);
#8256=IFCPROPERTYSINGLEVALUE('Quelle',$,IFCLABEL('Tektur: Zementestrich ~10 cm'),$);
#8257=IFCOWNERHISTORY(#3,#4,.READWRITE.,.MODIFIED.,1791469321,#3,#4,1791469321);
#8258=IFCSLAB('0UmYkKwY1BfvIQOyRlFDOj',#8257,'Bodenplatte Neubau',$,$,#8263,#8276,$,$);
#8259=IFCCARTESIANPOINT((0.,0.,0.));
#8260=IFCDIRECTION((0.,0.,1.));
#8261=IFCDIRECTION((1.,0.,0.));
#8262=IFCAXIS2PLACEMENT3D(#8259,#8260,#8261);
#8263=IFCLOCALPLACEMENT(#134,#8262);
#8264=IFCCARTESIANPOINT((-13.15500885919274,22.23197419857393));
#8265=IFCCARTESIANPOINT((1.793447145532955,33.959875250116795));
#8266=IFCCARTESIANPOINT((-3.8853259952141173,41.198074999773446));
#8267=IFCCARTESIANPOINT((-18.833781999939813,29.47017394823058));
#8268=IFCCARTESIANPOINT((-13.15500885919274,22.23197419857393));
#8269=IFCPOLYLINE((#8264,#8265,#8266,#8267,#8268));
#8270=IFCARBITRARYCLOSEDPROFILEDEF(.AREA.,$,#8269);
#8271=IFCCARTESIANPOINT((0.,0.,-0.37));
#8272=IFCAXIS2PLACEMENT3D(#8271,$,$);
#8273=IFCDIRECTION((0.,0.,1.));
#8274=IFCEXTRUDEDAREASOLID(#8270,#8272,#8273,0.37);
#8275=IFCSHAPEREPRESENTATION(#20,'Body','SweptSolid',(#8274));
#8276=IFCPRODUCTDEFINITIONSHAPE($,$,(#8275));
#8277=IFCOWNERHISTORY(#3,#4,.READWRITE.,.ADDED.,1791469321,#3,#4,1791469321);
#8278=IFCRELDEFINESBYTYPE('165PmZXFb2mx3iyFAcQAbI',#8277,$,$,(#8258),#318);
#8279=IFCMATERIALLAYERSETUSAGE(#319,.AXIS3.,.POSITIVE.,0.);
#8280=IFCOWNERHISTORY(#3,#4,.READWRITE.,.ADDED.,1791469321,#3,#4,1791469321);
#8281=IFCRELASSOCIATESMATERIAL('2T7Ut7O2rB9RfgDLdNOll3',#8280,$,$,(#8258),#8279);
#8282=IFCPRESENTATIONSTYLEASSIGNMENT((#209));
#8283=IFCSTYLEDITEM(#8274,(#8282),'Beton/Mauerwerk Keller (Annahme)');
#8284=IFCOWNERHISTORY(#3,#4,.READWRITE.,.ADDED.,1791469321,#3,#4,1791469321);
#8285=IFCPROPERTYSET('0sleYKYQH1Dxpl2q_$ibvC',#8284,'Pset_SlabCommon',$,(#8288,#8289,#8290));
#8286=IFCOWNERHISTORY(#3,#4,.READWRITE.,.ADDED.,1791469321,#3,#4,1791469321);
#8287=IFCRELDEFINESBYPROPERTIES('1oN4Mr4Db74xOCp9s_1Tvg',#8286,$,$,(#8258),#8285);
#8288=IFCPROPERTYSINGLEVALUE('IsExternal',$,IFCBOOLEAN(.F.),$);
#8289=IFCPROPERTYSINGLEVALUE('LoadBearing',$,IFCBOOLEAN(.T.),$);
#8290=IFCPROPERTYSINGLEVALUE('Reference',$,IFCIDENTIFIER('Bodenplatte Neubau 37'),$);
#8291=IFCOWNERHISTORY(#3,#4,.READWRITE.,.ADDED.,1791469321,#3,#4,1791469321);
#8292=IFCPROPERTYSET('1HHZG1kGHClxsOXzc63k$r',#8291,'Oberhofer_Info',$,(#8295,#8296));
#8293=IFCOWNERHISTORY(#3,#4,.READWRITE.,.ADDED.,1791469321,#3,#4,1791469321);
#8294=IFCRELDEFINESBYPROPERTIES('2LG57MHPP41RDEgXEFe4Pl',#8293,$,$,(#8258),#8292);
#8295=IFCPROPERTYSINGLEVALUE('Status',$,IFCLABEL('Neubau Vorentwurf V1'),$);
#8296=IFCPROPERTYSINGLEVALUE('Quelle',$,IFCLABEL('Aufbau Annahme (Vorentwurf)'),$);
#8297=IFCOWNERHISTORY(#3,#4,.READWRITE.,.MODIFIED.,1791469321,#3,#4,1791469321);
#8298=IFCROOF('0fcWJBcqXF5QuVVTbxdT3U',#8297,'Dach Hauptbau (Kr\X2\00FC\X0\ppelwalm + Zwerchhaus)',$,$,#8303,$,$,.HIP_ROOF.);
#8299=IFCCARTESIANPOINT((0.,0.,-3.5));
#8300=IFCDIRECTION((0.,0.,1.));
#8301=IFCDIRECTION((1.,0.,0.));
#8302=IFCAXIS2PLACEMENT3D(#8299,#8300,#8301);
#8303=IFCLOCALPLACEMENT(#102,#8302);
#8304=IFCOWNERHISTORY(#3,#4,.READWRITE.,.MODIFIED.,1791469321,#3,#4,1791469321);
#8305=IFCSLAB('0vrD1x1oH0Iw7pkhLdHO0M',#8304,'Dachfl\X2\00E4\X0\che Stra\X2\00DF\X0\enseite',$,$,#8333,#8335,$,.ROOF.);
#8306=IFCCARTESIANPOINT((0.,0.));
#8307=IFCCARTESIANPOINT((3.69,-1.137069039166224E-32));
#8308=IFCCARTESIANPOINT((3.69,4.255623680587958));
#8309=IFCCARTESIANPOINT((5.3873999999999995,7.220404334936251));
#8310=IFCCARTESIANPOINT((6.872599999999999,7.220404334936251));
#8311=IFCCARTESIANPOINT((8.57,4.255623680587958));
#8312=IFCCARTESIANPOINT((8.57,-2.640835139743778E-32));
#8313=IFCCARTESIANPOINT((12.26,-3.777904178910002E-32));
#8314=IFCCARTESIANPOINT((12.26,3.620418164714439));
#8315=IFCCARTESIANPOINT((9.61684,7.617825712425815));
#8316=IFCCARTESIANPOINT((2.64316,7.617825712425815));
#8317=IFCCARTESIANPOINT((-8.085761567630675E-23,3.620418164714439));
#8318=IFCCARTESIANPOINT((0.,0.));
#8319=IFCPOLYLINE((#8306,#8307,#8308,#8309,#8310,#8311,#8312,#8313,#8314,#8315,#8316,#8317,#8318));
#8320=IFCARBITRARYCLOSEDPROFILEDEF(.AREA.,$,#8319);
#8321=IFCCARTESIANPOINT((-0.39,-0.4,3.14707));
#8322=IFCDIRECTION((3.375461381296833E-17,-0.7880107753896747,0.6156614474447494));
#8323=IFCDIRECTION((1.,2.6598999403736198E-17,-2.0781414398030612E-17));
#8324=IFCAXIS2PLACEMENT3D(#8321,#8322,#8323);
#8325=IFCDIRECTION((0.,0.,-1.));
#8326=IFCEXTRUDEDAREASOLID(#8320,#8324,#8325,0.2);
#8327=IFCOWNERHISTORY(#3,#4,.READWRITE.,.MODIFIED.,1791469321,#3,#4,1791469321);
#8328=IFCRELAGGREGATES('25yCbrb8HEiANUHAJyKNIz',#8327,$,$,#8298,(#8305,#8398,#8435,#8472,#8510,#8547,#8355));
#8329=IFCCARTESIANPOINT((0.,0.,0.));
#8330=IFCDIRECTION((0.,0.,1.));
#8331=IFCDIRECTION((1.,0.,0.));
#8332=IFCAXIS2PLACEMENT3D(#8329,#8330,#8331);
#8333=IFCLOCALPLACEMENT(#8303,#8332);
#8334=IFCSHAPEREPRESENTATION(#20,'Body','SweptSolid',(#8326));
#8335=IFCPRODUCTDEFINITIONSHAPE($,$,(#8334));
#8336=IFCPRESENTATIONSTYLEASSIGNMENT((#397));
#8337=IFCSTYLEDITEM(#8326,(#8336),'Dachpfannen dunkel');
#8338=IFCOWNERHISTORY(#3,#4,.READWRITE.,.MODIFIED.,1791469322,#3,#4,1791469321);
#8339=IFCRELASSOCIATESMATERIAL('2K7IeBLIPDbgkvR8wIdbZi',#8338,$,$,(#8398,#8472,#8642,#8547,#8355,#8305,#8602,#8435,#8510),#396);
#8340=IFCOWNERHISTORY(#3,#4,.READWRITE.,.ADDED.,1791469321,#3,#4,1791469321);
#8341=IFCPROPERTYSET('02BMp_PB58Q9cQ5W31N$lV',#8340,'Pset_SlabCommon',$,(#8344,#8345,#8346,#8347));
#8342=IFCOWNERHISTORY(#3,#4,.READWRITE.,.ADDED.,1791469321,#3,#4,1791469321);
#8343=IFCRELDEFINESBYPROPERTIES('0d0Or7k8z1j8Q6E_ysVOp_',#8342,$,$,(#8305),#8341);
#8344=IFCPROPERTYSINGLEVALUE('IsExternal',$,IFCBOOLEAN(.T.),$);
#8345=IFCPROPERTYSINGLEVALUE('LoadBearing',$,IFCBOOLEAN(.F.),$);
#8346=IFCPROPERTYSINGLEVALUE('PitchAngle',$,IFCPLANEANGLEMEASURE(52.),$);
#8347=IFCPROPERTYSINGLEVALUE('Reference',$,IFCIDENTIFIER('Dach Hauptbau (Kr\X2\00FC\X0\ppelwalm + Zwerchhaus)'),$);
#8348=IFCOWNERHISTORY(#3,#4,.READWRITE.,.ADDED.,1791469321,#3,#4,1791469321);
#8349=IFCPROPERTYSET('1vJfWLjAX1ehhZsbBLUzfV',#8348,'Oberhofer_Info',$,(#8352,#8353));
#8350=IFCOWNERHISTORY(#3,#4,.READWRITE.,.ADDED.,1791469321,#3,#4,1791469321);
#8351=IFCRELDEFINESBYPROPERTIES('0FmXJtzKj1TxJW8Q61MsKu',#8350,$,$,(#8305),#8349);
#8352=IFCPROPERTYSINGLEVALUE('Status',$,IFCLABEL('Bestand'),$);
#8353=IFCPROPERTYSINGLEVALUE('Quelle',$,IFCLABEL('Dachgeometrie aus Tektur-Ansichten A/B (Neigung 52\X2\00B0\X0\/50\X2\00B0\X0\, First 9,15 m) und Fotos'),$);
#8354=IFCOWNERHISTORY(#3,#4,.READWRITE.,.MODIFIED.,1791469321,#3,#4,1791469321);
#8355=IFCSLAB('2Re4RgGiH35fw8h0ewlSbM',#8354,'Dachfl\X2\00E4\X0\che Gartenseite',$,$,#8378,#8380,$,.ROOF.);
#8356=IFCCARTESIANPOINT((0.,0.));
#8357=IFCCARTESIANPOINT((3.078603988568868,1.4648190545620853E-16));
#8358=IFCCARTESIANPOINT((3.440612272414965,3.0572459045452898));
#8359=IFCCARTESIANPOINT((9.135758126846984,8.117816512528757));
#8360=IFCCARTESIANPOINT((11.540558003188105,5.4114643820246));
#8361=IFCCARTESIANPOINT((12.21993984039985,0.6676258058299788));
#8362=IFCCARTESIANPOINT((7.006936893012461,-3.9645241283723234));
#8363=IFCCARTESIANPOINT((2.3758965712082376,-2.7320349172435385));
#8364=IFCCARTESIANPOINT((-0.028903305132884447,-0.025682786739381944));
#8365=IFCCARTESIANPOINT((0.,0.));
#8366=IFCPOLYLINE((#8356,#8357,#8358,#8359,#8360,#8361,#8362,#8363,#8364,#8365));
#8367=IFCARBITRARYCLOSEDPROFILEDEF(.AREA.,$,#8366);
#8368=IFCCARTESIANPOINT((-0.3513346850225529,8.98,3.1470737450144606));
#8369=IFCDIRECTION((2.273803873779059E-17,0.7880107536067219,0.6156614753256582));
#8370=IFCDIRECTION((0.747525402282208,-0.4089428052937103,0.5234229216812479));
#8371=IFCAXIS2PLACEMENT3D(#8368,#8369,#8370);
#8372=IFCDIRECTION((0.,0.,-1.));
#8373=IFCEXTRUDEDAREASOLID(#8367,#8371,#8372,0.2);
#8374=IFCCARTESIANPOINT((0.,0.,0.));
#8375=IFCDIRECTION((0.,0.,1.));
#8376=IFCDIRECTION((1.,0.,0.));
#8377=IFCAXIS2PLACEMENT3D(#8374,#8375,#8376);
#8378=IFCLOCALPLACEMENT(#8303,#8377);
#8379=IFCSHAPEREPRESENTATION(#20,'Body','SweptSolid',(#8373));
#8380=IFCPRODUCTDEFINITIONSHAPE($,$,(#8379));
#8381=IFCPRESENTATIONSTYLEASSIGNMENT((#397));
#8382=IFCSTYLEDITEM(#8373,(#8381),'Dachpfannen dunkel');
#8383=IFCOWNERHISTORY(#3,#4,.READWRITE.,.ADDED.,1791469321,#3,#4,1791469321);
#8384=IFCPROPERTYSET('0n70ZAwJLA8fNGbU08U_2z',#8383,'Pset_SlabCommon',$,(#8387,#8388,#8389,#8390));
#8385=IFCOWNERHISTORY(#3,#4,.READWRITE.,.ADDED.,1791469321,#3,#4,1791469321);
#8386=IFCRELDEFINESBYPROPERTIES('0KNAeu4aL5w9BmjuBwpyOl',#8385,$,$,(#8355),#8384);
#8387=IFCPROPERTYSINGLEVALUE('IsExternal',$,IFCBOOLEAN(.T.),$);
#8388=IFCPROPERTYSINGLEVALUE('LoadBearing',$,IFCBOOLEAN(.F.),$);
#8389=IFCPROPERTYSINGLEVALUE('PitchAngle',$,IFCPLANEANGLEMEASURE(52.),$);
#8390=IFCPROPERTYSINGLEVALUE('Reference',$,IFCIDENTIFIER('Dach Hauptbau (Kr\X2\00FC\X0\ppelwalm + Zwerchhaus)'),$);
#8391=IFCOWNERHISTORY(#3,#4,.READWRITE.,.ADDED.,1791469321,#3,#4,1791469321);
#8392=IFCPROPERTYSET('2z6lt1Y0L4hA9Zr6Yt5xYN',#8391,'Oberhofer_Info',$,(#8395,#8396));
#8393=IFCOWNERHISTORY(#3,#4,.READWRITE.,.ADDED.,1791469321,#3,#4,1791469321);
#8394=IFCRELDEFINESBYPROPERTIES('10n6j2P9n73vMCCihJ70JS',#8393,$,$,(#8355),#8392);
#8395=IFCPROPERTYSINGLEVALUE('Status',$,IFCLABEL('Bestand'),$);
#8396=IFCPROPERTYSINGLEVALUE('Quelle',$,IFCLABEL('Dachgeometrie aus Tektur-Ansichten A/B (Neigung 52\X2\00B0\X0\/50\X2\00B0\X0\, First 9,15 m) und Fotos'),$);
#8397=IFCOWNERHISTORY(#3,#4,.READWRITE.,.MODIFIED.,1791469321,#3,#4,1791469321);
#8398=IFCSLAB('0pm2i_zK91Oukq4QWmv0aY',#8397,'Kr\X2\00FC\X0\ppelwalm NW',$,$,#8415,#8417,$,.ROOF.);
#8399=IFCCARTESIANPOINT((0.,0.));
#8400=IFCCARTESIANPOINT((4.792239756950815,1.2891339852210414E-17));
#8401=IFCCARTESIANPOINT((2.5277395997206007,4.223458408224751));
#8402=IFCCARTESIANPOINT((0.,0.));
#8403=IFCPOLYLINE((#8399,#8400,#8401,#8402));
#8404=IFCARBITRARYCLOSEDPROFILEDEF(.AREA.,$,#8403);
#8405=IFCCARTESIANPOINT((-0.39,1.82895,6.));
#8406=IFCDIRECTION((-0.7660449027332509,0.,0.6427870619391808));
#8407=IFCDIRECTION((0.5515500338158745,0.5135490135756284,0.6573126887967452));
#8408=IFCAXIS2PLACEMENT3D(#8405,#8406,#8407);
#8409=IFCDIRECTION((0.,0.,-1.));
#8410=IFCEXTRUDEDAREASOLID(#8404,#8408,#8409,0.2);
#8411=IFCCARTESIANPOINT((0.,0.,0.));
#8412=IFCDIRECTION((0.,0.,1.));
#8413=IFCDIRECTION((1.,0.,0.));
#8414=IFCAXIS2PLACEMENT3D(#8411,#8412,#8413);
#8415=IFCLOCALPLACEMENT(#8303,#8414);
#8416=IFCSHAPEREPRESENTATION(#20,'Body','SweptSolid',(#8410));
#8417=IFCPRODUCTDEFINITIONSHAPE($,$,(#8416));
#8418=IFCPRESENTATIONSTYLEASSIGNMENT((#397));
#8419=IFCSTYLEDITEM(#8410,(#8418),'Dachpfannen dunkel');
#8420=IFCOWNERHISTORY(#3,#4,.READWRITE.,.ADDED.,1791469321,#3,#4,1791469321);
#8421=IFCPROPERTYSET('1m6qsIkdbEwfM8jbtJXZOK',#8420,'Pset_SlabCommon',$,(#8424,#8425,#8426,#8427));
#8422=IFCOWNERHISTORY(#3,#4,.READWRITE.,.ADDED.,1791469321,#3,#4,1791469321);
#8423=IFCRELDEFINESBYPROPERTIES('3pyCuMsgfBhBUKptIcJ6A1',#8422,$,$,(#8398),#8421);
#8424=IFCPROPERTYSINGLEVALUE('IsExternal',$,IFCBOOLEAN(.T.),$);
#8425=IFCPROPERTYSINGLEVALUE('LoadBearing',$,IFCBOOLEAN(.F.),$);
#8426=IFCPROPERTYSINGLEVALUE('PitchAngle',$,IFCPLANEANGLEMEASURE(50.),$);
#8427=IFCPROPERTYSINGLEVALUE('Reference',$,IFCIDENTIFIER('Dach Hauptbau (Kr\X2\00FC\X0\ppelwalm + Zwerchhaus)'),$);
#8428=IFCOWNERHISTORY(#3,#4,.READWRITE.,.ADDED.,1791469321,#3,#4,1791469321);
#8429=IFCPROPERTYSET('1JJC_amzX32xkv0zfxlPc7',#8428,'Oberhofer_Info',$,(#8432,#8433));
#8430=IFCOWNERHISTORY(#3,#4,.READWRITE.,.ADDED.,1791469321,#3,#4,1791469321);
#8431=IFCRELDEFINESBYPROPERTIES('1c1RLabevF9xlbBj53D3Cw',#8430,$,$,(#8398),#8429);
#8432=IFCPROPERTYSINGLEVALUE('Status',$,IFCLABEL('Bestand'),$);
#8433=IFCPROPERTYSINGLEVALUE('Quelle',$,IFCLABEL('Dachgeometrie aus Tektur-Ansichten A/B (Neigung 52\X2\00B0\X0\/50\X2\00B0\X0\, First 9,15 m) und Fotos'),$);
#8434=IFCOWNERHISTORY(#3,#4,.READWRITE.,.MODIFIED.,1791469321,#3,#4,1791469321);
#8435=IFCSLAB('1iUuScFiz1dRRX$hxn30XG',#8434,'Kr\X2\00FC\X0\ppelwalm SO',$,$,#8452,#8454,$,.ROOF.);
#8436=IFCCARTESIANPOINT((0.,0.));
#8437=IFCCARTESIANPOINT((4.9221,0.));
#8438=IFCCARTESIANPOINT((2.46105,4.112030494244905));
#8439=IFCCARTESIANPOINT((0.,0.));
#8440=IFCPOLYLINE((#8436,#8437,#8438,#8439));
#8441=IFCARBITRARYCLOSEDPROFILEDEF(.AREA.,$,#8440);
#8442=IFCCARTESIANPOINT((11.87,1.82895,6.));
#8443=IFCDIRECTION((0.7660449027332509,0.,0.6427870619391808));
#8444=IFCDIRECTION((0.,1.,0.));
#8445=IFCAXIS2PLACEMENT3D(#8442,#8443,#8444);
#8446=IFCDIRECTION((0.,0.,-1.));
#8447=IFCEXTRUDEDAREASOLID(#8441,#8445,#8446,0.2);
#8448=IFCCARTESIANPOINT((0.,0.,0.));
#8449=IFCDIRECTION((0.,0.,1.));
#8450=IFCDIRECTION((1.,0.,0.));
#8451=IFCAXIS2PLACEMENT3D(#8448,#8449,#8450);
#8452=IFCLOCALPLACEMENT(#8303,#8451);
#8453=IFCSHAPEREPRESENTATION(#20,'Body','SweptSolid',(#8447));
#8454=IFCPRODUCTDEFINITIONSHAPE($,$,(#8453));
#8455=IFCPRESENTATIONSTYLEASSIGNMENT((#397));
#8456=IFCSTYLEDITEM(#8447,(#8455),'Dachpfannen dunkel');
#8457=IFCOWNERHISTORY(#3,#4,.READWRITE.,.ADDED.,1791469321,#3,#4,1791469321);
#8458=IFCPROPERTYSET('0oEm0RKWH7uft0GYN6ZL_A',#8457,'Pset_SlabCommon',$,(#8461,#8462,#8463,#8464));
#8459=IFCOWNERHISTORY(#3,#4,.READWRITE.,.ADDED.,1791469321,#3,#4,1791469321);
#8460=IFCRELDEFINESBYPROPERTIES('1B9uYYBZ19wQnfY9QknOUV',#8459,$,$,(#8435),#8458);
#8461=IFCPROPERTYSINGLEVALUE('IsExternal',$,IFCBOOLEAN(.T.),$);
#8462=IFCPROPERTYSINGLEVALUE('LoadBearing',$,IFCBOOLEAN(.F.),$);
#8463=IFCPROPERTYSINGLEVALUE('PitchAngle',$,IFCPLANEANGLEMEASURE(50.),$);
#8464=IFCPROPERTYSINGLEVALUE('Reference',$,IFCIDENTIFIER('Dach Hauptbau (Kr\X2\00FC\X0\ppelwalm + Zwerchhaus)'),$);
#8465=IFCOWNERHISTORY(#3,#4,.READWRITE.,.ADDED.,1791469321,#3,#4,1791469321);
#8466=IFCPROPERTYSET('1izcKtIY1BXwto1AJorl7t',#8465,'Oberhofer_Info',$,(#8469,#8470));
#8467=IFCOWNERHISTORY(#3,#4,.READWRITE.,.ADDED.,1791469321,#3,#4,1791469321);
#8468=IFCRELDEFINESBYPROPERTIES('2VvengqLb6hfotxYVWq46T',#8467,$,$,(#8435),#8466);
#8469=IFCPROPERTYSINGLEVALUE('Status',$,IFCLABEL('Bestand'),$);
#8470=IFCPROPERTYSINGLEVALUE('Quelle',$,IFCLABEL('Dachgeometrie aus Tektur-Ansichten A/B (Neigung 52\X2\00B0\X0\/50\X2\00B0\X0\, First 9,15 m) und Fotos'),$);
#8471=IFCOWNERHISTORY(#3,#4,.READWRITE.,.MODIFIED.,1791469321,#3,#4,1791469321);
#8472=IFCSLAB('0$CGkCRqP8xhhHSEJHJh0Y',#8471,'Zwerchhaus Walmfl\X2\00E4\X0\che vorn',$,$,#8490,#8492,$,.ROOF.);
#8473=IFCCARTESIANPOINT((0.,0.));
#8474=IFCCARTESIANPOINT((5.68,0.));
#8475=IFCCARTESIANPOINT((3.5826,5.3004393545535455));
#8476=IFCCARTESIANPOINT((2.0974,5.3004393545535455));
#8477=IFCCARTESIANPOINT((0.,0.));
#8478=IFCPOLYLINE((#8473,#8474,#8475,#8476,#8477));
#8479=IFCARBITRARYCLOSEDPROFILEDEF(.AREA.,$,#8478);
#8480=IFCCARTESIANPOINT((2.9,-0.4,5.95));
#8481=IFCDIRECTION((0.,-0.5446397566118663,0.8386700993345161));
#8482=IFCDIRECTION((1.,0.,0.));
#8483=IFCAXIS2PLACEMENT3D(#8480,#8481,#8482);
#8484=IFCDIRECTION((0.,0.,-1.));
#8485=IFCEXTRUDEDAREASOLID(#8479,#8483,#8484,0.2);
#8486=IFCCARTESIANPOINT((0.,0.,0.));
#8487=IFCDIRECTION((0.,0.,1.));
#8488=IFCDIRECTION((1.,0.,0.));
#8489=IFCAXIS2PLACEMENT3D(#8486,#8487,#8488);
#8490=IFCLOCALPLACEMENT(#8303,#8489);
#8491=IFCSHAPEREPRESENTATION(#20,'Body','SweptSolid',(#8485));
#8492=IFCPRODUCTDEFINITIONSHAPE($,$,(#8491));
#8493=IFCPRESENTATIONSTYLEASSIGNMENT((#397));
#8494=IFCSTYLEDITEM(#8485,(#8493),'Dachpfannen dunkel');
#8495=IFCOWNERHISTORY(#3,#4,.READWRITE.,.ADDED.,1791469321,#3,#4,1791469321);
#8496=IFCPROPERTYSET('01EwXwcb50$OU8EASh9tH3',#8495,'Pset_SlabCommon',$,(#8499,#8500,#8501,#8502));
#8497=IFCOWNERHISTORY(#3,#4,.READWRITE.,.ADDED.,1791469321,#3,#4,1791469321);
#8498=IFCRELDEFINESBYPROPERTIES('1BmyL$GM5CcgxiuV9P4050',#8497,$,$,(#8472),#8496);
#8499=IFCPROPERTYSINGLEVALUE('IsExternal',$,IFCBOOLEAN(.T.),$);
#8500=IFCPROPERTYSINGLEVALUE('LoadBearing',$,IFCBOOLEAN(.F.),$);
#8501=IFCPROPERTYSINGLEVALUE('PitchAngle',$,IFCPLANEANGLEMEASURE(33.),$);
#8502=IFCPROPERTYSINGLEVALUE('Reference',$,IFCIDENTIFIER('Dach Hauptbau (Kr\X2\00FC\X0\ppelwalm + Zwerchhaus)'),$);
#8503=IFCOWNERHISTORY(#3,#4,.READWRITE.,.ADDED.,1791469321,#3,#4,1791469321);
#8504=IFCPROPERTYSET('3_mDWZU9r6yubunvo6Cz4V',#8503,'Oberhofer_Info',$,(#8507,#8508));
#8505=IFCOWNERHISTORY(#3,#4,.READWRITE.,.ADDED.,1791469321,#3,#4,1791469321);
#8506=IFCRELDEFINESBYPROPERTIES('0uNOWAvurDqAsiPiHkLwTV',#8505,$,$,(#8472),#8504);
#8507=IFCPROPERTYSINGLEVALUE('Status',$,IFCLABEL('Bestand'),$);
#8508=IFCPROPERTYSINGLEVALUE('Quelle',$,IFCLABEL('Dachgeometrie aus Tektur-Ansichten A/B (Neigung 52\X2\00B0\X0\/50\X2\00B0\X0\, First 9,15 m) und Fotos'),$);
#8509=IFCOWNERHISTORY(#3,#4,.READWRITE.,.MODIFIED.,1791469321,#3,#4,1791469321);
#8510=IFCSLAB('23UzpBrUb3BABDwzfVE4Ts',#8509,'Zwerchhaus Dachfl\X2\00E4\X0\che NW',$,$,#8527,#8529,$,.ROOF.);
#8511=IFCCARTESIANPOINT((0.,0.));
#8512=IFCCARTESIANPOINT((5.700328421354335,-2.0821530571586723E-16));
#8513=IFCCARTESIANPOINT((1.7077545529362903,1.3708364596206843));
#8514=IFCCARTESIANPOINT((0.,0.));
#8515=IFCPOLYLINE((#8511,#8512,#8513,#8514));
#8516=IFCARBITRARYCLOSEDPROFILEDEF(.AREA.,$,#8515);
#8517=IFCCARTESIANPOINT((2.9,-0.4,5.95));
#8518=IFCDIRECTION((-0.8090176295273013,0.,0.5877843780792634));
#8519=IFCDIRECTION((0.36794371218030275,0.7798357693474514,0.5064322240075638));
#8520=IFCAXIS2PLACEMENT3D(#8517,#8518,#8519);
#8521=IFCDIRECTION((0.,0.,-1.));
#8522=IFCEXTRUDEDAREASOLID(#8516,#8520,#8521,0.2);
#8523=IFCCARTESIANPOINT((0.,0.,0.));
#8524=IFCDIRECTION((0.,0.,1.));
#8525=IFCDIRECTION((1.,0.,0.));
#8526=IFCAXIS2PLACEMENT3D(#8523,#8524,#8525);
#8527=IFCLOCALPLACEMENT(#8303,#8526);
#8528=IFCSHAPEREPRESENTATION(#20,'Body','SweptSolid',(#8522));
#8529=IFCPRODUCTDEFINITIONSHAPE($,$,(#8528));
#8530=IFCPRESENTATIONSTYLEASSIGNMENT((#397));
#8531=IFCSTYLEDITEM(#8522,(#8530),'Dachpfannen dunkel');
#8532=IFCOWNERHISTORY(#3,#4,.READWRITE.,.ADDED.,1791469321,#3,#4,1791469321);
#8533=IFCPROPERTYSET('2x1qXdvmzBdflKkrru6MDa',#8532,'Pset_SlabCommon',$,(#8536,#8537,#8538,#8539));
#8534=IFCOWNERHISTORY(#3,#4,.READWRITE.,.ADDED.,1791469321,#3,#4,1791469321);
#8535=IFCRELDEFINESBYPROPERTIES('3eDF1CJyz11xmTZnvNGM6S',#8534,$,$,(#8510),#8533);
#8536=IFCPROPERTYSINGLEVALUE('IsExternal',$,IFCBOOLEAN(.T.),$);
#8537=IFCPROPERTYSINGLEVALUE('LoadBearing',$,IFCBOOLEAN(.F.),$);
#8538=IFCPROPERTYSINGLEVALUE('PitchAngle',$,IFCPLANEANGLEMEASURE(54.),$);
#8539=IFCPROPERTYSINGLEVALUE('Reference',$,IFCIDENTIFIER('Dach Hauptbau (Kr\X2\00FC\X0\ppelwalm + Zwerchhaus)'),$);
#8540=IFCOWNERHISTORY(#3,#4,.READWRITE.,.ADDED.,1791469321,#3,#4,1791469321);
#8541=IFCPROPERTYSET('0cEhCCcYnCXxUr0GGPOqVP',#8540,'Oberhofer_Info',$,(#8544,#8545));
#8542=IFCOWNERHISTORY(#3,#4,.READWRITE.,.ADDED.,1791469321,#3,#4,1791469321);
#8543=IFCRELDEFINESBYPROPERTIES('06Tzp5MB9AMAimhb4ZnZH4',#8542,$,$,(#8510),#8541);
#8544=IFCPROPERTYSINGLEVALUE('Status',$,IFCLABEL('Bestand'),$);
#8545=IFCPROPERTYSINGLEVALUE('Quelle',$,IFCLABEL('Dachgeometrie aus Tektur-Ansichten A/B (Neigung 52\X2\00B0\X0\/50\X2\00B0\X0\, First 9,15 m) und Fotos'),$);
#8546=IFCOWNERHISTORY(#3,#4,.READWRITE.,.MODIFIED.,1791469322,#3,#4,1791469321);
#8547=IFCSLAB('0MZ1Eof$b1X8JfpbKlA$26',#8546,'Zwerchhaus Dachfl\X2\00E4\X0\che SO',$,$,#8564,#8566,$,.ROOF.);
#8548=IFCCARTESIANPOINT((0.,0.));
#8549=IFCCARTESIANPOINT((2.18989,0.));
#8550=IFCCARTESIANPOINT((4.445320000000001,3.568315318031747));
#8551=IFCCARTESIANPOINT((0.,0.));
#8552=IFCPOLYLINE((#8548,#8549,#8550,#8551));
#8553=IFCARBITRARYCLOSEDPROFILEDEF(.AREA.,$,#8552);
#8554=IFCCARTESIANPOINT((8.58,-0.4,5.95));
#8555=IFCDIRECTION((0.8090176295273013,0.,0.5877843780792634));
#8556=IFCDIRECTION((0.,1.,0.));
#8557=IFCAXIS2PLACEMENT3D(#8554,#8555,#8556);
#8558=IFCDIRECTION((0.,0.,-1.));
#8559=IFCEXTRUDEDAREASOLID(#8553,#8557,#8558,0.2);
#8560=IFCCARTESIANPOINT((0.,0.,0.));
#8561=IFCDIRECTION((0.,0.,1.));
#8562=IFCDIRECTION((1.,0.,0.));
#8563=IFCAXIS2PLACEMENT3D(#8560,#8561,#8562);
#8564=IFCLOCALPLACEMENT(#8303,#8563);
#8565=IFCSHAPEREPRESENTATION(#20,'Body','SweptSolid',(#8559));
#8566=IFCPRODUCTDEFINITIONSHAPE($,$,(#8565));
#8567=IFCPRESENTATIONSTYLEASSIGNMENT((#397));
#8568=IFCSTYLEDITEM(#8559,(#8567),'Dachpfannen dunkel');
#8569=IFCOWNERHISTORY(#3,#4,.READWRITE.,.ADDED.,1791469322,#3,#4,1791469322);
#8570=IFCPROPERTYSET('3NLCLs_Ur6cubaTyMpHXN8',#8569,'Pset_SlabCommon',$,(#8573,#8574,#8575,#8576));
#8571=IFCOWNERHISTORY(#3,#4,.READWRITE.,.ADDED.,1791469322,#3,#4,1791469322);
#8572=IFCRELDEFINESBYPROPERTIES('3vEMSXIsD6eQ5KMxEN1KDB',#8571,$,$,(#8547),#8570);
#8573=IFCPROPERTYSINGLEVALUE('IsExternal',$,IFCBOOLEAN(.T.),$);
#8574=IFCPROPERTYSINGLEVALUE('LoadBearing',$,IFCBOOLEAN(.F.),$);
#8575=IFCPROPERTYSINGLEVALUE('PitchAngle',$,IFCPLANEANGLEMEASURE(54.),$);
#8576=IFCPROPERTYSINGLEVALUE('Reference',$,IFCIDENTIFIER('Dach Hauptbau (Kr\X2\00FC\X0\ppelwalm + Zwerchhaus)'),$);
#8577=IFCOWNERHISTORY(#3,#4,.READWRITE.,.ADDED.,1791469322,#3,#4,1791469322);
#8578=IFCPROPERTYSET('1KYbRVVrjAKBX5zm7N2s01',#8577,'Oberhofer_Info',$,(#8581,#8582));
#8579=IFCOWNERHISTORY(#3,#4,.READWRITE.,.ADDED.,1791469322,#3,#4,1791469322);
#8580=IFCRELDEFINESBYPROPERTIES('0r_dHpqgfAEvAtEVu9SNtd',#8579,$,$,(#8547),#8578);
#8581=IFCPROPERTYSINGLEVALUE('Status',$,IFCLABEL('Bestand'),$);
#8582=IFCPROPERTYSINGLEVALUE('Quelle',$,IFCLABEL('Dachgeometrie aus Tektur-Ansichten A/B (Neigung 52\X2\00B0\X0\/50\X2\00B0\X0\, First 9,15 m) und Fotos'),$);
#8583=IFCOWNERHISTORY(#3,#4,.READWRITE.,.ADDED.,1791469322,#3,#4,1791469322);
#8584=IFCPROPERTYSET('0lf4d_g8v19g9tVJyxiXaH',#8583,'Pset_RoofCommon',$,(#8587));
#8585=IFCOWNERHISTORY(#3,#4,.READWRITE.,.ADDED.,1791469322,#3,#4,1791469322);
#8586=IFCRELDEFINESBYPROPERTIES('0GiYKtgr13ehGR2vxbozat',#8585,$,$,(#8298),#8584);
#8587=IFCPROPERTYSINGLEVALUE('Reference',$,IFCIDENTIFIER('Dach Hauptbau (Kr\X2\00FC\X0\ppelwalm + Zwerchhaus)'),$);
#8588=IFCOWNERHISTORY(#3,#4,.READWRITE.,.ADDED.,1791469322,#3,#4,1791469322);
#8589=IFCPROPERTYSET('0lii0Rj8fD6OeZGGGEybe9',#8588,'Oberhofer_Info',$,(#8592,#8593));
#8590=IFCOWNERHISTORY(#3,#4,.READWRITE.,.ADDED.,1791469322,#3,#4,1791469322);
#8591=IFCRELDEFINESBYPROPERTIES('3mikM5JyzFe92XG3BsVgyb',#8590,$,$,(#8298),#8589);
#8592=IFCPROPERTYSINGLEVALUE('Status',$,IFCLABEL('Bestand'),$);
#8593=IFCPROPERTYSINGLEVALUE('Quelle',$,IFCLABEL('Dachgeometrie aus Tektur-Ansichten A/B (Neigung 52\X2\00B0\X0\/50\X2\00B0\X0\, First 9,15 m) und Fotos'),$);
#8594=IFCOWNERHISTORY(#3,#4,.READWRITE.,.MODIFIED.,1791469322,#3,#4,1791469322);
#8595=IFCROOF('2pCVC04uf5GwS9RqrhD2fI',#8594,'Dach Anbau (Satteldach)',$,$,#8600,$,$,.GABLE_ROOF.);
#8596=IFCCARTESIANPOINT((0.,0.,-0.5));
#8597=IFCDIRECTION((0.,0.,1.));
#8598=IFCDIRECTION((1.,0.,0.));
#8599=IFCAXIS2PLACEMENT3D(#8596,#8597,#8598);
#8600=IFCLOCALPLACEMENT(#95,#8599);
#8601=IFCOWNERHISTORY(#3,#4,.READWRITE.,.MODIFIED.,1791469322,#3,#4,1791469322);
#8602=IFCSLAB('2gpNnInjv169DcrMI7dUuW',#8601,'Anbau Dachfl\X2\00E4\X0\che NW',$,$,#8622,#8624,$,.ROOF.);
#8603=IFCCARTESIANPOINT((0.,0.));
#8604=IFCCARTESIANPOINT((2.8566150388353,0.));
#8605=IFCCARTESIANPOINT((2.8566150388353,-6.28241));
#8606=IFCCARTESIANPOINT((0.,-5.00229));
#8607=IFCCARTESIANPOINT((0.,0.));
#8608=IFCPOLYLINE((#8603,#8604,#8605,#8606,#8607));
#8609=IFCARBITRARYCLOSEDPROFILEDEF(.AREA.,$,#8608);
#8610=IFCCARTESIANPOINT((-0.39,13.68,3.15));
#8611=IFCDIRECTION((-0.5735774606395849,-0.,0.8191513270734813));
#8612=IFCDIRECTION((0.8191513270734813,0.,0.5735774606395849));
#8613=IFCAXIS2PLACEMENT3D(#8610,#8611,#8612);
#8614=IFCDIRECTION((0.,0.,-1.));
#8615=IFCEXTRUDEDAREASOLID(#8609,#8613,#8614,0.2);
#8616=IFCOWNERHISTORY(#3,#4,.READWRITE.,.MODIFIED.,1791469322,#3,#4,1791469322);
#8617=IFCRELAGGREGATES('3QpBh7gTD0a8h4JiVG4uuV',#8616,$,$,#8595,(#8642,#8602));
#8618=IFCCARTESIANPOINT((0.,0.,0.));
#8619=IFCDIRECTION((0.,0.,1.));
#8620=IFCDIRECTION((1.,0.,0.));
#8621=IFCAXIS2PLACEMENT3D(#8618,#8619,#8620);
#8622=IFCLOCALPLACEMENT(#8600,#8621);
#8623=IFCSHAPEREPRESENTATION(#20,'Body','SweptSolid',(#8615));
#8624=IFCPRODUCTDEFINITIONSHAPE($,$,(#8623));
#8625=IFCPRESENTATIONSTYLEASSIGNMENT((#397));
#8626=IFCSTYLEDITEM(#8615,(#8625),'Dachpfannen dunkel');
#8627=IFCOWNERHISTORY(#3,#4,.READWRITE.,.ADDED.,1791469322,#3,#4,1791469322);
#8628=IFCPROPERTYSET('0wOs30GaT4HQMa8KhNa7Gr',#8627,'Pset_SlabCommon',$,(#8631,#8632,#8633,#8634));
#8629=IFCOWNERHISTORY(#3,#4,.READWRITE.,.ADDED.,1791469322,#3,#4,1791469322);
#8630=IFCRELDEFINESBYPROPERTIES('1niriLYgrEIfs7ifItjmW6',#8629,$,$,(#8602),#8628);
#8631=IFCPROPERTYSINGLEVALUE('IsExternal',$,IFCBOOLEAN(.T.),$);
#8632=IFCPROPERTYSINGLEVALUE('LoadBearing',$,IFCBOOLEAN(.F.),$);
#8633=IFCPROPERTYSINGLEVALUE('PitchAngle',$,IFCPLANEANGLEMEASURE(35.),$);
#8634=IFCPROPERTYSINGLEVALUE('Reference',$,IFCIDENTIFIER('Dach Anbau (Satteldach)'),$);
#8635=IFCOWNERHISTORY(#3,#4,.READWRITE.,.ADDED.,1791469322,#3,#4,1791469322);
#8636=IFCPROPERTYSET('1WZDJvkbz8xhvEp7G95S7E',#8635,'Oberhofer_Info',$,(#8639,#8640));
#8637=IFCOWNERHISTORY(#3,#4,.READWRITE.,.ADDED.,1791469322,#3,#4,1791469322);
#8638=IFCRELDEFINESBYPROPERTIES('20eHj_WYr4Ug9Tmi38dxZC',#8637,$,$,(#8602),#8636);
#8639=IFCPROPERTYSINGLEVALUE('Status',$,IFCLABEL('Bestand'),$);
#8640=IFCPROPERTYSINGLEVALUE('Quelle',$,IFCLABEL('Foto HG5: Traufe ~3,15, Neigung ~35\X2\00B0\X0\ (Sch\X2\00E4\X0\tzung)'),$);
#8641=IFCOWNERHISTORY(#3,#4,.READWRITE.,.MODIFIED.,1791469322,#3,#4,1791469322);
#8642=IFCSLAB('2C$hEH9Pn2fgEWDnt4AIc1',#8641,'Anbau Dachfl\X2\00E4\X0\che SO',$,$,#8660,#8662,$,.ROOF.);
#8643=IFCCARTESIANPOINT((0.,0.));
#8644=IFCCARTESIANPOINT((2.8566150388353,0.));
#8645=IFCCARTESIANPOINT((2.8566150388353,-5.002290000000001));
#8646=IFCCARTESIANPOINT((0.,-6.282410000000001));
#8647=IFCCARTESIANPOINT((0.,0.));
#8648=IFCPOLYLINE((#8643,#8644,#8645,#8646,#8647));
#8649=IFCARBITRARYCLOSEDPROFILEDEF(.AREA.,$,#8648);
#8650=IFCCARTESIANPOINT((1.95,13.68,4.78849));
#8651=IFCDIRECTION((0.573577460639585,-0.,0.8191513270734813));
#8652=IFCDIRECTION((0.8191513270734813,0.,-0.573577460639585));
#8653=IFCAXIS2PLACEMENT3D(#8650,#8651,#8652);
#8654=IFCDIRECTION((0.,0.,-1.));
#8655=IFCEXTRUDEDAREASOLID(#8649,#8653,#8654,0.2);
#8656=IFCCARTESIANPOINT((0.,0.,0.));
#8657=IFCDIRECTION((0.,0.,1.));
#8658=IFCDIRECTION((1.,0.,0.));
#8659=IFCAXIS2PLACEMENT3D(#8656,#8657,#8658);
#8660=IFCLOCALPLACEMENT(#8600,#8659);
#8661=IFCSHAPEREPRESENTATION(#20,'Body','SweptSolid',(#8655));
#8662=IFCPRODUCTDEFINITIONSHAPE($,$,(#8661));
#8663=IFCPRESENTATIONSTYLEASSIGNMENT((#397));
#8664=IFCSTYLEDITEM(#8655,(#8663),'Dachpfannen dunkel');
#8665=IFCOWNERHISTORY(#3,#4,.READWRITE.,.ADDED.,1791469322,#3,#4,1791469322);
#8666=IFCPROPERTYSET('3idZpqviT99u2q7p6BLPxN',#8665,'Pset_SlabCommon',$,(#8669,#8670,#8671,#8672));
#8667=IFCOWNERHISTORY(#3,#4,.READWRITE.,.ADDED.,1791469322,#3,#4,1791469322);
#8668=IFCRELDEFINESBYPROPERTIES('2I_foCLw5FmxxNKAW8ON_F',#8667,$,$,(#8642),#8666);
#8669=IFCPROPERTYSINGLEVALUE('IsExternal',$,IFCBOOLEAN(.T.),$);
#8670=IFCPROPERTYSINGLEVALUE('LoadBearing',$,IFCBOOLEAN(.F.),$);
#8671=IFCPROPERTYSINGLEVALUE('PitchAngle',$,IFCPLANEANGLEMEASURE(35.),$);
#8672=IFCPROPERTYSINGLEVALUE('Reference',$,IFCIDENTIFIER('Dach Anbau (Satteldach)'),$);
#8673=IFCOWNERHISTORY(#3,#4,.READWRITE.,.ADDED.,1791469322,#3,#4,1791469322);
#8674=IFCPROPERTYSET('0KPX67Nbr71PZMCowT4OAT',#8673,'Oberhofer_Info',$,(#8677,#8678));
#8675=IFCOWNERHISTORY(#3,#4,.READWRITE.,.ADDED.,1791469322,#3,#4,1791469322);
#8676=IFCRELDEFINESBYPROPERTIES('2g8TyEeNnEdgkO27rrufpR',#8675,$,$,(#8642),#8674);
#8677=IFCPROPERTYSINGLEVALUE('Status',$,IFCLABEL('Bestand'),$);
#8678=IFCPROPERTYSINGLEVALUE('Quelle',$,IFCLABEL('Foto HG5: Traufe ~3,15, Neigung ~35\X2\00B0\X0\ (Sch\X2\00E4\X0\tzung)'),$);
#8679=IFCOWNERHISTORY(#3,#4,.READWRITE.,.ADDED.,1791469322,#3,#4,1791469322);
#8680=IFCPROPERTYSET('0KcX9MW_r5NuTHtxxIRStx',#8679,'Pset_RoofCommon',$,(#8683));
#8681=IFCOWNERHISTORY(#3,#4,.READWRITE.,.ADDED.,1791469322,#3,#4,1791469322);
#8682=IFCRELDEFINESBYPROPERTIES('07EGoJEA5AmAPqtbfj_oUS',#8681,$,$,(#8595),#8680);
#8683=IFCPROPERTYSINGLEVALUE('Reference',$,IFCIDENTIFIER('Dach Anbau (Satteldach)'),$);
#8684=IFCOWNERHISTORY(#3,#4,.READWRITE.,.ADDED.,1791469322,#3,#4,1791469322);
#8685=IFCPROPERTYSET('3q0rlIJSD57AF5fo7upXSR',#8684,'Oberhofer_Info',$,(#8688,#8689));
#8686=IFCOWNERHISTORY(#3,#4,.READWRITE.,.ADDED.,1791469322,#3,#4,1791469322);
#8687=IFCRELDEFINESBYPROPERTIES('0gCT1T7d5F8BbA1Yhi48de',#8686,$,$,(#8595),#8685);
#8688=IFCPROPERTYSINGLEVALUE('Status',$,IFCLABEL('Bestand'),$);
#8689=IFCPROPERTYSINGLEVALUE('Quelle',$,IFCLABEL('Foto HG5: Traufe ~3,15, Neigung ~35\X2\00B0\X0\ (Sch\X2\00E4\X0\tzung)'),$);
#8690=IFCOWNERHISTORY(#3,#4,.READWRITE.,.MODIFIED.,1791469322,#3,#4,1791469322);
#8691=IFCROOF('3hGJENCcz0VQBr8IT58erS',#8690,'Dach Windfang-Erker (Blech)',$,$,#8696,$,$,.SHED_ROOF.);
#8692=IFCCARTESIANPOINT((0.,0.,-0.5));
#8693=IFCDIRECTION((0.,0.,1.));
#8694=IFCDIRECTION((1.,0.,0.));
#8695=IFCAXIS2PLACEMENT3D(#8692,#8693,#8694);
#8696=IFCLOCALPLACEMENT(#95,#8695);
#8697=IFCOWNERHISTORY(#3,#4,.READWRITE.,.MODIFIED.,1791469322,#3,#4,1791469322);
#8698=IFCSLAB('3nZM0kYVb8DBwjf6lwf93x',#8697,'Erkerdach',$,$,#8718,#8720,$,.ROOF.);
#8699=IFCCARTESIANPOINT((0.,0.));
#8700=IFCCARTESIANPOINT((4.4399999999999995,0.));
#8701=IFCCARTESIANPOINT((4.4399999999999995,2.2663847863944024));
#8702=IFCCARTESIANPOINT((0.,2.2663847863944024));
#8703=IFCCARTESIANPOINT((0.,0.));
#8704=IFCPOLYLINE((#8699,#8700,#8701,#8702,#8703));
#8705=IFCARBITRARYCLOSEDPROFILEDEF(.AREA.,$,#8704);
#8706=IFCCARTESIANPOINT((3.52,-2.22,3.23));
#8707=IFCDIRECTION((0.,-0.07500932808080371,0.9971828321330378));
#8708=IFCDIRECTION((1.,0.,0.));
#8709=IFCAXIS2PLACEMENT3D(#8706,#8707,#8708);
#8710=IFCDIRECTION((0.,0.,-1.));
#8711=IFCEXTRUDEDAREASOLID(#8705,#8709,#8710,0.25);
#8712=IFCOWNERHISTORY(#3,#4,.READWRITE.,.ADDED.,1791469322,#3,#4,1791469322);
#8713=IFCRELAGGREGATES('0EMJvX1W15D8n9peu1Hpxd',#8712,$,$,#8691,(#8698));
#8714=IFCCARTESIANPOINT((0.,0.,0.));
#8715=IFCDIRECTION((0.,0.,1.));
#8716=IFCDIRECTION((1.,0.,0.));
#8717=IFCAXIS2PLACEMENT3D(#8714,#8715,#8716);
#8718=IFCLOCALPLACEMENT(#8696,#8717);
#8719=IFCSHAPEREPRESENTATION(#20,'Body','SweptSolid',(#8711));
#8720=IFCPRODUCTDEFINITIONSHAPE($,$,(#8719));
#8721=IFCPRESENTATIONSTYLEASSIGNMENT((#413));
#8722=IFCSTYLEDITEM(#8711,(#8721),'Blech (Erkerdach)');
#8723=IFCOWNERHISTORY(#3,#4,.READWRITE.,.ADDED.,1791469322,#3,#4,1791469322);
#8724=IFCRELASSOCIATESMATERIAL('0BF7MsY4r7Rwxf01Bq5t34',#8723,$,$,(#8698),#412);
#8725=IFCOWNERHISTORY(#3,#4,.READWRITE.,.ADDED.,1791469322,#3,#4,1791469322);
#8726=IFCPROPERTYSET('1r_1y5hNnC58TYzoTnp0Bp',#8725,'Pset_SlabCommon',$,(#8729,#8730,#8731,#8732));
#8727=IFCOWNERHISTORY(#3,#4,.READWRITE.,.ADDED.,1791469322,#3,#4,1791469322);
#8728=IFCRELDEFINESBYPROPERTIES('3FLxPQ$RX14BhvMSrNfuEa',#8727,$,$,(#8698),#8726);
#8729=IFCPROPERTYSINGLEVALUE('IsExternal',$,IFCBOOLEAN(.T.),$);
#8730=IFCPROPERTYSINGLEVALUE('LoadBearing',$,IFCBOOLEAN(.F.),$);
#8731=IFCPROPERTYSINGLEVALUE('PitchAngle',$,IFCPLANEANGLEMEASURE(4.3),$);
#8732=IFCPROPERTYSINGLEVALUE('Reference',$,IFCIDENTIFIER('Dach Windfang-Erker (Blech)'),$);
#8733=IFCOWNERHISTORY(#3,#4,.READWRITE.,.ADDED.,1791469322,#3,#4,1791469322);
#8734=IFCPROPERTYSET('0Tzdz_2af0xA1$k6ncQ6u0',#8733,'Oberhofer_Info',$,(#8737,#8738));
#8735=IFCOWNERHISTORY(#3,#4,.READWRITE.,.ADDED.,1791469322,#3,#4,1791469322);
#8736=IFCRELDEFINESBYPROPERTIES('0SsEF0e_TCRf6yrbpRr0s1',#8735,$,$,(#8698),#8734);
#8737=IFCPROPERTYSINGLEVALUE('Status',$,IFCLABEL('Bestand'),$);
#8738=IFCPROPERTYSINGLEVALUE('Quelle',$,IFCLABEL('Tektur Ansicht A (Dachkante 3,05\X2\2013\X0\3,08), Fotos'),$);
#8739=IFCOWNERHISTORY(#3,#4,.READWRITE.,.ADDED.,1791469322,#3,#4,1791469322);
#8740=IFCPROPERTYSET('0eYntIjcDABBGygcHUcmfA',#8739,'Pset_RoofCommon',$,(#8743));
#8741=IFCOWNERHISTORY(#3,#4,.READWRITE.,.ADDED.,1791469322,#3,#4,1791469322);
#8742=IFCRELDEFINESBYPROPERTIES('15R8BL5dn3axss1oExa_Jv',#8741,$,$,(#8691),#8740);
#8743=IFCPROPERTYSINGLEVALUE('Reference',$,IFCIDENTIFIER('Dach Windfang-Erker (Blech)'),$);
#8744=IFCOWNERHISTORY(#3,#4,.READWRITE.,.ADDED.,1791469322,#3,#4,1791469322);
#8745=IFCPROPERTYSET('3zwbqnX9H2qA5fguVK84oB',#8744,'Oberhofer_Info',$,(#8748,#8749));
#8746=IFCOWNERHISTORY(#3,#4,.READWRITE.,.ADDED.,1791469322,#3,#4,1791469322);
#8747=IFCRELDEFINESBYPROPERTIES('00$HRN7G951ekym_Dh7ImZ',#8746,$,$,(#8691),#8745);
#8748=IFCPROPERTYSINGLEVALUE('Status',$,IFCLABEL('Bestand'),$);
#8749=IFCPROPERTYSINGLEVALUE('Quelle',$,IFCLABEL('Tektur Ansicht A (Dachkante 3,05\X2\2013\X0\3,08), Fotos'),$);
#8750=IFCOWNERHISTORY(#3,#4,.READWRITE.,.MODIFIED.,1791469322,#3,#4,1791469322);
#8751=IFCROOF('3qQZnNaqX2GBYHL7g5g45O',#8750,'Dach Garage/Ger\X2\00E4\X0\tehaus (T-Dach)',$,$,#8756,$,$,.GABLE_ROOF.);
#8752=IFCCARTESIANPOINT((0.,0.,0.));
#8753=IFCDIRECTION((0.,0.,1.));
#8754=IFCDIRECTION((1.,0.,0.));
#8755=IFCAXIS2PLACEMENT3D(#8752,#8753,#8754);
#8756=IFCLOCALPLACEMENT(#118,#8755);
#8757=IFCOWNERHISTORY(#3,#4,.READWRITE.,.MODIFIED.,1791469322,#3,#4,1791469322);
#8758=IFCSLAB('2HR8dPRjr21POZbaG9rTlq',#8757,'Riegel Dachfl\X2\00E4\X0\che hinten',$,$,#8779,#8781,$,.ROOF.);
#8759=IFCCARTESIANPOINT((0.,0.));
#8760=IFCCARTESIANPOINT((9.950001697320605,4.051442295432694E-16));
#8761=IFCCARTESIANPOINT((9.948472018911794,2.260298036487232));
#8762=IFCCARTESIANPOINT((7.148471541273834,2.2602980364872325));
#8763=IFCCARTESIANPOINT((-0.0015296784088108825,2.260298036487231));
#8764=IFCCARTESIANPOINT((0.,0.));
#8765=IFCPOLYLINE((#8759,#8760,#8761,#8762,#8763,#8764));
#8766=IFCARBITRARYCLOSEDPROFILEDEF(.AREA.,$,#8765);
#8767=IFCCARTESIANPOINT((12.049884525,22.017987325,2.21538));
#8768=IFCDIRECTION((0.4163667317000679,0.31830572421682535,0.8516573317151718));
#8769=IFCDIRECTION((-0.607338896397103,0.7944428644799757,4.896001208717707E-17));
#8770=IFCAXIS2PLACEMENT3D(#8767,#8768,#8769);
#8771=IFCDIRECTION((0.,0.,-1.));
#8772=IFCEXTRUDEDAREASOLID(#8766,#8770,#8771,0.12);
#8773=IFCOWNERHISTORY(#3,#4,.READWRITE.,.MODIFIED.,1791469322,#3,#4,1791469322);
#8774=IFCRELAGGREGATES('1$nbv1ftP6n8duKAi02ym2',#8773,$,$,#8751,(#8758,#8801,#8840,#8877,#8915));
#8775=IFCCARTESIANPOINT((0.,0.,0.));
#8776=IFCDIRECTION((0.,0.,1.));
#8777=IFCDIRECTION((1.,0.,0.));
#8778=IFCAXIS2PLACEMENT3D(#8775,#8776,#8777);
#8779=IFCLOCALPLACEMENT(#8756,#8778);
#8780=IFCSHAPEREPRESENTATION(#20,'Body','SweptSolid',(#8772));
#8781=IFCPRODUCTDEFINITIONSHAPE($,$,(#8780));
#8782=IFCPRESENTATIONSTYLEASSIGNMENT((#405));
#8783=IFCSTYLEDITEM(#8772,(#8782),'Faserzement-Wellplatten braun (Eternit)');
#8784=IFCOWNERHISTORY(#3,#4,.READWRITE.,.MODIFIED.,1791469322,#3,#4,1791469322);
#8785=IFCRELASSOCIATESMATERIAL('11IbTKoojBI8jxiR3b5CVT',#8784,$,$,(#8758,#8801,#8840,#8877,#8915),#404);
#8786=IFCOWNERHISTORY(#3,#4,.READWRITE.,.ADDED.,1791469322,#3,#4,1791469322);
#8787=IFCPROPERTYSET('37FM3icFPBMeBFsBuhSpDf',#8786,'Pset_SlabCommon',$,(#8790,#8791,#8792,#8793));
#8788=IFCOWNERHISTORY(#3,#4,.READWRITE.,.ADDED.,1791469322,#3,#4,1791469322);
#8789=IFCRELDEFINESBYPROPERTIES('3wpq7KSx1Bix2e$lVgkt7g',#8788,$,$,(#8758),#8787);
#8790=IFCPROPERTYSINGLEVALUE('IsExternal',$,IFCBOOLEAN(.T.),$);
#8791=IFCPROPERTYSINGLEVALUE('LoadBearing',$,IFCBOOLEAN(.F.),$);
#8792=IFCPROPERTYSINGLEVALUE('PitchAngle',$,IFCPLANEANGLEMEASURE(31.6),$);
#8793=IFCPROPERTYSINGLEVALUE('Reference',$,IFCIDENTIFIER('Dach Garage/Ger\X2\00E4\X0\tehaus (T-Dach)'),$);
#8794=IFCOWNERHISTORY(#3,#4,.READWRITE.,.ADDED.,1791469322,#3,#4,1791469322);
#8795=IFCPROPERTYSET('2fYOs0NuPAfvGTw1s0Jt5X',#8794,'Oberhofer_Info',$,(#8798,#8799));
#8796=IFCOWNERHISTORY(#3,#4,.READWRITE.,.ADDED.,1791469322,#3,#4,1791469322);
#8797=IFCRELDEFINESBYPROPERTIES('2bdILtxG51Yx8YpMmVKnvM',#8796,$,$,(#8758),#8795);
#8798=IFCPROPERTYSINGLEVALUE('Status',$,IFCLABEL('Bestand'),$);
#8799=IFCPROPERTYSINGLEVALUE('Quelle',$,IFCLABEL('Garagen-Tektur (Traufe 2,40, First +1,00, \X2\201E\X0\ETERNIT-BRAUN\X2\201C\X0\), gemeinsamer First (Oberhofer)'),$);
#8800=IFCOWNERHISTORY(#3,#4,.READWRITE.,.MODIFIED.,1791469322,#3,#4,1791469322);
#8801=IFCSLAB('0TZNNVmk557BA1nfrlx24j',#8800,'Riegel Dachfl\X2\00E4\X0\che vorn West',$,$,#8820,#8822,$,.ROOF.);
#8802=IFCCARTESIANPOINT((0.,0.));
#8803=IFCCARTESIANPOINT((7.15000121968226,-3.5071938262719753E-16));
#8804=IFCCARTESIANPOINT((4.348554500640693,2.137006765702598));
#8805=IFCCARTESIANPOINT((4.348471063635341,2.2602980364870433));
#8806=IFCCARTESIANPOINT((-0.0015296784091108947,2.260298036487044));
#8807=IFCCARTESIANPOINT((0.,0.));
#8808=IFCPOLYLINE((#8802,#8803,#8804,#8805,#8806,#8807));
#8809=IFCARBITRARYCLOSEDPROFILEDEF(.AREA.,$,#8808);
#8810=IFCCARTESIANPOINT((10.521511525,20.847645075,3.4));
#8811=IFCDIRECTION((-0.4163662581419279,-0.31830577443790053,0.8516575444627833));
#8812=IFCDIRECTION((-0.6073390327604382,0.7944427602323137,2.7892470402982237E-07));
#8813=IFCAXIS2PLACEMENT3D(#8810,#8811,#8812);
#8814=IFCDIRECTION((0.,0.,-1.));
#8815=IFCEXTRUDEDAREASOLID(#8809,#8813,#8814,0.12);
#8816=IFCCARTESIANPOINT((0.,0.,0.));
#8817=IFCDIRECTION((0.,0.,1.));
#8818=IFCDIRECTION((1.,0.,0.));
#8819=IFCAXIS2PLACEMENT3D(#8816,#8817,#8818);
#8820=IFCLOCALPLACEMENT(#8756,#8819);
#8821=IFCSHAPEREPRESENTATION(#20,'Body','SweptSolid',(#8815));
#8822=IFCPRODUCTDEFINITIONSHAPE($,$,(#8821));
#8823=IFCPRESENTATIONSTYLEASSIGNMENT((#405));
#8824=IFCSTYLEDITEM(#8815,(#8823),'Faserzement-Wellplatten braun (Eternit)');
#8825=IFCOWNERHISTORY(#3,#4,.READWRITE.,.ADDED.,1791469322,#3,#4,1791469322);
#8826=IFCPROPERTYSET('00mtJ3KH5CZuC1t8J_2kvN',#8825,'Pset_SlabCommon',$,(#8829,#8830,#8831,#8832));
#8827=IFCOWNERHISTORY(#3,#4,.READWRITE.,.ADDED.,1791469322,#3,#4,1791469322);
#8828=IFCRELDEFINESBYPROPERTIES('15UjtZpl54pOqgdqm3FNbi',#8827,$,$,(#8801),#8826);
#8829=IFCPROPERTYSINGLEVALUE('IsExternal',$,IFCBOOLEAN(.T.),$);
#8830=IFCPROPERTYSINGLEVALUE('LoadBearing',$,IFCBOOLEAN(.F.),$);
#8831=IFCPROPERTYSINGLEVALUE('PitchAngle',$,IFCPLANEANGLEMEASURE(31.6),$);
#8832=IFCPROPERTYSINGLEVALUE('Reference',$,IFCIDENTIFIER('Dach Garage/Ger\X2\00E4\X0\tehaus (T-Dach)'),$);
#8833=IFCOWNERHISTORY(#3,#4,.READWRITE.,.ADDED.,1791469322,#3,#4,1791469322);
#8834=IFCPROPERTYSET('2CZk1JZcnFZeE9vBxVsW$d',#8833,'Oberhofer_Info',$,(#8837,#8838));
#8835=IFCOWNERHISTORY(#3,#4,.READWRITE.,.ADDED.,1791469322,#3,#4,1791469322);
#8836=IFCRELDEFINESBYPROPERTIES('0Lbid3bo1EsOe3jaLBHw4g',#8835,$,$,(#8801),#8834);
#8837=IFCPROPERTYSINGLEVALUE('Status',$,IFCLABEL('Bestand'),$);
#8838=IFCPROPERTYSINGLEVALUE('Quelle',$,IFCLABEL('Garagen-Tektur (Traufe 2,40, First +1,00, \X2\201E\X0\ETERNIT-BRAUN\X2\201C\X0\), gemeinsamer First (Oberhofer)'),$);
#8839=IFCOWNERHISTORY(#3,#4,.READWRITE.,.MODIFIED.,1791469322,#3,#4,1791469322);
#8840=IFCSLAB('3jegOTMvz7yARCPQnIdsdZ',#8839,'Riegel Dachfl\X2\00E4\X0\che vorn Ost',$,$,#8857,#8859,$,.ROOF.);
#8841=IFCCARTESIANPOINT((0.,0.));
#8842=IFCCARTESIANPOINT((2.800000477637961,1.1666927482097799E-17));
#8843=IFCCARTESIANPOINT((2.798554236233267,2.1370067657044984));
#8844=IFCCARTESIANPOINT((0.,0.));
#8845=IFCPOLYLINE((#8841,#8842,#8843,#8844));
#8846=IFCARBITRARYCLOSEDPROFILEDEF(.AREA.,$,#8845);
#8847=IFCCARTESIANPOINT((6.179037675,26.527912524999998,3.4));
#8848=IFCDIRECTION((-0.4163655550824827,-0.3183048247114513,0.8516582431388006));
#8849=IFCDIRECTION((-0.6073388963971026,0.794442864479976,-9.230123592775486E-17));
#8850=IFCAXIS2PLACEMENT3D(#8847,#8848,#8849);
#8851=IFCDIRECTION((0.,0.,-1.));
#8852=IFCEXTRUDEDAREASOLID(#8846,#8850,#8851,0.12);
#8853=IFCCARTESIANPOINT((0.,0.,0.));
#8854=IFCDIRECTION((0.,0.,1.));
#8855=IFCDIRECTION((1.,0.,0.));
#8856=IFCAXIS2PLACEMENT3D(#8853,#8854,#8855);
#8857=IFCLOCALPLACEMENT(#8756,#8856);
#8858=IFCSHAPEREPRESENTATION(#20,'Body','SweptSolid',(#8852));
#8859=IFCPRODUCTDEFINITIONSHAPE($,$,(#8858));
#8860=IFCPRESENTATIONSTYLEASSIGNMENT((#405));
#8861=IFCSTYLEDITEM(#8852,(#8860),'Faserzement-Wellplatten braun (Eternit)');
#8862=IFCOWNERHISTORY(#3,#4,.READWRITE.,.ADDED.,1791469322,#3,#4,1791469322);
#8863=IFCPROPERTYSET('3$YimauzP2rutgnFTiy9e5',#8862,'Pset_SlabCommon',$,(#8866,#8867,#8868,#8869));
#8864=IFCOWNERHISTORY(#3,#4,.READWRITE.,.ADDED.,1791469322,#3,#4,1791469322);
#8865=IFCRELDEFINESBYPROPERTIES('3nruMKX4n1V8FXpKgTCDMa',#8864,$,$,(#8840),#8863);
#8866=IFCPROPERTYSINGLEVALUE('IsExternal',$,IFCBOOLEAN(.T.),$);
#8867=IFCPROPERTYSINGLEVALUE('LoadBearing',$,IFCBOOLEAN(.F.),$);
#8868=IFCPROPERTYSINGLEVALUE('PitchAngle',$,IFCPLANEANGLEMEASURE(31.6),$);
#8869=IFCPROPERTYSINGLEVALUE('Reference',$,IFCIDENTIFIER('Dach Garage/Ger\X2\00E4\X0\tehaus (T-Dach)'),$);
#8870=IFCOWNERHISTORY(#3,#4,.READWRITE.,.ADDED.,1791469322,#3,#4,1791469322);
#8871=IFCPROPERTYSET('1MsRd9jkX0KPnW02pSP$8m',#8870,'Oberhofer_Info',$,(#8874,#8875));
#8872=IFCOWNERHISTORY(#3,#4,.READWRITE.,.ADDED.,1791469322,#3,#4,1791469322);
#8873=IFCRELDEFINESBYPROPERTIES('14OJK2tZvA9A02YrIbPIQo',#8872,$,$,(#8840),#8871);
#8874=IFCPROPERTYSINGLEVALUE('Status',$,IFCLABEL('Bestand'),$);
#8875=IFCPROPERTYSINGLEVALUE('Quelle',$,IFCLABEL('Garagen-Tektur (Traufe 2,40, First +1,00, \X2\201E\X0\ETERNIT-BRAUN\X2\201C\X0\), gemeinsamer First (Oberhofer)'),$);
#8876=IFCOWNERHISTORY(#3,#4,.READWRITE.,.MODIFIED.,1791469322,#3,#4,1791469322);
#8877=IFCSLAB('1KSwe3p3L9PweSde2gOObP',#8876,'Ger\X2\00E4\X0\tehaus Dachfl\X2\00E4\X0\che West',$,$,#8895,#8897,$,.ROOF.);
#8878=IFCCARTESIANPOINT((0.,0.));
#8879=IFCCARTESIANPOINT((6.925000008656249,3.801210358579369E-16));
#8880=IFCCARTESIANPOINT((6.927224995809466,3.0156919146698264));
#8881=IFCCARTESIANPOINT((1.822224989428217,3.0156919146698264));
#8882=IFCCARTESIANPOINT((0.,0.));
#8883=IFCPOLYLINE((#8878,#8879,#8880,#8881,#8882));
#8884=IFCARBITRARYCLOSEDPROFILEDEF(.AREA.,$,#8883);
#8885=IFCCARTESIANPOINT((6.179037675,26.527912524999998,3.4));
#8886=IFCDIRECTION((0.22579441747231443,-0.294869377923777,0.9284766722977927));
#8887=IFCDIRECTION((-0.7939599990075501,-0.6079699992400374,1.0658799391014515E-16));
#8888=IFCAXIS2PLACEMENT3D(#8885,#8886,#8887);
#8889=IFCDIRECTION((0.,0.,-1.));
#8890=IFCEXTRUDEDAREASOLID(#8884,#8888,#8889,0.12);
#8891=IFCCARTESIANPOINT((0.,0.,0.));
#8892=IFCDIRECTION((0.,0.,1.));
#8893=IFCDIRECTION((1.,0.,0.));
#8894=IFCAXIS2PLACEMENT3D(#8891,#8892,#8893);
#8895=IFCLOCALPLACEMENT(#8756,#8894);
#8896=IFCSHAPEREPRESENTATION(#20,'Body','SweptSolid',(#8890));
#8897=IFCPRODUCTDEFINITIONSHAPE($,$,(#8896));
#8898=IFCPRESENTATIONSTYLEASSIGNMENT((#405));
#8899=IFCSTYLEDITEM(#8890,(#8898),'Faserzement-Wellplatten braun (Eternit)');
#8900=IFCOWNERHISTORY(#3,#4,.READWRITE.,.ADDED.,1791469322,#3,#4,1791469322);
#8901=IFCPROPERTYSET('1Lmns8zTXCtA_tPu83UNmA',#8900,'Pset_SlabCommon',$,(#8904,#8905,#8906,#8907));
#8902=IFCOWNERHISTORY(#3,#4,.READWRITE.,.ADDED.,1791469322,#3,#4,1791469322);
#8903=IFCRELDEFINESBYPROPERTIES('3hLmhVB751M9pIqL_kJ5ZJ',#8902,$,$,(#8877),#8901);
#8904=IFCPROPERTYSINGLEVALUE('IsExternal',$,IFCBOOLEAN(.T.),$);
#8905=IFCPROPERTYSINGLEVALUE('LoadBearing',$,IFCBOOLEAN(.F.),$);
#8906=IFCPROPERTYSINGLEVALUE('PitchAngle',$,IFCPLANEANGLEMEASURE(21.8),$);
#8907=IFCPROPERTYSINGLEVALUE('Reference',$,IFCIDENTIFIER('Dach Garage/Ger\X2\00E4\X0\tehaus (T-Dach)'),$);
#8908=IFCOWNERHISTORY(#3,#4,.READWRITE.,.ADDED.,1791469322,#3,#4,1791469322);
#8909=IFCPROPERTYSET('2JmO8_rGL3zvGfMowegkmw',#8908,'Oberhofer_Info',$,(#8912,#8913));
#8910=IFCOWNERHISTORY(#3,#4,.READWRITE.,.ADDED.,1791469322,#3,#4,1791469322);
#8911=IFCRELDEFINESBYPROPERTIES('3YPEfjdmn3XRs8R_UxuSvA',#8910,$,$,(#8877),#8909);
#8912=IFCPROPERTYSINGLEVALUE('Status',$,IFCLABEL('Bestand'),$);
#8913=IFCPROPERTYSINGLEVALUE('Quelle',$,IFCLABEL('Garagen-Tektur (Traufe 2,40, First +1,00, \X2\201E\X0\ETERNIT-BRAUN\X2\201C\X0\), gemeinsamer First (Oberhofer)'),$);
#8914=IFCOWNERHISTORY(#3,#4,.READWRITE.,.MODIFIED.,1791469322,#3,#4,1791469322);
#8915=IFCSLAB('2w_XYF_$D2$RlOvjR92l5p',#8914,'Ger\X2\00E4\X0\tehaus Dachfl\X2\00E4\X0\che Ost',$,$,#8933,#8935,$,.ROOF.);
#8916=IFCCARTESIANPOINT((0.,0.));
#8917=IFCCARTESIANPOINT((3.521179309522019,1.2872167833390964E-17));
#8918=IFCCARTESIANPOINT((6.156586554674789,4.372145207715412));
#8919=IFCCARTESIANPOINT((3.574964774276775,5.930872784217282));
#8920=IFCCARTESIANPOINT((0.,0.));
#8921=IFCPOLYLINE((#8916,#8917,#8918,#8919,#8920));
#8922=IFCARBITRARYCLOSEDPROFILEDEF(.AREA.,$,#8921);
#8923=IFCCARTESIANPOINT((6.179037675,26.527912524999998,3.4));
#8924=IFCDIRECTION((-0.2257944174723142,0.29486937792377693,0.928476672297793));
#8925=IFCDIRECTION((-0.8933246857079231,0.31748880182752076,-0.31807525307537765));
#8926=IFCAXIS2PLACEMENT3D(#8923,#8924,#8925);
#8927=IFCDIRECTION((0.,0.,-1.));
#8928=IFCEXTRUDEDAREASOLID(#8922,#8926,#8927,0.12);
#8929=IFCCARTESIANPOINT((0.,0.,0.));
#8930=IFCDIRECTION((0.,0.,1.));
#8931=IFCDIRECTION((1.,0.,0.));
#8932=IFCAXIS2PLACEMENT3D(#8929,#8930,#8931);
#8933=IFCLOCALPLACEMENT(#8756,#8932);
#8934=IFCSHAPEREPRESENTATION(#20,'Body','SweptSolid',(#8928));
#8935=IFCPRODUCTDEFINITIONSHAPE($,$,(#8934));
#8936=IFCPRESENTATIONSTYLEASSIGNMENT((#405));
#8937=IFCSTYLEDITEM(#8928,(#8936),'Faserzement-Wellplatten braun (Eternit)');
#8938=IFCOWNERHISTORY(#3,#4,.READWRITE.,.ADDED.,1791469322,#3,#4,1791469322);
#8939=IFCPROPERTYSET('0vpmKRQ01DcfqcWAmtNNqm',#8938,'Pset_SlabCommon',$,(#8942,#8943,#8944,#8945));
#8940=IFCOWNERHISTORY(#3,#4,.READWRITE.,.ADDED.,1791469322,#3,#4,1791469322);
#8941=IFCRELDEFINESBYPROPERTIES('11BWKJ9IL7SRourOfgfa_d',#8940,$,$,(#8915),#8939);
#8942=IFCPROPERTYSINGLEVALUE('IsExternal',$,IFCBOOLEAN(.T.),$);
#8943=IFCPROPERTYSINGLEVALUE('LoadBearing',$,IFCBOOLEAN(.F.),$);
#8944=IFCPROPERTYSINGLEVALUE('PitchAngle',$,IFCPLANEANGLEMEASURE(21.8),$);
#8945=IFCPROPERTYSINGLEVALUE('Reference',$,IFCIDENTIFIER('Dach Garage/Ger\X2\00E4\X0\tehaus (T-Dach)'),$);
#8946=IFCOWNERHISTORY(#3,#4,.READWRITE.,.ADDED.,1791469322,#3,#4,1791469322);
#8947=IFCPROPERTYSET('0CUuL9cFP8FOq0AgeeXIuP',#8946,'Oberhofer_Info',$,(#8950,#8951));
#8948=IFCOWNERHISTORY(#3,#4,.READWRITE.,.ADDED.,1791469322,#3,#4,1791469322);
#8949=IFCRELDEFINESBYPROPERTIES('393M2YeA1DwxBMcM0D0Fjc',#8948,$,$,(#8915),#8947);
#8950=IFCPROPERTYSINGLEVALUE('Status',$,IFCLABEL('Bestand'),$);
#8951=IFCPROPERTYSINGLEVALUE('Quelle',$,IFCLABEL('Garagen-Tektur (Traufe 2,40, First +1,00, \X2\201E\X0\ETERNIT-BRAUN\X2\201C\X0\), gemeinsamer First (Oberhofer)'),$);
#8952=IFCOWNERHISTORY(#3,#4,.READWRITE.,.ADDED.,1791469322,#3,#4,1791469322);
#8953=IFCPROPERTYSET('0g_WOflJnEMO5wHEVPBIqP',#8952,'Pset_RoofCommon',$,(#8956));
#8954=IFCOWNERHISTORY(#3,#4,.READWRITE.,.ADDED.,1791469322,#3,#4,1791469322);
#8955=IFCRELDEFINESBYPROPERTIES('3tmX5nLu56OOU3RpbTbr1L',#8954,$,$,(#8751),#8953);
#8956=IFCPROPERTYSINGLEVALUE('Reference',$,IFCIDENTIFIER('Dach Garage/Ger\X2\00E4\X0\tehaus (T-Dach)'),$);
#8957=IFCOWNERHISTORY(#3,#4,.READWRITE.,.ADDED.,1791469322,#3,#4,1791469322);
#8958=IFCPROPERTYSET('2dbakz7aX4jRJF6ixjkFSA',#8957,'Oberhofer_Info',$,(#8961,#8962));
#8959=IFCOWNERHISTORY(#3,#4,.READWRITE.,.ADDED.,1791469322,#3,#4,1791469322);
#8960=IFCRELDEFINESBYPROPERTIES('05JD$TAsX6phcrfedMXFo7',#8959,$,$,(#8751),#8958);
#8961=IFCPROPERTYSINGLEVALUE('Status',$,IFCLABEL('Bestand'),$);
#8962=IFCPROPERTYSINGLEVALUE('Quelle',$,IFCLABEL('Garagen-Tektur (Traufe 2,40, First +1,00, \X2\201E\X0\ETERNIT-BRAUN\X2\201C\X0\), gemeinsamer First (Oberhofer)'),$);
#8963=IFCOWNERHISTORY(#3,#4,.READWRITE.,.MODIFIED.,1791469322,#3,#4,1791469322);
#8964=IFCROOF('3aBkrLsq94sAPVO7lLVLZM',#8963,'Flachdach Neubau Bungalow V1',$,$,#8969,$,$,.FLAT_ROOF.);
#8965=IFCCARTESIANPOINT((0.,0.,0.));
#8966=IFCDIRECTION((0.,0.,1.));
#8967=IFCDIRECTION((1.,0.,0.));
#8968=IFCAXIS2PLACEMENT3D(#8965,#8966,#8967);
#8969=IFCLOCALPLACEMENT(#134,#8968);
#8970=IFCOWNERHISTORY(#3,#4,.READWRITE.,.MODIFIED.,1791469322,#3,#4,1791469322);
#8971=IFCSLAB('1iagSIxtj1QvAk59Ovanat',#8970,'Flachdach (Decke + Gef\X2\00E4\X0\lled\X2\00E4\X0\mmung + Kies)',$,$,#8978,#8991,$,$);
#8972=IFCOWNERHISTORY(#3,#4,.READWRITE.,.ADDED.,1791469322,#3,#4,1791469322);
#8973=IFCRELAGGREGATES('3xxeX32ST7quAte6GfUy9K',#8972,$,$,#8964,(#8971));
#8974=IFCCARTESIANPOINT((0.,0.,0.));
#8975=IFCDIRECTION((0.,0.,1.));
#8976=IFCDIRECTION((1.,0.,0.));
#8977=IFCAXIS2PLACEMENT3D(#8974,#8975,#8976);
#8978=IFCLOCALPLACEMENT(#8969,#8977);
#8979=IFCCARTESIANPOINT((-13.087207702283628,22.793581715548008));
#8980=IFCCARTESIANPOINT((1.2318396285588822,34.02767640702591));
#8981=IFCCARTESIANPOINT((-3.9531271521232263,40.636467482799375));
#8982=IFCCARTESIANPOINT((-18.272174482965738,29.402372791321472));
#8983=IFCCARTESIANPOINT((-13.087207702283628,22.793581715548008));
#8984=IFCPOLYLINE((#8979,#8980,#8981,#8982,#8983));
#8985=IFCARBITRARYCLOSEDPROFILEDEF(.AREA.,$,#8984);
#8986=IFCCARTESIANPOINT((0.,0.,2.75));
#8987=IFCAXIS2PLACEMENT3D(#8986,$,$);
#8988=IFCDIRECTION((0.,0.,1.));
#8989=IFCEXTRUDEDAREASOLID(#8985,#8987,#8988,0.44);
#8990=IFCSHAPEREPRESENTATION(#20,'Body','SweptSolid',(#8989));
#8991=IFCPRODUCTDEFINITIONSHAPE($,$,(#8990));
#8992=IFCOWNERHISTORY(#3,#4,.READWRITE.,.ADDED.,1791469322,#3,#4,1791469322);
#8993=IFCRELDEFINESBYTYPE('0giv1Yyub2IQHjqRl5epKJ',#8992,$,$,(#8971),#350);
#8994=IFCMATERIALLAYERSETUSAGE(#351,.AXIS3.,.POSITIVE.,0.);
#8995=IFCOWNERHISTORY(#3,#4,.READWRITE.,.ADDED.,1791469322,#3,#4,1791469322);
#8996=IFCRELASSOCIATESMATERIAL('2I9q0oCnj5A9RcMfNxMQtj',#8995,$,$,(#8971),#8994);
#8997=IFCPRESENTATIONSTYLEASSIGNMENT((#372));
#8998=IFCSTYLEDITEM(#8989,(#8997),'Kies');
#8999=IFCOWNERHISTORY(#3,#4,.READWRITE.,.ADDED.,1791469322,#3,#4,1791469322);
#9000=IFCPROPERTYSET('0MzxKhEQrF3v1TZm67pO_u',#8999,'Pset_SlabCommon',$,(#9003,#9004,#9005,#9006));
#9001=IFCOWNERHISTORY(#3,#4,.READWRITE.,.ADDED.,1791469322,#3,#4,1791469322);
#9002=IFCRELDEFINESBYPROPERTIES('0Jsq_BWNjDmRNUQcGy8wU4',#9001,$,$,(#8971),#9000);
#9003=IFCPROPERTYSINGLEVALUE('IsExternal',$,IFCBOOLEAN(.T.),$);
#9004=IFCPROPERTYSINGLEVALUE('LoadBearing',$,IFCBOOLEAN(.T.),$);
#9005=IFCPROPERTYSINGLEVALUE('PitchAngle',$,IFCPLANEANGLEMEASURE(0.),$);
#9006=IFCPROPERTYSINGLEVALUE('Reference',$,IFCIDENTIFIER('Flachdach Neubau 44'),$);
#9007=IFCOWNERHISTORY(#3,#4,.READWRITE.,.ADDED.,1791469322,#3,#4,1791469322);
#9008=IFCPROPERTYSET('2oAMR_Jf1F08EI5$AZAS09',#9007,'Oberhofer_Info',$,(#9011,#9012));
#9009=IFCOWNERHISTORY(#3,#4,.READWRITE.,.ADDED.,1791469322,#3,#4,1791469322);
#9010=IFCRELDEFINESBYPROPERTIES('1Vj$HRA$j3P9gtcjt3gZpv',#9009,$,$,(#8971),#9008);
#9011=IFCPROPERTYSINGLEVALUE('Status',$,IFCLABEL('Neubau Vorentwurf V1'),$);
#9012=IFCPROPERTYSINGLEVALUE('Quelle',$,IFCLABEL('UK Decke +2,75, Attika +3,40 (Vorentwurf)'),$);
#9013=IFCOWNERHISTORY(#3,#4,.READWRITE.,.ADDED.,1791469322,#3,#4,1791469322);
#9014=IFCPROPERTYSET('1SBSkIvGP47u_g15fX04dJ',#9013,'Pset_RoofCommon',$,(#9017));
#9015=IFCOWNERHISTORY(#3,#4,.READWRITE.,.ADDED.,1791469322,#3,#4,1791469322);
#9016=IFCRELDEFINESBYPROPERTIES('2_KXlEVxn8W9PmSoU_GtJt',#9015,$,$,(#8964),#9014);
#9017=IFCPROPERTYSINGLEVALUE('Reference',$,IFCIDENTIFIER('Flachdach mit Attika'),$);
#9018=IFCOWNERHISTORY(#3,#4,.READWRITE.,.ADDED.,1791469322,#3,#4,1791469322);
#9019=IFCPROPERTYSET('1DyNlDy8X8h8fA6Uo$ep9V',#9018,'Oberhofer_Info',$,(#9022));
#9020=IFCOWNERHISTORY(#3,#4,.READWRITE.,.ADDED.,1791469322,#3,#4,1791469322);
#9021=IFCRELDEFINESBYPROPERTIES('3hkzPLD0L3YuPYnRKmt4qt',#9020,$,$,(#8964),#9019);
#9022=IFCPROPERTYSINGLEVALUE('Status',$,IFCLABEL('Neubau Vorentwurf V1'),$);
#9023=IFCOWNERHISTORY(#3,#4,.READWRITE.,.MODIFIED.,1791469322,#3,#4,1791469322);
#9024=IFCBUILDINGELEMENTPROXY('3Odf$P5EH30vdFwlbNf_UV',#9023,'Schornstein 1 (First)',$,$,#9029,#9042,$,$);
#9025=IFCCARTESIANPOINT((0.,0.,-3.5));
#9026=IFCDIRECTION((0.,0.,1.));
#9027=IFCDIRECTION((1.,0.,0.));
#9028=IFCAXIS2PLACEMENT3D(#9025,#9026,#9027);
#9029=IFCLOCALPLACEMENT(#102,#9028);
#9030=IFCCARTESIANPOINT((4.48,4.04));
#9031=IFCCARTESIANPOINT((5.16,4.04));
#9032=IFCCARTESIANPOINT((5.16,4.54));
#9033=IFCCARTESIANPOINT((4.48,4.54));
#9034=IFCCARTESIANPOINT((4.48,4.04));
#9035=IFCPOLYLINE((#9030,#9031,#9032,#9033,#9034));
#9036=IFCARBITRARYCLOSEDPROFILEDEF(.AREA.,$,#9035);
#9037=IFCCARTESIANPOINT((0.,0.,6.5));
#9038=IFCAXIS2PLACEMENT3D(#9037,$,$);
#9039=IFCDIRECTION((0.,0.,1.));
#9040=IFCEXTRUDEDAREASOLID(#9036,#9038,#9039,3.01);
#9041=IFCSHAPEREPRESENTATION(#20,'Body','SweptSolid',(#9040));
#9042=IFCPRODUCTDEFINITIONSHAPE($,$,(#9041));
#9043=IFCPRESENTATIONSTYLEASSIGNMENT((#461));
#9044=IFCSTYLEDITEM(#9040,(#9043),'Klinker Schornstein');
#9045=IFCOWNERHISTORY(#3,#4,.READWRITE.,.MODIFIED.,1791469322,#3,#4,1791469322);
#9046=IFCRELASSOCIATESMATERIAL('3mlk_av$H5feKIBz$uCvIY',#9045,$,$,(#9024,#9059),#460);
#9047=IFCOWNERHISTORY(#3,#4,.READWRITE.,.ADDED.,1791469322,#3,#4,1791469322);
#9048=IFCPROPERTYSET('30Y5dtHyr0cAHy2TWZa_Ur',#9047,'Pset_BuildingElementProxyCommon',$,(#9051));
#9049=IFCOWNERHISTORY(#3,#4,.READWRITE.,.ADDED.,1791469322,#3,#4,1791469322);
#9050=IFCRELDEFINESBYPROPERTIES('1aIA009L91Cv00PBTVu80Y',#9049,$,$,(#9024),#9048);
#9051=IFCPROPERTYSINGLEVALUE('Reference',$,IFCIDENTIFIER('Schornstein 1 (First)'),$);
#9052=IFCOWNERHISTORY(#3,#4,.READWRITE.,.ADDED.,1791469322,#3,#4,1791469322);
#9053=IFCPROPERTYSET('1tRR4AtgHAHfNPYXLvHLff',#9052,'Oberhofer_Info',$,(#9056,#9057));
#9054=IFCOWNERHISTORY(#3,#4,.READWRITE.,.ADDED.,1791469322,#3,#4,1791469322);
#9055=IFCRELDEFINESBYPROPERTIES('1SJJ3yM2b9kw10SvSqL$Qt',#9054,$,$,(#9024),#9053);
#9056=IFCPROPERTYSINGLEVALUE('Status',$,IFCLABEL('Bestand'),$);
#9057=IFCPROPERTYSINGLEVALUE('Quelle',$,IFCLABEL('Tektur Ansicht A gemessen; nur Teil \X2\00FC\X0\ber Dach modelliert'),$);
#9058=IFCOWNERHISTORY(#3,#4,.READWRITE.,.MODIFIED.,1791469322,#3,#4,1791469322);
#9059=IFCBUILDINGELEMENTPROXY('31d_jB4IbFhBAhfwiLjT7y',#9058,'Schornstein 2 (gartenseitig)',$,$,#9064,#9077,$,$);
#9060=IFCCARTESIANPOINT((0.,0.,-3.5));
#9061=IFCDIRECTION((0.,0.,1.));
#9062=IFCDIRECTION((1.,0.,0.));
#9063=IFCAXIS2PLACEMENT3D(#9060,#9061,#9062);
#9064=IFCLOCALPLACEMENT(#102,#9063);
#9065=IFCCARTESIANPOINT((8.85,5.));
#9066=IFCCARTESIANPOINT((9.35,5.));
#9067=IFCCARTESIANPOINT((9.35,5.5));
#9068=IFCCARTESIANPOINT((8.85,5.5));
#9069=IFCCARTESIANPOINT((8.85,5.));
#9070=IFCPOLYLINE((#9065,#9066,#9067,#9068,#9069));
#9071=IFCARBITRARYCLOSEDPROFILEDEF(.AREA.,$,#9070);
#9072=IFCCARTESIANPOINT((0.,0.,6.));
#9073=IFCAXIS2PLACEMENT3D(#9072,$,$);
#9074=IFCDIRECTION((0.,0.,1.));
#9075=IFCEXTRUDEDAREASOLID(#9071,#9073,#9074,3.);
#9076=IFCSHAPEREPRESENTATION(#20,'Body','SweptSolid',(#9075));
#9077=IFCPRODUCTDEFINITIONSHAPE($,$,(#9076));
#9078=IFCPRESENTATIONSTYLEASSIGNMENT((#461));
#9079=IFCSTYLEDITEM(#9075,(#9078),'Klinker Schornstein');
#9080=IFCOWNERHISTORY(#3,#4,.READWRITE.,.ADDED.,1791469322,#3,#4,1791469322);
#9081=IFCPROPERTYSET('3lbjWUTlzBGvWgIL3m87G$',#9080,'Pset_BuildingElementProxyCommon',$,(#9084));
#9082=IFCOWNERHISTORY(#3,#4,.READWRITE.,.ADDED.,1791469322,#3,#4,1791469322);
#9083=IFCRELDEFINESBYPROPERTIES('19LG80HYvDgfpFu2X4f4hc',#9082,$,$,(#9059),#9081);
#9084=IFCPROPERTYSINGLEVALUE('Reference',$,IFCIDENTIFIER('Schornstein 2 (gartenseitig)'),$);
#9085=IFCOWNERHISTORY(#3,#4,.READWRITE.,.ADDED.,1791469322,#3,#4,1791469322);
#9086=IFCPROPERTYSET('1LyAoD4hv6DQ$KA2qLfDI7',#9085,'Oberhofer_Info',$,(#9089,#9090));
#9087=IFCOWNERHISTORY(#3,#4,.READWRITE.,.ADDED.,1791469322,#3,#4,1791469322);
#9088=IFCRELDEFINESBYPROPERTIES('1BCYkoImf5ZAikkD9EvXtL',#9087,$,$,(#9059),#9086);
#9089=IFCPROPERTYSINGLEVALUE('Status',$,IFCLABEL('Bestand'),$);
#9090=IFCPROPERTYSINGLEVALUE('Quelle',$,IFCLABEL('Annahme nach Foto HG11 \X2\2013\X0\ UNSICHER; nur Teil \X2\00FC\X0\ber Dach modelliert'),$);
#9091=IFCOWNERHISTORY(#3,#4,.READWRITE.,.MODIFIED.,1791469322,#3,#4,1791469322);
#9092=IFCSPACE('0bjr4CqRT9KBYUJCIq_gbI',#9091,'R01',$,$,#9099,#9112,'Bad',.ELEMENT.,.INTERNAL.,$);
#9093=IFCOWNERHISTORY(#3,#4,.READWRITE.,.MODIFIED.,1791469322,#3,#4,1791469322);
#9094=IFCRELAGGREGATES('2Z9HRJ6TbF7AFLbqqIaE$Y',#9093,$,$,#127,(#9217,#9299,#9381,#9463,#9545,#9092,#9176,#9258,#9340,#9422,#9504,#9135));
#9095=IFCCARTESIANPOINT((0.,0.,0.));
#9096=IFCDIRECTION((0.,0.,1.));
#9097=IFCDIRECTION((1.,0.,0.));
#9098=IFCAXIS2PLACEMENT3D(#9095,#9096,#9097);
#9099=IFCLOCALPLACEMENT(#134,#9098);
#9100=IFCCARTESIANPOINT((-16.783421644948092,27.504799116099377));
#9101=IFCCARTESIANPOINT((-14.094726069297462,29.61423139853598));
#9102=IFCCARTESIANPOINT((-15.583478907315104,31.511805073758076));
#9103=IFCCARTESIANPOINT((-18.272174482965738,29.402372791321472));
#9104=IFCCARTESIANPOINT((-16.783421644948092,27.504799116099377));
#9105=IFCPOLYLINE((#9100,#9101,#9102,#9103,#9104));
#9106=IFCARBITRARYCLOSEDPROFILEDEF(.AREA.,$,#9105);
#9107=IFCCARTESIANPOINT((0.,0.,0.));
#9108=IFCAXIS2PLACEMENT3D(#9107,$,$);
#9109=IFCDIRECTION((0.,0.,1.));
#9110=IFCEXTRUDEDAREASOLID(#9106,#9108,#9109,2.75);
#9111=IFCSHAPEREPRESENTATION(#20,'Body','SweptSolid',(#9110));
#9112=IFCPRODUCTDEFINITIONSHAPE($,$,(#9111));
#9113=IFCPRESENTATIONSTYLEASSIGNMENT((#469));
#9114=IFCSTYLEDITEM(#9110,(#9113),'Raum');
#9115=IFCOWNERHISTORY(#3,#4,.READWRITE.,.ADDED.,1791469322,#3,#4,1791469322);
#9116=IFCELEMENTQUANTITY('3F7uko63H0A8SYBhpFEox6',#9115,'BaseQuantities',$,'BaseQuantities',(#9119,#9120,#9121));
#9117=IFCOWNERHISTORY(#3,#4,.READWRITE.,.ADDED.,1791469322,#3,#4,1791469322);
#9118=IFCRELDEFINESBYPROPERTIES('0lBzddmk94l9LWM8XPJiKY',#9117,$,$,(#9092),#9116);
#9119=IFCQUANTITYAREA('NetFloorArea',$,$,8.2);
#9120=IFCQUANTITYAREA('GrossFloorArea',$,$,8.2);
#9121=IFCQUANTITYLENGTH('Height',$,$,2.75);
#9122=IFCOWNERHISTORY(#3,#4,.READWRITE.,.ADDED.,1791469322,#3,#4,1791469322);
#9123=IFCPROPERTYSET('1SC2E66QP5t8EP5JI8olQ8',#9122,'Pset_SpaceCommon',$,(#9126,#9127));
#9124=IFCOWNERHISTORY(#3,#4,.READWRITE.,.ADDED.,1791469322,#3,#4,1791469322);
#9125=IFCRELDEFINESBYPROPERTIES('0UKvc06IH3thgKqoeentk0',#9124,$,$,(#9092),#9123);
#9126=IFCPROPERTYSINGLEVALUE('Reference',$,IFCIDENTIFIER('Bad'),$);
#9127=IFCPROPERTYSINGLEVALUE('IsExternal',$,IFCBOOLEAN(.F.),$);
#9128=IFCOWNERHISTORY(#3,#4,.READWRITE.,.ADDED.,1791469322,#3,#4,1791469322);
#9129=IFCPROPERTYSET('39sywSXqvDHAMXpXjEw08i',#9128,'Oberhofer_Info',$,(#9132,#9133));
#9130=IFCOWNERHISTORY(#3,#4,.READWRITE.,.ADDED.,1791469322,#3,#4,1791469322);
#9131=IFCRELDEFINESBYPROPERTIES('3_f8kZKaT7buB6LZaEiD4A',#9130,$,$,(#9092),#9129);
#9132=IFCPROPERTYSINGLEVALUE('Status',$,IFCLABEL('Neubau Vorentwurf V1'),$);
#9133=IFCPROPERTYSINGLEVALUE('Quelle',$,IFCLABEL('Raumteilung \X2\201E\X0\_Neubau 0.1.5\X2\201C\X0\ skaliert, Rechteck-N\X2\00E4\X0\herung'),$);
#9134=IFCOWNERHISTORY(#3,#4,.READWRITE.,.MODIFIED.,1791469322,#3,#4,1791469322);
#9135=IFCSPACE('1h_zaeDNvEFxlOfHpjYB7x',#9134,'R02',$,$,#9140,#9153,'Ankleide',.ELEMENT.,.INTERNAL.,$);
#9136=IFCCARTESIANPOINT((0.,0.,0.));
#9137=IFCDIRECTION((0.,0.,1.));
#9138=IFCDIRECTION((1.,0.,0.));
#9139=IFCAXIS2PLACEMENT3D(#9136,#9137,#9138);
#9140=IFCLOCALPLACEMENT(#134,#9139);
#9141=IFCCARTESIANPOINT((-15.482901924380974,25.847148549238717));
#9142=IFCCARTESIANPOINT((-12.794206348730341,27.95658083167532));
#9143=IFCCARTESIANPOINT((-14.094726069297462,29.61423139853598));
#9144=IFCCARTESIANPOINT((-16.783421644948092,27.504799116099377));
#9145=IFCCARTESIANPOINT((-15.482901924380974,25.847148549238717));
#9146=IFCPOLYLINE((#9141,#9142,#9143,#9144,#9145));
#9147=IFCARBITRARYCLOSEDPROFILEDEF(.AREA.,$,#9146);
#9148=IFCCARTESIANPOINT((0.,0.,0.));
#9149=IFCAXIS2PLACEMENT3D(#9148,$,$);
#9150=IFCDIRECTION((0.,0.,1.));
#9151=IFCEXTRUDEDAREASOLID(#9147,#9149,#9150,2.75);
#9152=IFCSHAPEREPRESENTATION(#20,'Body','SweptSolid',(#9151));
#9153=IFCPRODUCTDEFINITIONSHAPE($,$,(#9152));
#9154=IFCPRESENTATIONSTYLEASSIGNMENT((#469));
#9155=IFCSTYLEDITEM(#9151,(#9154),'Raum');
#9156=IFCOWNERHISTORY(#3,#4,.READWRITE.,.ADDED.,1791469322,#3,#4,1791469322);
#9157=IFCELEMENTQUANTITY('3NXrAneaX5bOuqQZw0L7$i',#9156,'BaseQuantities',$,'BaseQuantities',(#9160,#9161,#9162));
#9158=IFCOWNERHISTORY(#3,#4,.READWRITE.,.ADDED.,1791469322,#3,#4,1791469322);
#9159=IFCRELDEFINESBYPROPERTIES('3$SeQn$dL5Feq7u6TTfKeN',#9158,$,$,(#9135),#9157);
#9160=IFCQUANTITYAREA('NetFloorArea',$,$,7.2);
#9161=IFCQUANTITYAREA('GrossFloorArea',$,$,7.2);
#9162=IFCQUANTITYLENGTH('Height',$,$,2.75);
#9163=IFCOWNERHISTORY(#3,#4,.READWRITE.,.ADDED.,1791469322,#3,#4,1791469322);
#9164=IFCPROPERTYSET('0ierKGcCnAL8PY65EDYwYU',#9163,'Pset_SpaceCommon',$,(#9167,#9168));
#9165=IFCOWNERHISTORY(#3,#4,.READWRITE.,.ADDED.,1791469322,#3,#4,1791469322);
#9166=IFCRELDEFINESBYPROPERTIES('05kBg8Khn4th9UPc3XzDhp',#9165,$,$,(#9135),#9164);
#9167=IFCPROPERTYSINGLEVALUE('Reference',$,IFCIDENTIFIER('Ankleide'),$);
#9168=IFCPROPERTYSINGLEVALUE('IsExternal',$,IFCBOOLEAN(.F.),$);
#9169=IFCOWNERHISTORY(#3,#4,.READWRITE.,.ADDED.,1791469322,#3,#4,1791469322);
#9170=IFCPROPERTYSET('08Mp5ZaEnCpuk87$CSjgW6',#9169,'Oberhofer_Info',$,(#9173,#9174));
#9171=IFCOWNERHISTORY(#3,#4,.READWRITE.,.ADDED.,1791469322,#3,#4,1791469322);
#9172=IFCRELDEFINESBYPROPERTIES('1LHXwUTWz0L8YM3N6XNBzH',#9171,$,$,(#9135),#9170);
#9173=IFCPROPERTYSINGLEVALUE('Status',$,IFCLABEL('Neubau Vorentwurf V1'),$);
#9174=IFCPROPERTYSINGLEVALUE('Quelle',$,IFCLABEL('Raumteilung \X2\201E\X0\_Neubau 0.1.5\X2\201C\X0\ skaliert, Rechteck-N\X2\00E4\X0\herung'),$);
#9175=IFCOWNERHISTORY(#3,#4,.READWRITE.,.MODIFIED.,1791469322,#3,#4,1791469322);
#9176=IFCSPACE('2gz91S9dP1beDzHOslSmQb',#9175,'R03',$,$,#9181,#9194,'Schlafen',.ELEMENT.,.INTERNAL.,$);
#9177=IFCCARTESIANPOINT((0.,0.,0.));
#9178=IFCDIRECTION((0.,0.,1.));
#9179=IFCDIRECTION((1.,0.,0.));
#9180=IFCAXIS2PLACEMENT3D(#9177,#9178,#9179);
#9181=IFCLOCALPLACEMENT(#134,#9180);
#9182=IFCCARTESIANPOINT((-13.087207702283628,22.793581715548008));
#9183=IFCCARTESIANPOINT((-10.398512126632996,24.903013997984612));
#9184=IFCCARTESIANPOINT((-12.794206348730341,27.95658083167532));
#9185=IFCCARTESIANPOINT((-15.482901924380974,25.847148549238717));
#9186=IFCCARTESIANPOINT((-13.087207702283628,22.793581715548008));
#9187=IFCPOLYLINE((#9182,#9183,#9184,#9185,#9186));
#9188=IFCARBITRARYCLOSEDPROFILEDEF(.AREA.,$,#9187);
#9189=IFCCARTESIANPOINT((0.,0.,0.));
#9190=IFCAXIS2PLACEMENT3D(#9189,$,$);
#9191=IFCDIRECTION((0.,0.,1.));
#9192=IFCEXTRUDEDAREASOLID(#9188,#9190,#9191,2.75);
#9193=IFCSHAPEREPRESENTATION(#20,'Body','SweptSolid',(#9192));
#9194=IFCPRODUCTDEFINITIONSHAPE($,$,(#9193));
#9195=IFCPRESENTATIONSTYLEASSIGNMENT((#469));
#9196=IFCSTYLEDITEM(#9192,(#9195),'Raum');
#9197=IFCOWNERHISTORY(#3,#4,.READWRITE.,.ADDED.,1791469322,#3,#4,1791469322);
#9198=IFCELEMENTQUANTITY('0gV9hktVb3Suv$$$u9figv',#9197,'BaseQuantities',$,'BaseQuantities',(#9201,#9202,#9203));
#9199=IFCOWNERHISTORY(#3,#4,.READWRITE.,.ADDED.,1791469322,#3,#4,1791469322);
#9200=IFCRELDEFINESBYPROPERTIES('3ByD5gnnr5twwyHixL5w0b',#9199,$,$,(#9176),#9198);
#9201=IFCQUANTITYAREA('NetFloorArea',$,$,13.3);
#9202=IFCQUANTITYAREA('GrossFloorArea',$,$,13.3);
#9203=IFCQUANTITYLENGTH('Height',$,$,2.75);
#9204=IFCOWNERHISTORY(#3,#4,.READWRITE.,.ADDED.,1791469322,#3,#4,1791469322);
#9205=IFCPROPERTYSET('0zXXuhYi96Neu5OpwMDWYY',#9204,'Pset_SpaceCommon',$,(#9208,#9209));
#9206=IFCOWNERHISTORY(#3,#4,.READWRITE.,.ADDED.,1791469322,#3,#4,1791469322);
#9207=IFCRELDEFINESBYPROPERTIES('01xOKjPODC19aXuXqR2pDk',#9206,$,$,(#9176),#9205);
#9208=IFCPROPERTYSINGLEVALUE('Reference',$,IFCIDENTIFIER('Schlafen'),$);
#9209=IFCPROPERTYSINGLEVALUE('IsExternal',$,IFCBOOLEAN(.F.),$);
#9210=IFCOWNERHISTORY(#3,#4,.READWRITE.,.ADDED.,1791469322,#3,#4,1791469322);
#9211=IFCPROPERTYSET('0SkB8XjXbElfywTLV$LHif',#9210,'Oberhofer_Info',$,(#9214,#9215));
#9212=IFCOWNERHISTORY(#3,#4,.READWRITE.,.ADDED.,1791469322,#3,#4,1791469322);
#9213=IFCRELDEFINESBYPROPERTIES('0kOIJFkF95PxKC7Zy9eXQ7',#9212,$,$,(#9176),#9211);
#9214=IFCPROPERTYSINGLEVALUE('Status',$,IFCLABEL('Neubau Vorentwurf V1'),$);
#9215=IFCPROPERTYSINGLEVALUE('Quelle',$,IFCLABEL('Raumteilung \X2\201E\X0\_Neubau 0.1.5\X2\201C\X0\ skaliert, Rechteck-N\X2\00E4\X0\herung'),$);
#9216=IFCOWNERHISTORY(#3,#4,.READWRITE.,.MODIFIED.,1791469322,#3,#4,1791469322);
#9217=IFCSPACE('06q6GY6AHDdvk9puChE28b',#9216,'R04',$,$,#9222,#9235,'Flur',.ELEMENT.,.INTERNAL.,$);
#9218=IFCCARTESIANPOINT((0.,0.,0.));
#9219=IFCDIRECTION((0.,0.,1.));
#9220=IFCDIRECTION((1.,0.,0.));
#9221=IFCAXIS2PLACEMENT3D(#9218,#9219,#9220);
#9222=IFCLOCALPLACEMENT(#134,#9221);
#9223=IFCCARTESIANPOINT((-10.398512126632996,24.903013997984612));
#9224=IFCCARTESIANPOINT((-9.282742204749166,25.778397999917953));
#9225=IFCCARTESIANPOINT((-14.467708985431274,32.38718907569142));
#9226=IFCCARTESIANPOINT((-15.583478907315104,31.511805073758076));
#9227=IFCCARTESIANPOINT((-10.398512126632996,24.903013997984612));
#9228=IFCPOLYLINE((#9223,#9224,#9225,#9226,#9227));
#9229=IFCARBITRARYCLOSEDPROFILEDEF(.AREA.,$,#9228);
#9230=IFCCARTESIANPOINT((0.,0.,0.));
#9231=IFCAXIS2PLACEMENT3D(#9230,$,$);
#9232=IFCDIRECTION((0.,0.,1.));
#9233=IFCEXTRUDEDAREASOLID(#9229,#9231,#9232,2.75);
#9234=IFCSHAPEREPRESENTATION(#20,'Body','SweptSolid',(#9233));
#9235=IFCPRODUCTDEFINITIONSHAPE($,$,(#9234));
#9236=IFCPRESENTATIONSTYLEASSIGNMENT((#469));
#9237=IFCSTYLEDITEM(#9233,(#9236),'Raum');
#9238=IFCOWNERHISTORY(#3,#4,.READWRITE.,.ADDED.,1791469322,#3,#4,1791469322);
#9239=IFCELEMENTQUANTITY('1h9HKvBez0OeHkfkTDYfyE',#9238,'BaseQuantities',$,'BaseQuantities',(#9242,#9243,#9244));
#9240=IFCOWNERHISTORY(#3,#4,.READWRITE.,.ADDED.,1791469322,#3,#4,1791469322);
#9241=IFCRELDEFINESBYPROPERTIES('2X97RW3q9EKB6KIEYozd4C',#9240,$,$,(#9217),#9239);
#9242=IFCQUANTITYAREA('NetFloorArea',$,$,11.9);
#9243=IFCQUANTITYAREA('GrossFloorArea',$,$,11.9);
#9244=IFCQUANTITYLENGTH('Height',$,$,2.75);
#9245=IFCOWNERHISTORY(#3,#4,.READWRITE.,.ADDED.,1791469322,#3,#4,1791469322);
#9246=IFCPROPERTYSET('3cfoPgcQHC4w_wJSChGhtk',#9245,'Pset_SpaceCommon',$,(#9249,#9250));
#9247=IFCOWNERHISTORY(#3,#4,.READWRITE.,.ADDED.,1791469322,#3,#4,1791469322);
#9248=IFCRELDEFINESBYPROPERTIES('18zBApa5z14xFvf3Ali5Hb',#9247,$,$,(#9217),#9246);
#9249=IFCPROPERTYSINGLEVALUE('Reference',$,IFCIDENTIFIER('Flur'),$);
#9250=IFCPROPERTYSINGLEVALUE('IsExternal',$,IFCBOOLEAN(.F.),$);
#9251=IFCOWNERHISTORY(#3,#4,.READWRITE.,.ADDED.,1791469322,#3,#4,1791469322);
#9252=IFCPROPERTYSET('2cmLNRUPrEK8SgUHNQdY1r',#9251,'Oberhofer_Info',$,(#9255,#9256));
#9253=IFCOWNERHISTORY(#3,#4,.READWRITE.,.ADDED.,1791469322,#3,#4,1791469322);
#9254=IFCRELDEFINESBYPROPERTIES('3RRd3pTq98Xuoorhj993TL',#9253,$,$,(#9217),#9252);
#9255=IFCPROPERTYSINGLEVALUE('Status',$,IFCLABEL('Neubau Vorentwurf V1'),$);
#9256=IFCPROPERTYSINGLEVALUE('Quelle',$,IFCLABEL('Raumteilung \X2\201E\X0\_Neubau 0.1.5\X2\201C\X0\ skaliert, Rechteck-N\X2\00E4\X0\herung'),$);
#9257=IFCOWNERHISTORY(#3,#4,.READWRITE.,.MODIFIED.,1791469322,#3,#4,1791469322);
#9258=IFCSPACE('2DL8ht6c56fQYazt8xdjxS',#9257,'R05',$,$,#9263,#9276,'HWR/Technik',.ELEMENT.,.INTERNAL.,$);
#9259=IFCCARTESIANPOINT((0.,0.,0.));
#9260=IFCDIRECTION((0.,0.,1.));
#9261=IFCDIRECTION((1.,0.,0.));
#9262=IFCAXIS2PLACEMENT3D(#9259,#9260,#9261);
#9263=IFCLOCALPLACEMENT(#134,#9262);
#9264=IFCCARTESIANPOINT((-13.315494145279692,30.918568836630637));
#9265=IFCCARTESIANPOINT((-8.449497541508535,34.73621573395105));
#9266=IFCCARTESIANPOINT((-9.601712381660118,36.20483597301183));
#9267=IFCCARTESIANPOINT((-14.467708985431274,32.38718907569142));
#9268=IFCCARTESIANPOINT((-13.315494145279692,30.918568836630637));
#9269=IFCPOLYLINE((#9264,#9265,#9266,#9267,#9268));
#9270=IFCARBITRARYCLOSEDPROFILEDEF(.AREA.,$,#9269);
#9271=IFCCARTESIANPOINT((0.,0.,0.));
#9272=IFCAXIS2PLACEMENT3D(#9271,$,$);
#9273=IFCDIRECTION((0.,0.,1.));
#9274=IFCEXTRUDEDAREASOLID(#9270,#9272,#9273,2.75);
#9275=IFCSHAPEREPRESENTATION(#20,'Body','SweptSolid',(#9274));
#9276=IFCPRODUCTDEFINITIONSHAPE($,$,(#9275));
#9277=IFCPRESENTATIONSTYLEASSIGNMENT((#469));
#9278=IFCSTYLEDITEM(#9274,(#9277),'Raum');
#9279=IFCOWNERHISTORY(#3,#4,.READWRITE.,.ADDED.,1791469322,#3,#4,1791469322);
#9280=IFCELEMENTQUANTITY('2ghSASZtD02wMKmMi8rzs0',#9279,'BaseQuantities',$,'BaseQuantities',(#9283,#9284,#9285));
#9281=IFCOWNERHISTORY(#3,#4,.READWRITE.,.ADDED.,1791469322,#3,#4,1791469322);
#9282=IFCRELDEFINESBYPROPERTIES('2GxqWw8Hf84BX9E59ca38Z',#9281,$,$,(#9258),#9280);
#9283=IFCQUANTITYAREA('NetFloorArea',$,$,11.5);
#9284=IFCQUANTITYAREA('GrossFloorArea',$,$,11.5);
#9285=IFCQUANTITYLENGTH('Height',$,$,2.75);
#9286=IFCOWNERHISTORY(#3,#4,.READWRITE.,.ADDED.,1791469322,#3,#4,1791469322);
#9287=IFCPROPERTYSET('1ZQsMApSr7T9zxqLhGXEhz',#9286,'Pset_SpaceCommon',$,(#9290,#9291));
#9288=IFCOWNERHISTORY(#3,#4,.READWRITE.,.ADDED.,1791469322,#3,#4,1791469322);
#9289=IFCRELDEFINESBYPROPERTIES('2C7V0trhz9Ihpmj3N52Whb',#9288,$,$,(#9258),#9287);
#9290=IFCPROPERTYSINGLEVALUE('Reference',$,IFCIDENTIFIER('HWR/Technik'),$);
#9291=IFCPROPERTYSINGLEVALUE('IsExternal',$,IFCBOOLEAN(.F.),$);
#9292=IFCOWNERHISTORY(#3,#4,.READWRITE.,.ADDED.,1791469322,#3,#4,1791469322);
#9293=IFCPROPERTYSET('3O7lrxTGf6bhvLewmYZpOl',#9292,'Oberhofer_Info',$,(#9296,#9297));
#9294=IFCOWNERHISTORY(#3,#4,.READWRITE.,.ADDED.,1791469322,#3,#4,1791469322);
#9295=IFCRELDEFINESBYPROPERTIES('3h0qq1Y7T5K9Xbe3NEOhGe',#9294,$,$,(#9258),#9293);
#9296=IFCPROPERTYSINGLEVALUE('Status',$,IFCLABEL('Neubau Vorentwurf V1'),$);
#9297=IFCPROPERTYSINGLEVALUE('Quelle',$,IFCLABEL('Raumteilung \X2\201E\X0\_Neubau 0.1.5\X2\201C\X0\ skaliert, Rechteck-N\X2\00E4\X0\herung'),$);
#9298=IFCOWNERHISTORY(#3,#4,.READWRITE.,.MODIFIED.,1791469322,#3,#4,1791469322);
#9299=IFCSPACE('28ZUkUxOH2ThDd1W2isKuo',#9298,'R06',$,$,#9304,#9317,'WC',.ELEMENT.,.INTERNAL.,$);
#9300=IFCCARTESIANPOINT((0.,0.,0.));
#9301=IFCDIRECTION((0.,0.,1.));
#9302=IFCDIRECTION((1.,0.,0.));
#9303=IFCAXIS2PLACEMENT3D(#9300,#9301,#9302);
#9304=IFCLOCALPLACEMENT(#134,#9303);
#9305=IFCCARTESIANPOINT((-11.050992702011488,28.032221139070614));
#9306=IFCCARTESIANPOINT((-9.152634154361921,29.521589753471087));
#9307=IFCCARTESIANPOINT((-10.698427331000925,31.491867400923905));
#9308=IFCCARTESIANPOINT((-12.596785878650492,30.002498786523432));
#9309=IFCCARTESIANPOINT((-11.050992702011488,28.032221139070614));
#9310=IFCPOLYLINE((#9305,#9306,#9307,#9308,#9309));
#9311=IFCARBITRARYCLOSEDPROFILEDEF(.AREA.,$,#9310);
#9312=IFCCARTESIANPOINT((0.,0.,0.));
#9313=IFCAXIS2PLACEMENT3D(#9312,$,$);
#9314=IFCDIRECTION((0.,0.,1.));
#9315=IFCEXTRUDEDAREASOLID(#9311,#9313,#9314,2.75);
#9316=IFCSHAPEREPRESENTATION(#20,'Body','SweptSolid',(#9315));
#9317=IFCPRODUCTDEFINITIONSHAPE($,$,(#9316));
#9318=IFCPRESENTATIONSTYLEASSIGNMENT((#469));
#9319=IFCSTYLEDITEM(#9315,(#9318),'Raum');
#9320=IFCOWNERHISTORY(#3,#4,.READWRITE.,.ADDED.,1791469322,#3,#4,1791469322);
#9321=IFCELEMENTQUANTITY('2l4xvDMXrBBvP3ybx7VZ2k',#9320,'BaseQuantities',$,'BaseQuantities',(#9324,#9325,#9326));
#9322=IFCOWNERHISTORY(#3,#4,.READWRITE.,.ADDED.,1791469322,#3,#4,1791469322);
#9323=IFCRELDEFINESBYPROPERTIES('031hsCprH4dOYOJK$n1cfG',#9322,$,$,(#9299),#9321);
#9324=IFCQUANTITYAREA('NetFloorArea',$,$,6.);
#9325=IFCQUANTITYAREA('GrossFloorArea',$,$,6.);
#9326=IFCQUANTITYLENGTH('Height',$,$,2.75);
#9327=IFCOWNERHISTORY(#3,#4,.READWRITE.,.ADDED.,1791469322,#3,#4,1791469322);
#9328=IFCPROPERTYSET('1MbZcAh_v7vgh5eOstK2qJ',#9327,'Pset_SpaceCommon',$,(#9331,#9332));
#9329=IFCOWNERHISTORY(#3,#4,.READWRITE.,.ADDED.,1791469322,#3,#4,1791469322);
#9330=IFCRELDEFINESBYPROPERTIES('12mClz_KrEPOwPRlWJGIbA',#9329,$,$,(#9299),#9328);
#9331=IFCPROPERTYSINGLEVALUE('Reference',$,IFCIDENTIFIER('WC'),$);
#9332=IFCPROPERTYSINGLEVALUE('IsExternal',$,IFCBOOLEAN(.F.),$);
#9333=IFCOWNERHISTORY(#3,#4,.READWRITE.,.ADDED.,1791469322,#3,#4,1791469322);
#9334=IFCPROPERTYSET('2tDpuB8YDChOACkDEVhATn',#9333,'Oberhofer_Info',$,(#9337,#9338));
#9335=IFCOWNERHISTORY(#3,#4,.READWRITE.,.ADDED.,1791469322,#3,#4,1791469322);
#9336=IFCRELDEFINESBYPROPERTIES('1lAamu0mPA$9t0bhFqdpj5',#9335,$,$,(#9299),#9334);
#9337=IFCPROPERTYSINGLEVALUE('Status',$,IFCLABEL('Neubau Vorentwurf V1'),$);
#9338=IFCPROPERTYSINGLEVALUE('Quelle',$,IFCLABEL('Raumteilung \X2\201E\X0\_Neubau 0.1.5\X2\201C\X0\ skaliert, Rechteck-N\X2\00E4\X0\herung'),$);
#9339=IFCOWNERHISTORY(#3,#4,.READWRITE.,.MODIFIED.,1791469322,#3,#4,1791469322);
#9340=IFCSPACE('0X$16y7H51lwrP5b67hSkI',#9339,'R07',$,$,#9345,#9358,'Diele',.ELEMENT.,.INTERNAL.,$);
#9341=IFCCARTESIANPOINT((0.,0.,0.));
#9342=IFCDIRECTION((0.,0.,1.));
#9343=IFCDIRECTION((1.,0.,0.));
#9344=IFCAXIS2PLACEMENT3D(#9341,#9342,#9343);
#9345=IFCLOCALPLACEMENT(#134,#9344);
#9346=IFCCARTESIANPOINT((-7.730789274879335,33.82014568384385));
#9347=IFCCARTESIANPOINT((-4.600434771816369,36.27608413371239));
#9348=IFCCARTESIANPOINT((-6.471357878597152,38.66077442288037));
#9349=IFCCARTESIANPOINT((-9.601712381660118,36.20483597301183));
#9350=IFCCARTESIANPOINT((-7.730789274879335,33.82014568384385));
#9351=IFCPOLYLINE((#9346,#9347,#9348,#9349,#9350));
#9352=IFCARBITRARYCLOSEDPROFILEDEF(.AREA.,$,#9351);
#9353=IFCCARTESIANPOINT((0.,0.,0.));
#9354=IFCAXIS2PLACEMENT3D(#9353,$,$);
#9355=IFCDIRECTION((0.,0.,1.));
#9356=IFCEXTRUDEDAREASOLID(#9352,#9354,#9355,2.75);
#9357=IFCSHAPEREPRESENTATION(#20,'Body','SweptSolid',(#9356));
#9358=IFCPRODUCTDEFINITIONSHAPE($,$,(#9357));
#9359=IFCPRESENTATIONSTYLEASSIGNMENT((#469));
#9360=IFCSTYLEDITEM(#9356,(#9359),'Raum');
#9361=IFCOWNERHISTORY(#3,#4,.READWRITE.,.ADDED.,1791469322,#3,#4,1791469322);
#9362=IFCELEMENTQUANTITY('0zilXDZGH4dxCcVQfA0tPF',#9361,'BaseQuantities',$,'BaseQuantities',(#9365,#9366,#9367));
#9363=IFCOWNERHISTORY(#3,#4,.READWRITE.,.ADDED.,1791469322,#3,#4,1791469322);
#9364=IFCRELDEFINESBYPROPERTIES('3veIIJT6D7yvAW7XJTiH6G',#9363,$,$,(#9340),#9362);
#9365=IFCQUANTITYAREA('NetFloorArea',$,$,12.1);
#9366=IFCQUANTITYAREA('GrossFloorArea',$,$,12.1);
#9367=IFCQUANTITYLENGTH('Height',$,$,2.75);
#9368=IFCOWNERHISTORY(#3,#4,.READWRITE.,.ADDED.,1791469322,#3,#4,1791469322);
#9369=IFCPROPERTYSET('1vC7K$d2v9KfcOvSnWA4TR',#9368,'Pset_SpaceCommon',$,(#9372,#9373));
#9370=IFCOWNERHISTORY(#3,#4,.READWRITE.,.ADDED.,1791469322,#3,#4,1791469322);
#9371=IFCRELDEFINESBYPROPERTIES('0_nDYoW$1CHO2WXS9C_cjo',#9370,$,$,(#9340),#9369);
#9372=IFCPROPERTYSINGLEVALUE('Reference',$,IFCIDENTIFIER('Diele'),$);
#9373=IFCPROPERTYSINGLEVALUE('IsExternal',$,IFCBOOLEAN(.F.),$);
#9374=IFCOWNERHISTORY(#3,#4,.READWRITE.,.ADDED.,1791469322,#3,#4,1791469322);
#9375=IFCPROPERTYSET('36vnSBNRb9PwXAGS0g_Bop',#9374,'Oberhofer_Info',$,(#9378,#9379));
#9376=IFCOWNERHISTORY(#3,#4,.READWRITE.,.ADDED.,1791469322,#3,#4,1791469322);
#9377=IFCRELDEFINESBYPROPERTIES('1JH4ShIpL1NQHlNe3ltrH3',#9376,$,$,(#9340),#9375);
#9378=IFCPROPERTYSINGLEVALUE('Status',$,IFCLABEL('Neubau Vorentwurf V1'),$);
#9379=IFCPROPERTYSINGLEVALUE('Quelle',$,IFCLABEL('Raumteilung \X2\201E\X0\_Neubau 0.1.5\X2\201C\X0\ skaliert, Rechteck-N\X2\00E4\X0\herung'),$);
#9380=IFCOWNERHISTORY(#3,#4,.READWRITE.,.MODIFIED.,1791469322,#3,#4,1791469322);
#9381=IFCSPACE('1Y3XWIDmL2AA6BJvRMqdSS',#9380,'R08',$,$,#9386,#9399,'Speis',.ELEMENT.,.INTERNAL.,$);
#9382=IFCCARTESIANPOINT((0.,0.,0.));
#9383=IFCDIRECTION((0.,0.,1.));
#9384=IFCDIRECTION((1.,0.,0.));
#9385=IFCAXIS2PLACEMENT3D(#9382,#9383,#9384);
#9386=IFCLOCALPLACEMENT(#134,#9385);
#9387=IFCCARTESIANPOINT((-5.524488257482483,37.45388848385022));
#9388=IFCCARTESIANPOINT((-3.0062575310085595,39.429581543769224));
#9389=IFCCARTESIANPOINT((-3.953127152123228,40.636467482799375));
#9390=IFCCARTESIANPOINT((-6.471357878597152,38.66077442288037));
#9391=IFCCARTESIANPOINT((-5.524488257482483,37.45388848385022));
#9392=IFCPOLYLINE((#9387,#9388,#9389,#9390,#9391));
#9393=IFCARBITRARYCLOSEDPROFILEDEF(.AREA.,$,#9392);
#9394=IFCCARTESIANPOINT((0.,0.,0.));
#9395=IFCAXIS2PLACEMENT3D(#9394,$,$);
#9396=IFCDIRECTION((0.,0.,1.));
#9397=IFCEXTRUDEDAREASOLID(#9393,#9395,#9396,2.75);
#9398=IFCSHAPEREPRESENTATION(#20,'Body','SweptSolid',(#9397));
#9399=IFCPRODUCTDEFINITIONSHAPE($,$,(#9398));
#9400=IFCPRESENTATIONSTYLEASSIGNMENT((#469));
#9401=IFCSTYLEDITEM(#9397,(#9400),'Raum');
#9402=IFCOWNERHISTORY(#3,#4,.READWRITE.,.ADDED.,1791469322,#3,#4,1791469322);
#9403=IFCELEMENTQUANTITY('12GwfK5DvAQx2X50BeTE$$',#9402,'BaseQuantities',$,'BaseQuantities',(#9406,#9407,#9408));
#9404=IFCOWNERHISTORY(#3,#4,.READWRITE.,.ADDED.,1791469322,#3,#4,1791469322);
#9405=IFCRELDEFINESBYPROPERTIES('09btBzreH5CPrLDBdHdbew',#9404,$,$,(#9381),#9403);
#9406=IFCQUANTITYAREA('NetFloorArea',$,$,4.9);
#9407=IFCQUANTITYAREA('GrossFloorArea',$,$,4.9);
#9408=IFCQUANTITYLENGTH('Height',$,$,2.75);
#9409=IFCOWNERHISTORY(#3,#4,.READWRITE.,.ADDED.,1791469322,#3,#4,1791469322);
#9410=IFCPROPERTYSET('0y2F0LL1jA2RM9BFsM6bNS',#9409,'Pset_SpaceCommon',$,(#9413,#9414));
#9411=IFCOWNERHISTORY(#3,#4,.READWRITE.,.ADDED.,1791469322,#3,#4,1791469322);
#9412=IFCRELDEFINESBYPROPERTIES('0RoBhSvIXEU8N4hkTj3iW6',#9411,$,$,(#9381),#9410);
#9413=IFCPROPERTYSINGLEVALUE('Reference',$,IFCIDENTIFIER('Speis'),$);
#9414=IFCPROPERTYSINGLEVALUE('IsExternal',$,IFCBOOLEAN(.F.),$);
#9415=IFCOWNERHISTORY(#3,#4,.READWRITE.,.ADDED.,1791469322,#3,#4,1791469322);
#9416=IFCPROPERTYSET('3hPZQEmTL7yPIP7bhMhLnO',#9415,'Oberhofer_Info',$,(#9419,#9420));
#9417=IFCOWNERHISTORY(#3,#4,.READWRITE.,.ADDED.,1791469322,#3,#4,1791469322);
#9418=IFCRELDEFINESBYPROPERTIES('2P7pq9qUzEcON6NHr6y1mF',#9417,$,$,(#9381),#9416);
#9419=IFCPROPERTYSINGLEVALUE('Status',$,IFCLABEL('Neubau Vorentwurf V1'),$);
#9420=IFCPROPERTYSINGLEVALUE('Quelle',$,IFCLABEL('Raumteilung \X2\201E\X0\_Neubau 0.1.5\X2\201C\X0\ skaliert, Rechteck-N\X2\00E4\X0\herung'),$);
#9421=IFCOWNERHISTORY(#3,#4,.READWRITE.,.MODIFIED.,1791469322,#3,#4,1791469322);
#9422=IFCSPACE('0me$VCRJz3A9bmRk5vlm97',#9421,'R09',$,$,#9427,#9440,'K\X2\00FC\X0\che',.ELEMENT.,.INTERNAL.,$);
#9423=IFCCARTESIANPOINT((0.,0.,0.));
#9424=IFCDIRECTION((0.,0.,1.));
#9425=IFCDIRECTION((1.,0.,0.));
#9426=IFCAXIS2PLACEMENT3D(#9423,#9424,#9425);
#9427=IFCLOCALPLACEMENT(#134,#9426);
#9428=IFCCARTESIANPOINT((-3.972991046981347,35.476340439174336));
#9429=IFCCARTESIANPOINT((-1.4547603205074235,37.45203349909334));
#9430=IFCCARTESIANPOINT((-3.0062575310085595,39.429581543769224));
#9431=IFCCARTESIANPOINT((-5.524488257482483,37.45388848385022));
#9432=IFCCARTESIANPOINT((-3.972991046981347,35.476340439174336));
#9433=IFCPOLYLINE((#9428,#9429,#9430,#9431,#9432));
#9434=IFCARBITRARYCLOSEDPROFILEDEF(.AREA.,$,#9433);
#9435=IFCCARTESIANPOINT((0.,0.,0.));
#9436=IFCAXIS2PLACEMENT3D(#9435,$,$);
#9437=IFCDIRECTION((0.,0.,1.));
#9438=IFCEXTRUDEDAREASOLID(#9434,#9436,#9437,2.75);
#9439=IFCSHAPEREPRESENTATION(#20,'Body','SweptSolid',(#9438));
#9440=IFCPRODUCTDEFINITIONSHAPE($,$,(#9439));
#9441=IFCPRESENTATIONSTYLEASSIGNMENT((#469));
#9442=IFCSTYLEDITEM(#9438,(#9441),'Raum');
#9443=IFCOWNERHISTORY(#3,#4,.READWRITE.,.ADDED.,1791469322,#3,#4,1791469322);
#9444=IFCELEMENTQUANTITY('0t3M3OJaD1OhQ2epsQpXkx',#9443,'BaseQuantities',$,'BaseQuantities',(#9447,#9448,#9449));
#9445=IFCOWNERHISTORY(#3,#4,.READWRITE.,.ADDED.,1791469322,#3,#4,1791469322);
#9446=IFCRELDEFINESBYPROPERTIES('2VqSs$d4b2ngYgRRZyuuMB',#9445,$,$,(#9422),#9444);
#9447=IFCQUANTITYAREA('NetFloorArea',$,$,8.);
#9448=IFCQUANTITYAREA('GrossFloorArea',$,$,8.);
#9449=IFCQUANTITYLENGTH('Height',$,$,2.75);
#9450=IFCOWNERHISTORY(#3,#4,.READWRITE.,.ADDED.,1791469322,#3,#4,1791469322);
#9451=IFCPROPERTYSET('1ZZ6gCsUP6oBjxj2jaHy8i',#9450,'Pset_SpaceCommon',$,(#9454,#9455));
#9452=IFCOWNERHISTORY(#3,#4,.READWRITE.,.ADDED.,1791469322,#3,#4,1791469322);
#9453=IFCRELDEFINESBYPROPERTIES('0MYZtXZh56Hvs6Cu8_EX7z',#9452,$,$,(#9422),#9451);
#9454=IFCPROPERTYSINGLEVALUE('Reference',$,IFCIDENTIFIER('K\X2\00FC\X0\che'),$);
#9455=IFCPROPERTYSINGLEVALUE('IsExternal',$,IFCBOOLEAN(.F.),$);
#9456=IFCOWNERHISTORY(#3,#4,.READWRITE.,.ADDED.,1791469322,#3,#4,1791469322);
#9457=IFCPROPERTYSET('2foEwD7Kv3YP3rYzCStHqb',#9456,'Oberhofer_Info',$,(#9460,#9461));
#9458=IFCOWNERHISTORY(#3,#4,.READWRITE.,.ADDED.,1791469322,#3,#4,1791469322);
#9459=IFCRELDEFINESBYPROPERTIES('3bEus463vAvPkDXIhtcfM1',#9458,$,$,(#9422),#9457);
#9460=IFCPROPERTYSINGLEVALUE('Status',$,IFCLABEL('Neubau Vorentwurf V1'),$);
#9461=IFCPROPERTYSINGLEVALUE('Quelle',$,IFCLABEL('Raumteilung \X2\201E\X0\_Neubau 0.1.5\X2\201C\X0\ skaliert, Rechteck-N\X2\00E4\X0\herung'),$);
#9462=IFCOWNERHISTORY(#3,#4,.READWRITE.,.MODIFIED.,1791469322,#3,#4,1791469322);
#9463=IFCSPACE('0M$QABZ_bBbwSqQUGnBYdm',#9462,'R10',$,$,#9468,#9481,'Wohnen',.ELEMENT.,.INTERNAL.,$);
#9464=IFCCARTESIANPOINT((0.,0.,0.));
#9465=IFCDIRECTION((0.,0.,1.));
#9466=IFCDIRECTION((1.,0.,0.));
#9467=IFCAXIS2PLACEMENT3D(#9464,#9465,#9466);
#9468=IFCLOCALPLACEMENT(#134,#9467);
#9469=IFCCARTESIANPOINT((-7.384383657099599,27.267766614318425));
#9470=IFCCARTESIANPOINT((-3.5876665618004466,30.246503843119388));
#9471=IFCCARTESIANPOINT((-6.901710235701772,34.47060462972487));
#9472=IFCCARTESIANPOINT((-10.698427331000925,31.491867400923905));
#9473=IFCCARTESIANPOINT((-7.384383657099599,27.267766614318425));
#9474=IFCPOLYLINE((#9469,#9470,#9471,#9472,#9473));
#9475=IFCARBITRARYCLOSEDPROFILEDEF(.AREA.,$,#9474);
#9476=IFCCARTESIANPOINT((0.,0.,0.));
#9477=IFCAXIS2PLACEMENT3D(#9476,$,$);
#9478=IFCDIRECTION((0.,0.,1.));
#9479=IFCEXTRUDEDAREASOLID(#9475,#9477,#9478,2.75);
#9480=IFCSHAPEREPRESENTATION(#20,'Body','SweptSolid',(#9479));
#9481=IFCPRODUCTDEFINITIONSHAPE($,$,(#9480));
#9482=IFCPRESENTATIONSTYLEASSIGNMENT((#469));
#9483=IFCSTYLEDITEM(#9479,(#9482),'Raum');
#9484=IFCOWNERHISTORY(#3,#4,.READWRITE.,.ADDED.,1791469322,#3,#4,1791469322);
#9485=IFCELEMENTQUANTITY('2HVoTODK991fdCHxh_GTg_',#9484,'BaseQuantities',$,'BaseQuantities',(#9488,#9489,#9490));
#9486=IFCOWNERHISTORY(#3,#4,.READWRITE.,.ADDED.,1791469322,#3,#4,1791469322);
#9487=IFCRELDEFINESBYPROPERTIES('0qVdT973PBQfboDTBYfnY_',#9486,$,$,(#9463),#9485);
#9488=IFCQUANTITYAREA('NetFloorArea',$,$,25.9);
#9489=IFCQUANTITYAREA('GrossFloorArea',$,$,25.9);
#9490=IFCQUANTITYLENGTH('Height',$,$,2.75);
#9491=IFCOWNERHISTORY(#3,#4,.READWRITE.,.ADDED.,1791469322,#3,#4,1791469322);
#9492=IFCPROPERTYSET('0v9oXyP8D5Jhageip6BjTU',#9491,'Pset_SpaceCommon',$,(#9495,#9496));
#9493=IFCOWNERHISTORY(#3,#4,.READWRITE.,.ADDED.,1791469322,#3,#4,1791469322);
#9494=IFCRELDEFINESBYPROPERTIES('0JdQgJ0uH3Sggz38NgS8xL',#9493,$,$,(#9463),#9492);
#9495=IFCPROPERTYSINGLEVALUE('Reference',$,IFCIDENTIFIER('Wohnen'),$);
#9496=IFCPROPERTYSINGLEVALUE('IsExternal',$,IFCBOOLEAN(.F.),$);
#9497=IFCOWNERHISTORY(#3,#4,.READWRITE.,.ADDED.,1791469322,#3,#4,1791469322);
#9498=IFCPROPERTYSET('0yBnYv025AMfFToe$GwZQ_',#9497,'Oberhofer_Info',$,(#9501,#9502));
#9499=IFCOWNERHISTORY(#3,#4,.READWRITE.,.ADDED.,1791469322,#3,#4,1791469322);
#9500=IFCRELDEFINESBYPROPERTIES('2J_n$OM7bAIgO7vPHAKgh3',#9499,$,$,(#9463),#9498);
#9501=IFCPROPERTYSINGLEVALUE('Status',$,IFCLABEL('Neubau Vorentwurf V1'),$);
#9502=IFCPROPERTYSINGLEVALUE('Quelle',$,IFCLABEL('Raumteilung \X2\201E\X0\_Neubau 0.1.5\X2\201C\X0\ skaliert, Rechteck-N\X2\00E4\X0\herung'),$);
#9503=IFCOWNERHISTORY(#3,#4,.READWRITE.,.MODIFIED.,1791469322,#3,#4,1791469322);
#9504=IFCSPACE('3623_PlKfBiv7VbtGDs_Nr',#9503,'R11',$,$,#9509,#9522,'Essen',.ELEMENT.,.INTERNAL.,$);
#9505=IFCCARTESIANPOINT((0.,0.,0.));
#9506=IFCDIRECTION((0.,0.,1.));
#9507=IFCDIRECTION((1.,0.,0.));
#9508=IFCAXIS2PLACEMENT3D(#9505,#9506,#9507);
#9509=IFCLOCALPLACEMENT(#134,#9508);
#9510=IFCCARTESIANPOINT((-3.5876665618004466,30.246503843119388));
#9511=IFCCARTESIANPOINT((1.2318396285588804,34.02767640702591));
#9512=IFCCARTESIANPOINT((-1.4547603205074235,37.45203349909334));
#9513=IFCCARTESIANPOINT((-6.274266510866751,33.670860935186816));
#9514=IFCCARTESIANPOINT((-3.5876665618004466,30.246503843119388));
#9515=IFCPOLYLINE((#9510,#9511,#9512,#9513,#9514));
#9516=IFCARBITRARYCLOSEDPROFILEDEF(.AREA.,$,#9515);
#9517=IFCCARTESIANPOINT((0.,0.,0.));
#9518=IFCAXIS2PLACEMENT3D(#9517,$,$);
#9519=IFCDIRECTION((0.,0.,1.));
#9520=IFCEXTRUDEDAREASOLID(#9516,#9518,#9519,2.75);
#9521=IFCSHAPEREPRESENTATION(#20,'Body','SweptSolid',(#9520));
#9522=IFCPRODUCTDEFINITIONSHAPE($,$,(#9521));
#9523=IFCPRESENTATIONSTYLEASSIGNMENT((#469));
#9524=IFCSTYLEDITEM(#9520,(#9523),'Raum');
#9525=IFCOWNERHISTORY(#3,#4,.READWRITE.,.ADDED.,1791469322,#3,#4,1791469322);
#9526=IFCELEMENTQUANTITY('3TMtbFlx1Cnv4Ua77aolZ0',#9525,'BaseQuantities',$,'BaseQuantities',(#9529,#9530,#9531));
#9527=IFCOWNERHISTORY(#3,#4,.READWRITE.,.ADDED.,1791469322,#3,#4,1791469322);
#9528=IFCRELDEFINESBYPROPERTIES('17HC3sNe964xFC12gPcpCQ',#9527,$,$,(#9504),#9526);
#9529=IFCQUANTITYAREA('NetFloorArea',$,$,26.7);
#9530=IFCQUANTITYAREA('GrossFloorArea',$,$,26.7);
#9531=IFCQUANTITYLENGTH('Height',$,$,2.75);
#9532=IFCOWNERHISTORY(#3,#4,.READWRITE.,.ADDED.,1791469322,#3,#4,1791469322);
#9533=IFCPROPERTYSET('2c0HUc5$vD8wwA$W2nsBgM',#9532,'Pset_SpaceCommon',$,(#9536,#9537));
#9534=IFCOWNERHISTORY(#3,#4,.READWRITE.,.ADDED.,1791469322,#3,#4,1791469322);
#9535=IFCRELDEFINESBYPROPERTIES('3GGGat5aX5HBU7fiQ2Qwxk',#9534,$,$,(#9504),#9533);
#9536=IFCPROPERTYSINGLEVALUE('Reference',$,IFCIDENTIFIER('Essen'),$);
#9537=IFCPROPERTYSINGLEVALUE('IsExternal',$,IFCBOOLEAN(.F.),$);
#9538=IFCOWNERHISTORY(#3,#4,.READWRITE.,.ADDED.,1791469322,#3,#4,1791469322);
#9539=IFCPROPERTYSET('1FMfDhbdv3rvmqxCgQMo9O',#9538,'Oberhofer_Info',$,(#9542,#9543));
#9540=IFCOWNERHISTORY(#3,#4,.READWRITE.,.ADDED.,1791469322,#3,#4,1791469322);
#9541=IFCRELDEFINESBYPROPERTIES('3X6_CPOx5ApAfDN_DnBpuD',#9540,$,$,(#9504),#9539);
#9542=IFCPROPERTYSINGLEVALUE('Status',$,IFCLABEL('Neubau Vorentwurf V1'),$);
#9543=IFCPROPERTYSINGLEVALUE('Quelle',$,IFCLABEL('Raumteilung \X2\201E\X0\_Neubau 0.1.5\X2\201C\X0\ skaliert, Rechteck-N\X2\00E4\X0\herung'),$);
#9544=IFCOWNERHISTORY(#3,#4,.READWRITE.,.MODIFIED.,1791469322,#3,#4,1791469322);
#9545=IFCSPACE('187FnJn018E98$KEmqzsCJ',#9544,'R12',$,$,#9550,#9563,'Nische',.ELEMENT.,.INTERNAL.,$);
#9546=IFCCARTESIANPOINT((0.,0.,0.));
#9547=IFCDIRECTION((0.,0.,1.));
#9548=IFCDIRECTION((1.,0.,0.));
#9549=IFCAXIS2PLACEMENT3D(#9546,#9547,#9548);
#9550=IFCLOCALPLACEMENT(#134,#9549);
#9551=IFCCARTESIANPOINT((-9.279285225290344,25.781110193941032));
#9552=IFCCARTESIANPOINT((-7.3831915952172436,27.26870185363673));
#9553=IFCCARTESIANPOINT((-9.148549332449484,29.518837862769125));
#9554=IFCCARTESIANPOINT((-11.044642962522587,28.031246203073426));
#9555=IFCCARTESIANPOINT((-9.279285225290344,25.781110193941032));
#9556=IFCPOLYLINE((#9551,#9552,#9553,#9554,#9555));
#9557=IFCARBITRARYCLOSEDPROFILEDEF(.AREA.,$,#9556);
#9558=IFCCARTESIANPOINT((0.,0.,0.));
#9559=IFCAXIS2PLACEMENT3D(#9558,$,$);
#9560=IFCDIRECTION((0.,0.,1.));
#9561=IFCEXTRUDEDAREASOLID(#9557,#9559,#9560,2.75);
#9562=IFCSHAPEREPRESENTATION(#20,'Body','SweptSolid',(#9561));
#9563=IFCPRODUCTDEFINITIONSHAPE($,$,(#9562));
#9564=IFCPRESENTATIONSTYLEASSIGNMENT((#469));
#9565=IFCSTYLEDITEM(#9561,(#9564),'Raum');
#9566=IFCOWNERHISTORY(#3,#4,.READWRITE.,.ADDED.,1791469322,#3,#4,1791469322);
#9567=IFCELEMENTQUANTITY('3hJng57QL6iOnvg3aoaMNq',#9566,'BaseQuantities',$,'BaseQuantities',(#9570,#9571,#9572));
#9568=IFCOWNERHISTORY(#3,#4,.READWRITE.,.ADDED.,1791469322,#3,#4,1791469322);
#9569=IFCRELDEFINESBYPROPERTIES('3UCksKQuT4XO5bOm7uyJAj',#9568,$,$,(#9545),#9567);
#9570=IFCQUANTITYAREA('NetFloorArea',$,$,6.9);
#9571=IFCQUANTITYAREA('GrossFloorArea',$,$,6.9);
#9572=IFCQUANTITYLENGTH('Height',$,$,2.75);
#9573=IFCOWNERHISTORY(#3,#4,.READWRITE.,.ADDED.,1791469322,#3,#4,1791469322);
#9574=IFCPROPERTYSET('2HrWO4NVr9wAufzvxpctF7',#9573,'Pset_SpaceCommon',$,(#9577,#9578));
#9575=IFCOWNERHISTORY(#3,#4,.READWRITE.,.ADDED.,1791469322,#3,#4,1791469322);
#9576=IFCRELDEFINESBYPROPERTIES('0spueWEwH1gOysu31_VoeC',#9575,$,$,(#9545),#9574);
#9577=IFCPROPERTYSINGLEVALUE('Reference',$,IFCIDENTIFIER('Nische'),$);
#9578=IFCPROPERTYSINGLEVALUE('IsExternal',$,IFCBOOLEAN(.F.),$);
#9579=IFCOWNERHISTORY(#3,#4,.READWRITE.,.ADDED.,1791469322,#3,#4,1791469322);
#9580=IFCPROPERTYSET('1Yg_cvynb1ZxUDsy0iUJYv',#9579,'Oberhofer_Info',$,(#9583,#9584));
#9581=IFCOWNERHISTORY(#3,#4,.READWRITE.,.ADDED.,1791469322,#3,#4,1791469322);
#9582=IFCRELDEFINESBYPROPERTIES('3SbnaLd852jR$mUAxaCIa0',#9581,$,$,(#9545),#9580);
#9583=IFCPROPERTYSINGLEVALUE('Status',$,IFCLABEL('Neubau Vorentwurf V1'),$);
#9584=IFCPROPERTYSINGLEVALUE('Quelle',$,IFCLABEL('Raumteilung \X2\201E\X0\_Neubau 0.1.5\X2\201C\X0\ skaliert, Rechteck-N\X2\00E4\X0\herung'),$);
#9585=IFCOWNERHISTORY(#3,#4,.READWRITE.,.ADDED.,1791469322,#3,#4,1791469322);
ENDSEC;
END-ISO-10303-21;
